tweet_id_customer,text_customer,tweet_id_amazon,text_amazon,created_at_customer,created_at_amazon
1721608,@119959 @115828 I preordered this game 14 months ago just to be sent it for the wrong console. FML... https://t.co/EMBHygMbOL,1721607,@520984 I'm sorry for the mix-up! Please contact us so we can look into this and review options: https://t.co/hApLpMlfHN ^WT,Tue Oct 17 18:22:07 +0000 2017,Tue Oct 17 18:30:46 +0000 2017
665592,@AmazonHelp 2ème colis qui devait arriver aujourd'hui et ne le sera pas...C'est quoi votre engagement Prime déjà?,665591,@242837 Que dit le suivi de votre colis s'il vous plaît ? ^MA,Tue Oct 31 16:07:56 +0000 2017,Tue Oct 31 16:14:00 +0000 2017
820663,@115821 are y’all ever gonna transfer my $50 gc on an account you closed without telling me...? jw,820661,"@315479 To confirm, has your account been closed or has it been locked pending account information verification? ^EZ",Thu Oct 12 22:04:34 +0000 2017,Thu Oct 12 22:18:00 +0000 2017
2110004,@115821 dudes. You refunded me for the wrong item. I got my wine. Just not my #reesespeanutbuttercups the wine cost more! I only needed $4!,2110003,"@622478 We greatly appreciate your honesty! Please provide your info here: https://t.co/e1bGy9Xhvk, so we look into this for you. ^JN",Sun Oct 29 02:08:24 +0000 2017,Sun Oct 29 03:21:00 +0000 2017
399101,@AmazonHelp Fuck u then why the hell u r having @AmazonHelp Twitter handle,399100,@210361 Usually the products are delivered by the estimated delivery date. Could you let me know if we've missed it? ^AU,Sun Oct 29 06:14:15 +0000 2017,Sun Oct 29 06:34:32 +0000 2017
379365,@AmazonHelp I had a scheduled furniture assembly yesterday which never happened. Upon calling the customer care they could not help much apart.,379369,"@206017 Apologies for the delay, I'd like to look into this, kindly drop in your details here:https://t.co/beaaDm0muc and 1/2 ^EM",Mon Oct 09 06:57:50 +0000 2017,Mon Oct 09 07:49:00 +0000 2017
2262990,@115821 don’t tell me I got guaranteed delivery and then change the date the day I’m supposed to get everything 😤,2262988,@229000 I'm sorry to hear about this! Have you received an e-mail regarding any type of delay? ^VB,Mon Nov 20 23:43:51 +0000 2017,Mon Nov 20 23:49:55 +0000 2017
457656,@AmazonHelp Amazon shipping.,457654,@119036 Thanks for confirming with us! We'd like to look into this with you in more detail. Please reach out to us here: https://t.co/JzP7hlA23B so we can investigate! ^VB,Fri Dec 01 00:43:19 +0000 2017,Fri Dec 01 00:55:00 +0000 2017
1856105,@AmazonHelp just had chat with a representative and got assured delivery by 5 pm today. Lets see what happens....,1856107,@555171 Thanks. Do keep us posted. ^HK,Wed Oct 18 07:58:46 +0000 2017,Wed Oct 18 08:29:38 +0000 2017
1290402,@AmazonHelp My lights all appear here but my Dots do not. Should this be where I select them to add? https://t.co/L7OX9LKLlD,1290404,"@421770 Hello, Alanna! We want to help! Contact us here so we can get your Smart Home set up: https://t.co/hApLpMlfHN ^EA",Thu Oct 26 20:54:47 +0000 2017,Thu Oct 26 21:16:00 +0000 2017
2113644,@AmazonHelp It was a prime delivery option so should have had it Monday! Still says it’s out for delivery! You’ve also lost another parcel as well 👍🏼,2113646,"@623202 Give us a call, Chelsey, and we'll get this taken care of for you. Here's a link to help:  https://t.co/JzP7hlA23B ^EM",Wed Nov 08 20:55:51 +0000 2017,Wed Nov 08 21:00:01 +0000 2017
485273,@AmazonHelp A special amazon line will be contacting me after a 24 hour investigation.. 3 days ago,485275,@230457 Have you checked your emails to see if there was an email update? I would recommend checking the spam folders as well as the inbox.^BZ,Fri Dec 01 15:36:45 +0000 2017,Fri Dec 01 15:40:36 +0000 2017
1177151,@115821 your cust.service just implied that my missing items are my fault for living somewhere unsafe. Poor people dont deserve to get mail?,1177148,"@396878 That's certainly not the experience we want for our customers. To escalate this, please fill out: https://t.co/YR1ZlJwzJJ ^BE",Wed Oct 25 00:21:28 +0000 2017,Wed Oct 25 00:57:00 +0000 2017
109807,"@AmazonHelp Hablo para que me hagan los reembolsos, me llega el correo de que ya quedó y en unas horas diciéndome que no se pudo hacer efectivo pues necesitan más información, y se vuelve a repetir el ciclo.",109809,@140383 Sentimos los inconvenientes con esta situación. ¿Podrías indicarnos si los productos son vendidos directamente por Amazon o si han sido vendidos por un vendedor externo?  ^PC,Thu Nov 23 20:11:10 +0000 2017,Thu Nov 23 20:15:28 +0000 2017
1252203,"@AmazonHelp haven't got the cashback for the 1st Recharge via Amazon pay, it's being 15 days now, the recharge was meant for @120602",1252201,@413738 Apologies for the delay. May I know if you've reported this to our support team? ^EM,Thu Oct 26 04:52:35 +0000 2017,Thu Oct 26 05:16:49 +0000 2017
2804319,@AmazonHelp 毎週お世話になってます🙏🙏,2804321,@782199 これからもよろしくお願いいたします！！🙏🙏🙏✨✨,Wed Nov 22 02:34:37 +0000 2017,Wed Nov 22 02:40:30 +0000 2017
2608096,"@AmazonHelp No message, just a blank screen. Was working fine then just stopped. Is working on iPad just not tv",2608098,@737745 Have you checked for software/firmware updates? Other troubleshooting steps can be found here: https://t.co/FWB4Swd4IW ^AM,Mon Oct 30 21:58:25 +0000 2017,Mon Oct 30 22:10:15 +0000 2017
2830675,"Pre-orders are all well and good, @115830, but not when you immediately go out of stock of that item... and then won’t allow the order to be cancelled! https://t.co/lwpqSPVHGb",2830673,"@788217 HI, I'm sorry to hear of this. Could you try another browser and let us know if you encounter the same issue? ^KI",Mon Nov 27 12:59:26 +0000 2017,Mon Nov 27 13:03:37 +0000 2017
2470068,@AmazonHelp Please find all details of order no. 405-3693108-4127531.,2470067,@706547 We'll not be able to check your information over Twitter. We'd like to know more about  this. Kindly share your details here: https://t.co/beaaDm0muc . Please don't provide your order details as we consider it to be personal info. Our page is visible to the public. ^GK,Wed Nov 15 10:58:30 +0000 2017,Wed Nov 15 11:12:26 +0000 2017
1477275,"@AmazonHelp The advisor said it was a duplicated order and they'd resolve it, but it's still showing ... https://t.co/ilOLeYn8J7",1477277,"@182725 Thanks for the update. To confirm that this has been resolved, please contact us here: https://t.co/bDe2KyL3RU ^SE",Mon Oct 16 21:16:03 +0000 2017,Mon Oct 16 21:35:07 +0000 2017
62415,@117086 EU TE VENEROOOOOO MEUS LIVROS JÁ CHEGARAM SCRR,62414,"@130298 Oi verô, que felicidade! 😍 Quais livros você comprou? ^AZ",Sat Nov 25 16:28:38 +0000 2017,Sat Nov 25 16:32:54 +0000 2017
547962,@115851 @115821 Amanda in your leadership team in your Oregon call center cost you a customer. Everything is canceled. Great Job Amazon!,547961,"@147716 Eric, I'm sorry for the experience you've had and we want to help! Would you please give us the details of what happened? Also, please refrain from providing personal or account details. ^MW",Sat Dec 02 17:52:35 +0000 2017,Sat Dec 02 18:03:00 +0000 2017
2529310,"@116618 can you please let us buffer the video? I let the web page open for an hour, hoping the little HD icon would light up, in vain. I don't wanna watch content in 360p under the pretense that my internet connection is too slow for 1080p stream without buffer.",2529309,"@720103 Thanks for reaching out. We're here to help! Have you tried the troubleshooting steps listed here: https://t.co/HePT2g8air 

-Susan T.",Thu Nov 16 06:09:49 +0000 2017,Thu Nov 16 06:20:52 +0000 2017
1668879,@117086 e @263285 faz um aplicativo fora da Playstore com suporte ao Android TV ou começa a vender o Firestick por aqui também.,1668878,"@508184 Ricardo, ainda não temos previsão mas suas sugestões nos ajudarão a melhorar nossa loja ^VL",Mon Nov 06 12:24:32 +0000 2017,Mon Nov 06 12:27:42 +0000 2017
2671599,"@AmazonHelp My mobile number listed is 9673101122, but u can reach me on 9818601122",2671601,@120032 Thanks for the heads-up! Did you happen to share your preference on the link provided earlier? (1/2),Tue Oct 31 11:32:27 +0000 2017,Tue Oct 31 11:53:35 +0000 2017
1243790,@115821 one question. If i buy Amazon Fire HD Tablet with Special Offers I can in the future pay 10 more GBP to remove ads? #Amazon #FireHD,1243788,@411802 You'll have the option to remove Special Offers for a 10GBP fee whenever you'd like! More info here: https://t.co/muPVkgX9JY ^WT,Wed Oct 25 23:14:51 +0000 2017,Wed Oct 25 23:38:20 +0000 2017
2884194,@AmazonHelp I guess you asking me wasn't to actually help me. Maybe it was just to make the appearance of helping me?,2884196,"@800073 Unfortunately we do not have access to your account or details via Twitter, but we'd still like to help! Please reach out to us here: https://t.co/JzP7hlA23B so we can look into this together.  -Shal C.",Tue Nov 28 16:37:58 +0000 2017,Tue Nov 28 16:48:32 +0000 2017
2922466,@AmazonHelp (ಠ_ಠ) Didnt realize your couriers needed reminders about basic fire safety.,2922468,@808782 Please contact us here via phone or chat so we can look into this with you: https://t.co/dNXwBZPiM6 ^GG,Wed Nov 29 02:17:04 +0000 2017,Wed Nov 29 02:22:00 +0000 2017
1613582,"@115850 Need help, with the status on two refunds. Been a month already since I sent the shipment back. Thanks.",1613579,"@495001 Did you happen to report this to our support team? If not, do report it here: https://t.co/vlvfJr4nN9 (2/2) ^GD",Sun Nov 05 12:38:53 +0000 2017,Sun Nov 05 12:48:30 +0000 2017
2718032,"@ AmazonFR paid for 22 quantities of VR Headset received confirmation, but only 1 delivered",2718031,"@762842 Hello, sorry for that. Since we don't have access to your account from Twitter, please reach our CS in order to check that for you.
^ARC",Mon Nov 20 07:31:42 +0000 2017,Mon Nov 20 07:41:25 +0000 2017
2132832,"@AmazonHelp Says looks like it's lost, check the the options below. But there aren't any!",2132830,@627582 Oh dear! We are here to help! What options do you see? ^AD,Wed Nov 08 20:14:06 +0000 2017,Wed Nov 08 20:21:31 +0000 2017
2317797,割と長い期間Amazonのプライム会員だけど、本の読み放題あるの今知った。,2317795,@671966 Amazonプライムをご利用いただき、ありがとうございます。様々な特典がございますので、ぜひご活用ください！ https://t.co/k5lbncHlKO EK,Mon Nov 13 09:29:11 +0000 2017,Mon Nov 13 09:40:34 +0000 2017
1416745,@AmazonHelp But can not understand the cause of delay,1416746,@393025 Kindly revert to the correspondence which you have received from us and we will assist you further. ^SM,Mon Oct 16 18:48:59 +0000 2017,Mon Oct 16 19:02:00 +0000 2017
2511569,When nothing you’ve ordered on #AmazonPrime in the past month has actually arrived in two-days. Am I seriously the only one? @115821 https://t.co/Jy0Bin02Cr,2511567,"@715852 This isn't what we like to hear! Just to confirm, are the orders missing the delivery dates provided: https://t.co/Y5jpI9gRhE?  ^EP",Wed Nov 15 23:02:19 +0000 2017,Wed Nov 15 23:09:27 +0000 2017
2816293,@AmazonHelp ordered a JBL CHARGE3 on Black Friday. Unplugged it the first time it does this help!  @164902 maybe you can help too?  I don’t want a return just a new cord. https://t.co/UbEAakQCcI,2816291,@547100 So sorry for the trouble! We're here to help! Have you had the chance to look into available options here: https://t.co/eVeMpO7mHH? ^VB,Mon Nov 27 03:38:19 +0000 2017,Mon Nov 27 03:42:30 +0000 2017
2678794,@AmazonHelp Dans ce cas annulez ma commande et remboursez moi,2678795,@753784 Vous avez la possibilité d'annuler une commande depuis votre compte via: https://t.co/9Bgwmkd3v3 ou en contactant notre SAV ^KE,Tue Oct 31 15:35:26 +0000 2017,Tue Oct 31 15:47:42 +0000 2017
1189739,"@AmazonHelp @115850 Can I know why the pickup is cancelled??
I am done with this bullshit despite you guys apologizing for yesterday's behavior.
Call me. https://t.co/l6JqgynyH0",1189741,"@120780 As this is a social media platform, we can't view your order details. Please share your (1/2)^HR",Thu Oct 26 08:34:50 +0000 2017,Thu Oct 26 09:05:00 +0000 2017
2891947,@115821 I need help! I scanned a $50 gift card on my phone 11/23 and it’s not noted on my account. I noticed yesterday when I went to make a purchase. I sent emails and to no avail. Please help.,2891945,@801640 I'm sorry about the trouble with the Gift Card. We're happy to look into this. Please contact us by phone/chat for real-time help here: https://t.co/hApLpMlfHN ^LI,Tue Nov 28 14:48:20 +0000 2017,Tue Nov 28 14:55:34 +0000 2017
386478,"@115850 @AmazonHelp @115821 - Order# 408-3265294-3245900,I haven't recevied my product yet, nobody is giving the date ,i am a prime member",386477,@207490 as we consider it to be personal info. Our Twitter page is public. (3/3) ^ST,Mon Oct 09 12:51:49 +0000 2017,Mon Oct 09 13:09:30 +0000 2017
1774116,@AmazonHelp I have shared the required details. Please resolve the issue ASAP,1774117,@533178 We have received your details. We'll work on it and get back to you with an update. ^SB,Wed Nov 08 04:44:44 +0000 2017,Wed Nov 08 04:57:00 +0000 2017
1009206,"@AmazonHelp Just spoke with your representative and found him 'rude' which is 'silly', and never expected this from the professionals like u @115850",1009208,@344471 The resolution we provide is the best possible solution. I'm afraid (1/2)^HR,Mon Oct 23 08:50:34 +0000 2017,Mon Oct 23 09:05:27 +0000 2017
1572817,"@AmazonHelp Hello Team, Return order request has not been done yet. Please help. Urgent..",1572815,@214881 Apologies for any trouble. Have you tried reporting this to our support team here: https://t.co/2t6DQoUmNZ ? ^AB,Tue Oct 17 06:10:16 +0000 2017,Tue Oct 17 06:26:28 +0000 2017
2355264,"So if you lost my #kindle how exactly was it returned @115821, Also why do you think my home is a business. Also, why did you say I was closed because today is a holiday? Do I owe myself holiday pay? #Curious https://t.co/ig2otyw5Lw",2355263,@680444 I'm sorry to see it was returned. We'd be happy to look into this with you here: https://t.co/EKXRLsnxJu ^AF,Mon Nov 13 18:56:28 +0000 2017,Mon Nov 13 19:04:00 +0000 2017
2220064,"@AmazonHelp Haven't received yet? I guess I have to cancel this order. I have to give to a friend who is leaving tomorrow morning. If its not delivered today, I would be forced to cancel this order.",2220063,@648464 I've checked and we haven't received your details yet to work on this. Please fill in your details in the link provided earlier and let us know. We'll check and reach out to you accordingly. ^VN,Fri Nov 10 11:59:04 +0000 2017,Fri Nov 10 12:28:00 +0000 2017
561656,@AmazonHelp It was amazon. AMZL US,561657,@251434 We want to investigate this further with you. Please reach out to us using this secure link: https://t.co/Qzpl2PoJVc ^GR,Sat Dec 02 23:18:54 +0000 2017,Sat Dec 02 23:21:25 +0000 2017
1712586,If @115821 leaves another one of my packages outside unattended I’m going to stop ordering from them @AmazonHelp,1712584,"@518727 I understand your concern, Michael. Is there a specific carrier you're having issues with regarding delivery? ^SK",Tue Nov 07 02:10:31 +0000 2017,Tue Nov 07 02:15:51 +0000 2017
970283,"@AmazonHelp I will never advise any of my known people to buy a single thing from Amazon. Even it's offered for free. Really absurd, arrogant attitude.",970285,@350255 placing an order. Request you to wait until the time frame mentioned for the order. (2/2) ^GK,Sun Oct 22 07:47:13 +0000 2017,Sun Oct 22 08:14:28 +0000 2017
2402381,"@AmazonHelp it was DPD I’ve had pantry boxes before always secure, I’ll need to reorder but I’m not paying delivery again",2402382,@691158 I can certainly understand that. Please reach out to us with the link provided  by ^NC  and we will do our best to help. ^CR,Tue Nov 14 14:16:25 +0000 2017,Tue Nov 14 14:21:28 +0000 2017
752409,@AmazonHelp This came up so I emailed the email address on the website to send proof and that is what failed to send https://t.co/bWem9XFFQm,752411,"@299829 Ahhh, I see. Definitely interesting! What happened when you clicked the ""Click here"" hyperlink? ^SA",Wed Oct 11 14:19:40 +0000 2017,Wed Oct 11 15:07:16 +0000 2017
2329608,@AmazonHelp Also promised a refund for missing order but no email confirmation yet,2329610,"@674517 I understand your concern. Could you tell us which website your order was placed on? (.com, .co.uk, .com.br, etc.) ^GM",Fri Oct 20 02:02:47 +0000 2017,Fri Oct 20 02:15:13 +0000 2017
2708442,Amazonプライムにも入会してしまったのでますます視聴がおっつかない,2708441,@760575 ご登録いただきありがとうございました(*'▽') EK,Mon Nov 20 00:42:45 +0000 2017,Mon Nov 20 00:50:37 +0000 2017
723279,@AmazonHelp No. it just diappears.,723280,"@293194 We don't have a notification for the shopping list. If you place an order with unavailable items, you'll receive an e-mail. ^AC",Wed Oct 11 19:42:28 +0000 2017,Wed Oct 11 19:57:00 +0000 2017
888415,@AmazonHelp I appreciate your response. We posted the same on your page just to bring it in to your notice and swift action only as we are frustrated enough by the system,888416,"@330936 We'd like to take closer look at this. Kindly fill in your details here: https://t.co/GIJyeYqKE0, and I'll look into it. ^NR",Sat Nov 25 17:22:15 +0000 2017,Sat Nov 25 17:52:32 +0000 2017
2240674,"@AmazonHelp thank u amazon not to deliver my product on time.
Again missed delivery date",2240673,@183935 That was definitely not intended and we apologize for the delay. Allow our support team to make things right for you. You can report this here: https://t.co/R3EfhzgU8B ^CB.,Fri Nov 10 15:25:11 +0000 2017,Fri Nov 10 15:39:00 +0000 2017
505782,@AmazonHelp Vendido x Amazon EU,505784,"@236022 Comprendo, Clemente. Para logar revisar lo que está sucediendo con la entrega de tu pedido, puedes contactar a nuestro departamento de Servicio al Cliente en el siguiente enlace: https://t.co/OjvUxwnzPe. ^AA",Fri Dec 01 21:24:44 +0000 2017,Fri Dec 01 21:28:33 +0000 2017
120273,Thanks to @116935 for an easy-to-use and fast-connection iOS App! #BehindTheSmile,120272,@142702 You're welcome! We love hearing your feedback. You made our day!!! 🎹🎶🎸 ^JN,Thu Nov 23 22:31:01 +0000 2017,Thu Nov 23 22:45:00 +0000 2017
2212009,"@117795 really don't like when your couriers lie about accessing my location that has no security gate.  My son has allergies, I order his food from you.  Now he has to wait bc your courier doesn't know how to Google map. Or call us if lost. Thx",2212007,@646513 I'm sorry you haven't received your order. We'd like to look into this with you. Please send more details here: https://t.co/CnmHsc1aqB ^CL,Fri Nov 10 05:04:58 +0000 2017,Fri Nov 10 05:09:24 +0000 2017
320882,@AmazonHelp @115850 trimmer and bedsheet means the same ! I can keep the bedsheet if it's a Diwali gift but send me the trimmer I had ordered ASAP. https://t.co/KbQKMv8sxX,320884,"@192448 That's wishful thinking, isn't it? We'd want you to have your trimmer, hope you've requested a replacement for your order? ^JC",Sat Oct 07 12:38:33 +0000 2017,Sat Oct 07 13:41:31 +0000 2017
535083,@AmazonHelp 人工知能と疑ってすみませんでした。丁寧なリプライ心に響きました。遅い時間までお疲れ様です。頑張ってください。,535085,"@243946 とんでもないことです！いつもAmazonをご覧いただきありがとうございます🙇　サイバーマンデーをお楽しみにしていただき、うれしく思っております。ぜひご期待くださいませ😊
夜分にリプライを失礼いたしました。HM",Sat Dec 02 12:47:30 +0000 2017,Sat Dec 02 12:56:00 +0000 2017
814214,@115850 Surprised that @118702 @122951 delivers every product in 620024 but you don't,814213,"@313935 We certainly don't want to let down our customers, I'll ensure to pass your feedback internally ^SM (1/2)",Fri Oct 20 16:50:43 +0000 2017,Fri Oct 20 17:09:26 +0000 2017
281979,@AmazonHelp Your product wich is in pic looks diffrent nd we receve is diffrent and also a color we cannt cancle this bcz i m live in dakor gujarat,281981,@183175 Apologies for the inconvenience. Request you to get in touch with our support team here : https://t.co/TdDksLo6Mf.^SK,Fri Oct 06 14:19:53 +0000 2017,Fri Oct 06 14:50:54 +0000 2017
2870730,Way to go @115821 for just throwing my stuff in a box with no packing material and with everything out of the wrappers. #goodjob https://t.co/lVMo6vFahI,2870728,@797126 We're always looking for ways to improve! Packaging feedback can be submitted to our shipping team here: https://t.co/2AGESmC8t0 ^ML,Tue Nov 28 02:07:28 +0000 2017,Tue Nov 28 02:14:00 +0000 2017
384166,@AmazonHelp Pl tell me delivery date,384167,@185376 We've sent you a correspondence here: https://t.co/ubzNHWZvL2 Kindly check. ^SG,Mon Oct 09 14:33:05 +0000 2017,Mon Oct 09 15:32:00 +0000 2017
1283798,@AmazonHelp Una ayer y hoy mismo he puesto otra.,1283800,@210099 ¿Qué te informaron nuestros compañeros de Servicio al Cliente? ^HC,Thu Oct 26 18:15:21 +0000 2017,Thu Oct 26 18:22:00 +0000 2017
300502,@AmazonHelp already been on the phone to customer support still fuming with you cancelling my prime membership disgusting behaviour,300500,"@187547 Thanks for confirming. When you spoke to us, what options/information did we provide? ^BH",Fri Oct 06 20:29:59 +0000 2017,Fri Oct 06 20:40:06 +0000 2017
2679227,@AmazonHelp não,2679228,"@624553 Entendi. No caso, Rosa, ficamos no aguardo dos seus dados. ^LG",Tue Oct 31 18:19:15 +0000 2017,Tue Oct 31 18:27:00 +0000 2017
1434066,"@123813 existe mes de prueba? La competencia es pésima, pero dicen que ""más vale malo conocido...""",1434067,"@452965 Hola Oscar. Inscribiéndote al período de prueba gratis de Amazon Prime, puedes disfrutar de Prime Video, pues este es un (1/2)",Thu Nov 02 22:18:57 +0000 2017,Thu Nov 02 22:26:24 +0000 2017
490547,@115821 why is the Alexa app moving so slow today ?,490546,@231857 Have you checked your connection and perhaps turned your device off and on again to see if that helps? ^BD,Fri Dec 01 16:40:57 +0000 2017,Fri Dec 01 16:44:00 +0000 2017
1558898,i'm crying my amazon package was supposed to arrive at 9 and it's def 9:20,1558897,@481768 I'm sorry for the wait! Will you tell us which carrier is shown for your order here: https://t.co/Y5jpI9gRhE? ^DW,Tue Oct 17 04:20:46 +0000 2017,Tue Oct 17 04:29:26 +0000 2017
348953,@AmazonHelp Like I mentioned in my first tweet I was assured and sent an email confirmation but still I keep receiving the product every 2 months. Not sure if its a bug in your systems that my order is not getting updated,348955,"@199061 Sorry to hear that, please contact us by phone or chat once more here: https://t.co/hApLpM3Ejd to discuss this with an agent.^JJ",Sun Oct 08 08:18:39 +0000 2017,Sun Oct 08 08:28:29 +0000 2017
1869767,"@AmazonHelp My card was already charged, but the status says ""shipping soon"". I am concerned that if my order hasn't even been shipped, then how will it be delivered by the date Amazon sets? But I will wait until the 10th to see if my order gets home.",1869769,"@558450 We aim to meet our delivery date. If you don't receive your package on estimated delivery date, please get back to us. ^LH",Wed Nov 08 05:26:22 +0000 2017,Wed Nov 08 05:47:28 +0000 2017
973570,"@115851 @AmazonHelp Why is @115850 promoting and selling spurious/counterfeit items? No answer to queries to them. Does Amazon encourage selling counterfeits? In India, this is illegal. https://t.co/9eXMnsrn99",973569,@126724 received a below par product or doubt the genuineness we suggest you to fill details here:  https://t.co/GIJyeYqKE0. (2/2) ^GS,Sun Oct 22 08:57:08 +0000 2017,Sun Oct 22 09:29:27 +0000 2017
1445350,You pay for an Amazon Prime membership and this is where your packages are left whilst you’re at work 😤 #NotImpressed @115830 https://t.co/UEvbve6G0I,1445348,@455397 I'm sorry to see the way your package was delivered! Will you confirm the carrier listed here: https://t.co/aaDyEz1VgE ^HC,Mon Oct 16 19:19:19 +0000 2017,Mon Oct 16 19:22:58 +0000 2017
1380693,@115821 wanna tell me why the order I placed yesterday w/1-day shipping isn’t scheduled 2 arrive until Wed? GRANDDAUGHTER B-DAY &amp; u SUCK,1380691,@441383 I'm sorry for the wait. Some items aren't able to ship immediately. Was the date given on the confirmation e-mail missed? ^AN,Mon Nov 06 22:46:12 +0000 2017,Mon Nov 06 22:55:32 +0000 2017
1302305,"@115850 #AmazonNow has some rude representatives 😷
Pathetic! Send a substitute and later argue nonsense without  getting facts right!",1302304,@170989 That's quite a feedback. I shall forrward your feedback to the concerned team and get it reviewed. ^HR,Mon Oct 16 09:11:29 +0000 2017,Mon Oct 16 09:49:00 +0000 2017
990743,@AmazonHelp Again my another order with  Order ID: #405-0991980-9519516 cancelled without my concern why amazon provide offers during great indian sale?,990746,"@354687 I understand your concern that your order is cancelled without your knowledge, I'd request you ^SM (1/2)",Tue Oct 24 19:09:56 +0000 2017,Tue Oct 24 19:30:41 +0000 2017
873862,@AmazonHelp I'm trying to watch 12 Chairs on prime but the subtitles are about a minute off to the words. Is it an issue on my end or yours,873860,"@327462 Hmmm, lets work together here to find out! Have you tried uninstalling the app and re-installing it? Let us know! ^SA",Fri Oct 20 20:32:35 +0000 2017,Fri Oct 20 20:47:04 +0000 2017
1750492,What's the point of subscribing to @115830 Prime if it keeps failing to meet its one day delivery promise? Then being told to wait another few days for it to turn up. Rubbish.,1750491,@527527 I'm sorry for the delay. We want to make sure you receive your order by your new delivery date. Please keep us posted. ^RA,Tue Nov 07 17:57:18 +0000 2017,Tue Nov 07 18:06:28 +0000 2017
475137,@AmazonHelp A just need acces to my account why are you lot making this so hard for me,475138,"@228071 We aren't able to access your account via Twitter to see what the exact issue is, but normally you should be sent an e-mail requesting either payment or address verification. Have you received an e-mail like this, or was this mentioned when we spoke on the phone? ^LB",Fri Dec 01 13:44:45 +0000 2017,Fri Dec 01 13:50:55 +0000 2017
546366,"@AmazonHelp Num: CR0000301163
En transit
Livraison avant 20h",546367,"@247048 Si vous ne recevez pas votre colis d'ici 20 h, merci de le signaler à notre SAV afin d'y remédier je vous prie via le lien suivant: https://t.co/hgIrz98cdI ^BR",Sat Dec 02 17:48:22 +0000 2017,Sat Dec 02 17:55:00 +0000 2017
2571783,"@AmazonHelp @115830  Can you please quote the definition of ""Guaranteed delivery"" please?What's the point in prime if you fail to deliver?",2571781,"@729287 I'm sorry to hear we've let you down, Hardeep! Does tracking show the parcel is out for delivery? Have we missed our mark? ^CS",Mon Oct 30 17:35:53 +0000 2017,Mon Oct 30 17:48:37 +0000 2017
1043021,@AmazonHelp Could I get a message please? I’ve got a complaint to make,1043020,@366643 Hi Ant. You can get in touch with us to lodge your complaint via this link: https://t.co/JzP7hlA23B ^DC,Wed Nov 01 12:52:16 +0000 2017,Wed Nov 01 12:58:00 +0000 2017
1710386,@AmazonHelp See line extra 3000 off on this mobile,1710389,@169186 and with time. Kindly refer the link: https://t.co/sfTQc3Ex7D for more information. (2/2) ^MO,Tue Oct 17 18:16:23 +0000 2017,Tue Oct 17 18:50:14 +0000 2017
710630,"@115821 Today it was @81 , the gear I got yesterday was @115817",711134,@289932 Have you had the time to reach out to each of the carriers and set preferences on your deliveries? ^MH,Tue Oct 10 21:26:39 +0000 2017,Tue Oct 10 21:30:45 +0000 2017
1490162,.@AmazonHelp Pre-ordered @123473 @466085 #Slobberkocker a month ago. Now I've been told it won't be dispatched until DECEMBER! Why?,1490160,"@466084 Sorry to hear this. Was a reason mentioned for the delay? Did you receive an email? Also, check your junk/spam folder. ^PK",Fri Nov 03 09:19:09 +0000 2017,Fri Nov 03 09:27:25 +0000 2017
422033,"@AmazonHelp Ist aktiviert, funktioniert aber nicht. Heute wieder 2x😩  Kam bisher nur 1x an, bei einer Bestellung von Amazon USA. Geht auch anderen so. 🙁",422032,"@215529 Dann, wie vorgeschlagen, bitte im Kundenservice melden: https://t.co/cDHy5WiCek Liebe Grüße ^MF",Tue Oct 10 09:20:11 +0000 2017,Tue Oct 10 09:24:30 +0000 2017
1369958,@115850 @115850 I am expecting a quick response,1369956,@438881 Please use the following link to connect with our support team : https://t.co/vlvfJr4nN9 and we'll be glad to help. ^SK,Mon Oct 16 15:04:19 +0000 2017,Mon Oct 16 15:08:07 +0000 2017
244076,"@115850 Return pick is not as per date schedule.
Unsatisfied with Amazon service.pin394601 __email__",244077,@173981 I'm sorry for the hassle. Please reach out to us at: https://t.co/vlvfJr4nN9 we'll check it for you. (1/2)^AU,Thu Oct 05 14:43:44 +0000 2017,Thu Oct 05 14:50:32 +0000 2017
1132127,@AmazonHelp I don't think it's anything nefarious but I get constant order and shipping confirmations for things I didn't buy which is super annoying,1132130,@386770 Gotcha! Reach out to us again here: https://t.co/hApLpMlfHN and we can look into this further with you. ^TK,Tue Oct 24 12:24:29 +0000 2017,Tue Oct 24 12:43:01 +0000 2017
2593126,"Compras navideñas, listas ✔
Gracias @116875 !!",2593125,"@734369 Hola, Viridiana. ¡Estamos felices de saber que has comprado tus regalos en Amazon México, muchas gracias por tu confianza! ^CB",Fri Nov 17 02:36:08 +0000 2017,Fri Nov 17 02:38:47 +0000 2017
922728,@AmazonHelp I've ordered through Amazon.. The product was received by the courier.. But they've said that they can't deliver to my home..,922727,@___Ananth___ That's uncertain! Please report this to our support team here: https://t.co/vlvfJr4nN9 &amp; we'll help you. ^BS,Sat Oct 21 12:08:28 +0000 2017,Sat Oct 21 12:36:38 +0000 2017
2439667,Clients @115821 attention à l'arnaque qui tourne par mail !!! https://t.co/UgGWLuJjw1,2439666,"@699738 Bonsoir, veuillez faire suivre le message à l’adresse suivante __email__ je vous prie. ^BR",Tue Nov 14 22:13:13 +0000 2017,Tue Nov 14 22:17:31 +0000 2017
2290432,"@AmazonHelp My recent orders aren't displaying in My Account, can you help?",2290429,"@665332 Sorry to hear that, please contact us here: https://t.co/Q7Ftz6nj80 so an agent can look into this for you. ^JJ",Sun Nov 12 07:41:08 +0000 2017,Sun Nov 12 07:46:28 +0000 2017
975030,@AmazonHelp @115850 so any update,975031,@343355 &amp; reply so that we can provide you an update. 2/2^EM,Mon Oct 23 07:43:02 +0000 2017,Mon Oct 23 08:04:38 +0000 2017
1505374,@AmazonHelp i think amazon have just took a random £1 off me? I have no idea why,1505372,"@165090 We're here to help! In most cases, a smaller amount, such as €1, is an authorization. Have you recently ordered an item? ^AL",Fri Nov 03 16:24:24 +0000 2017,Fri Nov 03 16:28:31 +0000 2017
841372,朝いきなりAmazon有料サイトてきたあ(＞＜)こわっいぃぃぃ https://t.co/EtCZ6oi0fU,841371,@320165 失礼します。こちらは当サイトからお送りしたものではございません。AmazonからSMSで未納料金などといったメールは送信いたしません。 ヘルプページでも注意喚起を行っておりますので、ご参照ください。https://t.co/k4jy2iTq1Y RI,Mon Oct 09 09:11:21 +0000 2017,Mon Oct 09 09:16:53 +0000 2017
575357,Hello @115821 where the heck is the cat tree I ordered for my cat’s birthday. It was supposed to be here yesterday,575356,@255380 Sorry to hear it has not arrived Jenna. Does the tracking give any info on when we expect it to be delivered? You can check tracking by clicking the link: https://t.co/Y5jpI9gRhE.^BZ,Sun Dec 03 07:59:41 +0000 2017,Sun Dec 03 08:09:54 +0000 2017
600271,@115830 really annoying Mr at this stage can't get a single issue resolved. Can I please have a contact number for customer service in Ireland,600270,@262359 We definitely don't want to disappoint you. You can contact us via phone by using this link: https://t.co/JzP7hlA23B ^KB,Sun Dec 03 20:54:16 +0000 2017,Sun Dec 03 20:59:00 +0000 2017
1306446,How’s my Thursday going? Well my amazon account got hacked and was charged $900... &amp; I’m honestly impressed bc I didn’t know I had $900,1306445,@425297 I'm sorry to hear about the unexpected charge! Please call us to ensure this is reported: https://t.co/jzvkhdlrK5 ^LR,Thu Oct 26 13:11:57 +0000 2017,Fri Oct 27 02:51:31 +0000 2017
790175,@AmazonHelp very funny..I have already contacted ur team two times but they are helpless..your delivery process sucks..order#216240052017,790178,@308429 I'm sorry about the situation. Kindly share your details here: https://t.co/GIJyeYqKE0 and I'll look into this. ^SG(1/2),Thu Oct 12 12:08:51 +0000 2017,Thu Oct 12 12:17:34 +0000 2017
945616,@AmazonHelp I have shared the details .please have a look.,945617,@344227 Thanks for letting us know that you've shared your details. Please allow us some time and we'll reach out to you. ^KA,Sun Oct 22 03:53:07 +0000 2017,Sun Oct 22 04:17:03 +0000 2017
318548,@115850 till now i have no confirmation about order even though guaranteed delivery !!,318547,@191577 Apologies for the trouble. Please drop your details here: https://t.co/0tMJUecoz6 we'll connect with you on this. ^RB,Sat Oct 07 08:13:31 +0000 2017,Sat Oct 07 10:44:00 +0000 2017
434588,"@AmazonHelp Amazon logestic team has arrived my house and talking roude,  that he has delivered to neibour itseems, and we don't no anyone there and",434589,"@218249 That's unexpected, I'm sorry. Please respond to the email you received from the social media team, we'll look into this. ^JC",Fri Oct 13 10:52:00 +0000 2017,Fri Oct 13 11:08:00 +0000 2017
350259,@115850 i place 2 Order # 406-0047227-2461909 &amp; 406-9046171-0664359. I select wrong delivery address by mistake. Plz update my address,350258,@199158 Our support team would be happy to help you with that. You may connect with them here: here: https://t.co/vlvfJr4nN9 ^HT,Sun Oct 08 08:07:00 +0000 2017,Sun Oct 08 10:14:00 +0000 2017
458905,@115821 you need better customer service reps.,458904,"@223983 Please be sure to leave feedback in the survey at the bottom of the e-mail sent after speaking with us. Once completed, these are sent to management for review to help with coaching opportunities. ^EP",Fri Dec 01 01:12:37 +0000 2017,Fri Dec 01 01:25:55 +0000 2017
900900,"これ今日2通目やねんけど
Amazonちゃうよな？
装ってるやつやんな。 https://t.co/oABRpkqJ5c",900899,"@333861 当サイトからそのようなＥメールをお送りすることはございませんので、記載されているURLはクリックなさらないようお気を付けください🙏
Eメールの見分け方については、こちらをご参照ください。https://t.co/r6R7EU9RIb YM",Sat Oct 21 04:51:14 +0000 2017,Sat Oct 21 04:54:54 +0000 2017
397417,@AmazonHelp Una reclamación por vuestra parte.,397419,"@210099 Entiendo. @210100, ¿podrían ayudarnos con esta entrega? Indícanos si no recibes respuesta, Brian. ^LG",Fri Oct 27 13:32:07 +0000 2017,Fri Oct 27 13:37:30 +0000 2017
1427864,"@115830 Yes, and surprisingly enough they don’t say ‘inside my bin’",1427863,"@383588 When you have a moment, please phone us here: https://t.co/JzP7hlA23B to report this delivery. ^LB",Mon Nov 06 15:33:27 +0000 2017,Mon Nov 06 15:40:00 +0000 2017
831080,@AmazonHelp Nope. They cancelled the one that was supposed to arrive 10/7. And will try to get the next subscription order out.,831081,@317905 I hope it arrives OK next time. ^KM,Fri Oct 13 06:54:46 +0000 2017,Fri Oct 13 07:15:00 +0000 2017
2401222,@AmazonHelp It is getting increasingly annoying to figure out when a Prime item will be delivered.,2401221,@690878 Sorry to hear Ilya. What delivery date were you provided? What does the latest tracking advise? ^TP,Fri Oct 20 12:55:07 +0000 2017,Fri Oct 20 13:12:01 +0000 2017
2827266,@AmazonHelp こういう事に備えて無駄に箱が大きいと思っています。商品の箱には破損もなく、動作も問題ないようです。お気遣い有り難うございました。,2827268,@787501 商品が無事だったとの事で、安心いたしました。ご不明な点がありましたら、ご遠慮なくお問い合わせください。よろしくお願いいたします。 EK,Mon Nov 27 11:38:38 +0000 2017,Mon Nov 27 11:47:53 +0000 2017
725245,@115850 @AmazonHelp I had ordered OnePlus5 on 28th June ‘17. I still haven’t receivedcashback of Rs. 1500 (SBI card offer). Please help!!! https://t.co/227y7N6DdC,725244,@293719 I'm sorry for the delay. Please report this to our support team here: https://t.co/2t6DQoUmNZ for further assistance. ^RW,Wed Oct 11 04:17:02 +0000 2017,Wed Oct 11 04:39:25 +0000 2017
2390423,@AmazonHelp Easy set up and the ability to send messages/make phone calls with voice recognition 👍🏻 thanks @115821,2390425,"@688597 Top feedback Michael, Have a great day! ^BD",Tue Nov 14 09:41:44 +0000 2017,Tue Nov 14 09:54:28 +0000 2017
2551968,"@AmazonHelp Nope. Just takes me to sign in page. I just won't buy anything but books/dvds anymore. They're cheap. If I can't return,no big loss.",2551970,"@306845 Once you sign in using the link sent by JO, you will see the option to select the issue and how you want to contact us. ^DD",Mon Oct 30 21:10:17 +0000 2017,Mon Oct 30 21:30:00 +0000 2017
246378,"@AmazonHelp Gestionado por Amazon.
Vendido por: Amazon EU S.a.r.L.",246380,@174523 Entra en contacto con Soporte al Cliente para reportar lo que indicas de tu pedido: https://t.co/OjvUxwnzPe. ^DA,Thu Oct 05 15:41:59 +0000 2017,Thu Oct 05 15:48:57 +0000 2017
1209481,アマゾンで注文してた零さんのウィッグが届いていないのに配達完了になっているw零さんどこいったんですかww,1209479,@403927 ご心配をおかけしております。配達完了でも商品未着の場合、下記ヘルプの内容をご確認ください。https://t.co/aABELyb8qu  解決しない場合は以下より当サイトへお問合せください。https://t.co/J6YEizo6qC  　SM,Wed Oct 25 11:06:57 +0000 2017,Wed Oct 25 11:09:56 +0000 2017
439697,@AmazonHelp Reverted but failed. Share correct email id,439698,@215662 Please revert to the email you've received from us and we'll be able to check it. Are you getting any error? ^HN,Wed Oct 11 12:09:22 +0000 2017,Wed Oct 11 12:15:03 +0000 2017
1424282,@AmazonHelp 406-6963082-7457947 order number ! I am a prime customer and this service is really a joke,1424284,@450944 Please don’t provide your details as we consider them to be personal information. Our Twitter page is visible to public. ^YP,Thu Nov 02 13:08:34 +0000 2017,Thu Nov 02 13:22:00 +0000 2017
816088,"@AmazonHelp Hi. Sorry late getting back, I had an email on 22/07/17 stating that auto renew was turned off and no further payments would be taken.",816086,@314332 We'd like to take a closer look at the charges and your available options. Please contact us here: https://t.co/JzP7hlA23B ^RA,Wed Oct 04 17:55:40 +0000 2017,Wed Oct 04 18:04:00 +0000 2017
322025,@115830 I've just received an email from you saying I need click on a link to get a credit voucher. Is this spam? I can dm a copy.,322024,@192721 Doesn't sound like us Tamara - pls use this link for more info : https://t.co/0SSkUeJucf  ^TD,Sat Oct 07 13:14:16 +0000 2017,Sat Oct 07 13:31:29 +0000 2017
2391895,@AmazonHelp pls pls pls tell me you'll have music unlimited BF deals for EXISTING customers (uk),2391894,@152464 Best to keep an eye on the website for the latest deals! ^MI,Tue Nov 14 10:20:04 +0000 2017,Tue Nov 14 10:31:26 +0000 2017
179988,@AmazonHelp Can you not advise anything here?,179989,@158365 Please contact our customer service by phone or chat here: https://t.co/hgIrz98cdI so we can look into this further with you. ^SA,Wed Oct 04 11:45:34 +0000 2017,Wed Oct 04 12:11:50 +0000 2017
1748909,@120533 vous allez sortir la fire HD 10 en France ? Une date ?,1748908,"@527155 Bonjour, je suis désolée, mais nous n'avons pas l'information, veuillez vérifier sur le site ultérieurement.",Tue Nov 07 16:10:58 +0000 2017,Tue Nov 07 16:21:27 +0000 2017
2956966,"@AmazonHelp What exactly do you want me to do? That just takes me to your ""questions?"" Page… 
I don't have a question. It is a reoccurring complaint. https://t.co/Hrg68liFcR",2956965,"@816241 The link provided to you by ^WT, gives you the option to contact us by phone, so we can look into this with you in real time. This gives us the opportunity to review all available options regarding your deliveries.  ^AC",Wed Nov 29 19:28:08 +0000 2017,Wed Nov 29 19:34:31 +0000 2017
2852110,"@116928 Buenas tardes! Tengo un producto defectuoso y no puedo contactar con el vendedor. 
Número del pedido:
 171-7713708-0461967
¿Cómo he de proceder para su reembolso o sustitución? Gracias",2852109,"@792979 ¡Hola, EltSaC! Lamento los inconvenientes. Por motivos de seguridad, te recomiendo eliminar este tuit, pues contiene información de tu cuenta. ¿Seguiste las instrucciones indicadas en este enlace?: https://t.co/jFNuJZ8sjt ^CR",Mon Nov 27 19:44:24 +0000 2017,Mon Nov 27 20:10:30 +0000 2017
1367967,"@AmazonHelp Order is ""dispatching soon"" but it's arriving today, and it's 4pm already? Need this item for work. https://t.co/sjlHw5kAsy",1367965,"@438447 Hey! We'd love to help! Can you tell us which site you used when placing your order? i.e.,.com,.in,.co.uk? Let us know.^SK",Mon Oct 16 14:58:57 +0000 2017,Mon Oct 16 15:25:00 +0000 2017
152203,@AmazonHelp Ah dommage je n'achèterais pas alors. Vous ne savez pas si vous en aurez à nouveau en stock ? (vu que ce sont les nouveaux ipad pro).,152205,@150780 Nous n'avons malheureusement pas de visibilité dessus pour l'instant. Restez connectée :) ce sera mis à jour dès qu'il y a du nouveau.,Fri Nov 24 16:05:24 +0000 2017,Fri Nov 24 16:32:42 +0000 2017
123424,"@116313 →Kindle版も絶賛おススメ！
見開きページのビジュアルが見事です。
紙媒体だとページのあいだ、いわゆるノド？にあたるところで画像がどうしてもすこし難ありのなりますが、2ページ見開き掲載スタイルにすると画面いっぱいにー
つよぽんのーごろさんのーしんごのー
素晴らしい｡ﾟ(ﾟ´Д｀ﾟ)ﾟ｡",123423,"@143572 Kindle版でお読みいただきありがとうございます！
ぜひいつでも、何度でもお楽しみください👏😍　MH",Fri Nov 24 00:21:00 +0000 2017,Fri Nov 24 00:46:07 +0000 2017
355328,Um grande elogio p/ @117086 q vendeu a coleção d teatro completa do Shakespeare c/ o menor preço da interwebs e entregou em menos d 2d ❤️ https://t.co/vs0UqFqOSr,355327,"@200427 Olá Lee, saber que você teve uma boa experiencia nós deixa emocionados. ❤ O que você esta achando da coleção? ^DA https://t.co/NCL5k4qplg",Sun Oct 08 14:03:50 +0000 2017,Sun Oct 08 14:12:13 +0000 2017
2740685,@115850 I have purchased a Motorola pulse escape for rupees 1990 and paid the amount by Visacard by online portal. But somehow first time the transection has been failed but money has been deducted and therefore I have paid second time for the product. I want my money back.,2740684,@767791 I'm sorry to hear about your payment. Please report this to our support team here: https://t.co/vlvfJr4nN9 so that we can assist you better. ^HS,Mon Nov 20 17:01:43 +0000 2017,Mon Nov 20 17:32:01 +0000 2017
490381,Hey @115821 remind me why I'm paying for 2day shipping when twice this week my packages have been late and another package last month was also late.,490380,@231823 So sorry to hear about the issues! Are the orders arriving later than the dates provided in your order confirmation e-mails? ^GS,Fri Dec 01 16:48:40 +0000 2017,Fri Dec 01 16:51:28 +0000 2017
77578,"@AmazonHelp You see, it's not just the thrill and the throttle for me. It's the storytelling and the cliffhangers that make it, it. And not sure what the form was about, but filled it nevertheless... https://t.co/Hyexcr1JPZ",77579,@132975 I feel yahh!! The wait still continues!! Thank you keeping us posted. ^BV,Thu Nov 30 12:27:24 +0000 2017,Thu Nov 30 13:24:31 +0000 2017
324221,"@115850 order id-402-4902132-3775509  how this paymnt can be done when no delivery boy came to my add.
Allahabad delvry system is poor. https://t.co/jGqMCKUqen",324222,@193234 Sorry for the hassle. Please report this to our support team here: https://t.co/vlvfJr4nN9 and we'll check this. 1/2^HN,Sat Oct 07 14:47:57 +0000 2017,Sat Oct 07 15:02:26 +0000 2017
2341942,@AmazonHelp It says out for delivery,2341944,@318610 Since it is on the truck for delivery it will be delivered today by 8pm. Keep us updated on its arrival! ^ZW,Mon Nov 13 15:28:44 +0000 2017,Mon Nov 13 15:33:00 +0000 2017
1546647,@AmazonHelp I've gotten it and it works now so thank you,1546648,@478934 No problem Jack. ^KM,Sat Nov 04 07:32:10 +0000 2017,Sat Nov 04 07:35:00 +0000 2017
1380270,"@AmazonHelp I have placed 3 orders none of them have delivered yet. I had to cancel it after waiting for a months
See Order#__credit_card__",1380273,@441304 Sorry to know about this. Please reach us from here: https://t.co/rS49hgaADF we'll assist you. (1/2) ^SV,Sun Oct 29 01:46:26 +0000 2017,Sun Oct 29 01:57:34 +0000 2017
77624,"@118919 can you provide an assistance regarding a product i ordered because i received an email to review on the product when in fact it has not been delivered to me. The expected date of delivery mentioned was 28Nov, no attempts for delivery whatsoever",77622,@133292 Apologies for the delay. Have you reported this to our support team here: https://t.co/vlvfJr4nN9? We'd like to check this for you. ^RB,Thu Nov 30 11:46:58 +0000 2017,Thu Nov 30 12:02:29 +0000 2017
389949,@AmazonHelp @115851 the status still says on the way - This is laughable !! https://t.co/3nBMazoDUE,389950,@208321 We've sent a correspondence to your registered email address. Please check and revert. ^SQ,Tue Oct 10 01:20:17 +0000 2017,Tue Oct 10 01:27:00 +0000 2017
637324,@AmazonHelp It’s with https://t.co/qgEGP0rVqi. I have been charged $10.99 for a U.S subscription for amazon prime and I don’t have prime.,646724,@271115 Please contact us directly so we can look into this with you: https://t.co/hApLpMlfHN ^SB,Wed Nov 22 18:56:18 +0000 2017,Wed Nov 22 19:07:00 +0000 2017
2906640,"@AmazonHelp #facepalm cookies and cache do not create issues like that, those look like placeholder tokens that were not replaced when the page was rendered. I'd suggest you have your developers look into this, I am fairly sure they will find references to the tokens in the source code.",2906641,"@804864 Are you able to see if the A-Z claim was submitted before you received the error message? If not, you can contact us here and we'll be glad to assist: https://t.co/hApLpMlfHN ^FJ",Tue Nov 28 21:58:06 +0000 2017,Tue Nov 28 22:08:26 +0000 2017
58121,@AmazonHelp A claim and escalated. Then the same bs email about how more info is needed and the seller hasn’t received the item. Horrible customer serv.,58120,@129194 I'm sorry for the A-to-z issues. I'd like our team to look into this. Please send us order info here: https://t.co/Z3sF5pyYG5 ^BE,Sun Oct 29 23:01:54 +0000 2017,Sun Oct 29 23:20:31 +0000 2017
394901,"@115821 @119356 @AmazonHelp @115851 @209576 Is there anyone who is really concerned abt their customers?  Desperately looking for positive solution. I m not getting any Email response too. Extremely disappointing. Instead of postmorteming the issue, give me the replacement of goods..🙏🙏",394900,@209575 Request you to revert to our email correspondence that you have received on your registered email ID here: https://t.co/NTkrxpsbHJ with further query on this and we'll be happy to take it over from there. (2/2)^SF,Mon Nov 20 09:12:50 +0000 2017,Mon Nov 20 09:53:28 +0000 2017
1602143,"@115850 my package is to be delivered today. Have a flight in evening, and I am here at location only for the next two hours. Please help!",1602145,"@491794 I understand the importance of the order. However, we deliver orders till 8 PM if the product is (1/2) ^GK",Tue Oct 17 09:57:13 +0000 2017,Tue Oct 17 10:13:34 +0000 2017
1123622,@115850  https://t.co/JaLEb3OG0B,1141450,@384979 We cross-checked and the app seems to be running fine. Try back in sometime and keep us posted. ^CB,Sun Oct 15 15:56:04 +0000 2017,Sun Oct 15 16:11:32 +0000 2017
2405135,@AmazonHelp Had email with £40 off a Kindle. Website won't allow the code says it's expired.,2405133,@691785 Sorry to hear about the issue you're having. Is there info in the email about the date that the offer is available until? There may be Terms &amp; Conditions in the email to advise this. ^ES,Tue Nov 14 15:01:04 +0000 2017,Tue Nov 14 15:08:24 +0000 2017
920931,@115850 Stop posting shit. You sold be a defective product and doesn't give a damn about  issue. #biycottAmazon #fakeamazon #disappointing services,2128486,@626603 here: https://t.co/GIJyeYqKE0 and I'll reach out to you. 2/2 ^MM,Thu Oct 19 07:05:35 +0000 2017,Thu Oct 19 07:29:04 +0000 2017
2882567,"@AmazonHelp Yea, same day delivery didn’t get delivered TWICE. After leaving delivery instructions, even though even when I haven’t I usually get a phone call. Also my previous package with 2 day delivery was a day late. What’s the point in being a prime member?",2882569,"@799756 Thank you for that information! To better assist you, could you please let us know from which of our marketplaces were these orders placed? https://t.co/nUUp5MLhYl, https://t.co/ykTUEmdsQA, etc. ^RB",Tue Nov 28 10:11:21 +0000 2017,Tue Nov 28 10:17:29 +0000 2017
1682700,@AmazonHelp No updates since that Saturday message about access. Got other mail and different Amazon package on Saturday.,1682702,"@476653 Typically, late deliveries arrive the next business day from when the delivery was marked as attempted. Keep us updated! ^AB",Mon Nov 06 16:49:10 +0000 2017,Mon Nov 06 16:52:24 +0000 2017
2288004,@AmazonHelp #First lost my order# then you place replacement order # 2 days delivery for normal purchase &amp; 5 days for replacement # what a disgusting service,2288006,"@576412 Sorry about your recent experience, Sameer. I've noted your comments and have forwarded your feedback internally. Please be assured that necessary steps will be taken to resolve this issue. ^SY",Thu Nov 16 05:07:19 +0000 2017,Thu Nov 16 05:15:27 +0000 2017
862487,Mala experiencia con @116928. Van 2 pedidos no entregados y ha pasado casi 1 mes de la fecha de entrega. Pongo reclamación y ni contestan,862486,"@324798 Hola Ro, lamentamos el inconveniente. ¿Has contactado con el transportista o con nosotros directamente ?^MB",Fri Oct 13 14:49:19 +0000 2017,Fri Oct 13 14:53:32 +0000 2017
782539,@115850 kindly refund my money  order #404-9907668-2959526,782538,"@306778 Please don't provide your order details,we consider it to be personal information.Our page is visible to the public.2/2 ^SC",Thu Oct 12 07:03:47 +0000 2017,Thu Oct 12 07:15:27 +0000 2017
2463902,How do I contact @115830 and why is it so dificoult?,2463901,@705217 Hello! You can get in touch with us here: https://t.co/JzP7hlA23B. ^CN,Wed Nov 15 09:22:28 +0000 2017,Wed Nov 15 09:26:00 +0000 2017
382918,"Really wanting to be an @115821 fan, but when all three of my devices are broken after having them for 3 months it's hard...",382917,"@206738 Oh no! Sorry to hear that, Jon. Will you tell us more about what's going on? Please don't share personal account info! ^AB",Sat Oct 21 14:10:45 +0000 2017,Sat Oct 21 14:18:00 +0000 2017
425425,@AmazonHelp How long it will take can you please deliver it now.,425426,@216204 Now might not be probable. We'll be reverting shortly with further updates. Kindly wait until we reach out. Thanks! ^AB,Tue Oct 10 13:43:54 +0000 2017,Tue Oct 10 14:12:00 +0000 2017
1466066,@AmazonHelp Livraison reportée au 2 novembre.. Heureusement que j'en avais besoin avant et que j'ai pris celui là pour le fait qu'il arrivait avant ! ;),1466065,@460284 La solution adaptée vous sera proposée d'ici là. Je vous remercie pour votre patience et compréhension. ^MH,Tue Oct 31 19:50:54 +0000 2017,Tue Oct 31 20:14:00 +0000 2017
182978,@AmazonHelp yes i dropped all the details. it has been more than a week.,182979,@159037 Kindly check it from the link shared here: https://t.co/NTkrxpsbHJ (2/2)^HR,Sun Oct 08 08:39:08 +0000 2017,Sun Oct 08 11:02:28 +0000 2017
1547873,"@115821 amazone did fraud with me.. i buy a product prepaid and amazone didn't give me the product or  refund 
Order #
403-4256956-6053949",1547872,"@479219 Please don't provide your order details, we consider it to be personal information. Our page is visible to the public. ^KA",Sat Nov 04 08:01:37 +0000 2017,Sat Nov 04 08:10:30 +0000 2017
2614171,Just called @115830 . They said account is on hold. Couldn’t tell me why and that someone would call me in 24hours. Utter rubbish. Your customer service continues to dumbfound me.,2614169,"@739004 I know how frustrating this is. An account specialist is the best one to get this resolved for you. Keep an eye on your e-mail and be sure to check your spam/junk as well, the e-mails can be routed there sometimes. ^AL",Fri Nov 17 13:10:23 +0000 2017,Fri Nov 17 13:19:29 +0000 2017
883014,"@115821 So, now explaining it for a fifth time to get another agent. Who still doesn’t get it.",883012,@122721 We'd like to have a member of our team look in to this! Leave your info here: https://t.co/gZv6vU0Qyy Keep us posted! ^KN,Fri Oct 13 16:52:56 +0000 2017,Fri Oct 13 17:12:34 +0000 2017
1494753,@AmazonHelp You did it again. Received wrong product today sixth time..  #nowords @AmazonHelp,1494760,@467065 I'm sorry you've received a wrong product. Could you confirm if you've shared the details through the link provided earlier? ^AP,Sun Nov 05 11:52:40 +0000 2017,Sun Nov 05 12:11:52 +0000 2017
1832523,@AmazonHelp @115821 @AmazonHelp @115850 what good is amazon prime for me then? when it doesn't even work.,1832524,@549803 I'll be sure to pass your comments as feedback to our concerned team for review. ^GS,Wed Oct 18 06:28:50 +0000 2017,Wed Oct 18 06:54:26 +0000 2017
243218,@116875 hola me pueden ayudar a hacer una corrección en una factura de un producto que ya recibí?,243217,"@172353 Hola Mario, para esta gestión debes contactar a nuestro Servicio al Cliente con este enlace: https://t.co/beR78zMMYB . ^MB",Thu Oct 05 14:16:11 +0000 2017,Thu Oct 05 14:29:00 +0000 2017
245219,@115850 How come the prce of Sandisk microsd crd wth adaptor priced in ur 'Lightning Deal' as 649 bcomes 739 at chkout wth normal delivery,245217,@174216 That's strange. Please reach out to us at: https://t.co/vlvfJr4nN9 we'll check it for you. ^AU,Thu Oct 05 14:46:50 +0000 2017,Thu Oct 05 14:58:31 +0000 2017
109855,@115850 Trying to reach amazon customer care since last two weeks regarding order 408-3616751-7832318. Tried through email and call but no response. Tried in app help but no relevant option. I pm my number to you to call me regarding the issue.,109854,"@140392 Please don't provide your order details, we consider it personal information. Our Twitter page is visible to public. (2/2) ^SV",Thu Nov 23 19:53:20 +0000 2017,Thu Nov 23 20:05:26 +0000 2017
210450,@AmazonHelp Can you please tell me why same product is tagged with 3 different prices at 3 different times..,210453,"@165812 Also, different sellers do provide the same item at different prices. 2/2 ^EM",Thu Oct 05 03:53:38 +0000 2017,Thu Oct 05 04:40:28 +0000 2017
2980274,アマゾンさん違う商品送ってきたよ～😭,2980275,@821969 ご迷惑をお掛けし申し訳ございません。お届けした商品に問題があった場合、Amazonが発送する商品は返品・交換（可能な商品のみ）にて対応させていただいております。お手数ですが、リンクをご参照の上お手続きください。https://t.co/TYbxdUDknb TN,Sun Nov 19 09:24:42 +0000 2017,Sun Nov 19 09:27:55 +0000 2017
2166603,"@115850 Whats the point giving code which never works and give error ""This property is not participating in the offer"" -Lucky Winner of Amazon Great Indian Festival 2017",2166602,@635873 We would like to understand the issue in a better way. Kindly elaborate on the concern for us. ^CB,Thu Nov 09 09:51:32 +0000 2017,Thu Nov 09 10:05:51 +0000 2017
457754,@AmazonHelp @137599 my copy of destiny 2 was cancelled because we used the same card to pay on each account and every person I’ve talked to in CS has told me to just buy it again at more than double the price it was when I purchased it,457752,@223706 I'm sorry to hear about this! Was there a quantity limit for the item while it was on sale? ^JS,Fri Dec 01 00:29:45 +0000 2017,Fri Dec 01 00:39:32 +0000 2017
304392,Okay but... I'm officially a victim of misleading photos on Amazon. @115821 https://t.co/hl2Z2nJQJm,304391,@188696 I'm sorry your order didn't arrive as you expected. Let's explore your return options here: https://t.co/Hzomb3EI6X ^GG,Fri Oct 06 22:10:27 +0000 2017,Fri Oct 06 22:56:29 +0000 2017
2806593,"Hi.
https://t.co/GzF9Py9bXZ",2806592,"@782772 Hello, how may I help you? ^AH",Wed Nov 22 03:20:12 +0000 2017,Wed Nov 22 03:58:00 +0000 2017
39590,For god sake @115821!! Second time in 6 weeks your delivery guy breaks my mailbox door! Like that box was ever going to fit!! .de order https://t.co/N6GqYoVsDo,39589,"@124654 Please get in touch with us, the Amazon.de Social Media Team: https://t.co/cUDnC8mjd7 We would like to check this. ^SI",Wed Nov 01 14:44:32 +0000 2017,Wed Nov 01 15:02:36 +0000 2017
1423502,Half of the country who ordered Echo after October 5 has received their unit. But @115850 guys in Hyderabad are yet to deliver my unit.,1423506,@182861 I understand you'd like the Echo to be delivered soon. Could please let us know if we've missed (1/2) ^GS,Thu Nov 02 09:28:05 +0000 2017,Thu Nov 02 09:55:00 +0000 2017
695,Just pulled another #Amazon delivery out of the bushes since the #amzl people can’t walk the extra 2 ft to my door. So tired of this.,694,@115853 I'm sorry we let you down! We'd like to make sure this is addressed. Please provide some details here: https://t.co/z6evtFsZI5 ^BN,Tue Oct 31 21:17:03 +0000 2017,Tue Oct 31 22:15:28 +0000 2017
424012,"@118919 Madharchod amajon wale randi ke aaulad madharcho mera paisa fasaya helpline numbe bhi nhi lag rha 
Bhut jaldi honewala hai patan india se",424011,@215940 link here: https://t.co/TxK11znixD and we will assist you further. (2/2)^HR,Tue Oct 10 10:49:54 +0000 2017,Tue Oct 10 11:24:00 +0000 2017
787143,"@AmazonHelp  agents say, we will refund you in 5 days! it's been 13 days. still waiting for @71902 @133462 is growing better. https://t.co/nNwMDB50eP",787142,@307766 we consider them as personal information. Our Twitter page is visible to public. (2/2)^VM,Thu Oct 12 09:44:30 +0000 2017,Thu Oct 12 10:12:31 +0000 2017
493272,"@AmazonHelp Have done that. But what’s the point, have raised it before but no one does anything???",493274,@232601 Kindly share your details via the above link. We'll check this for you. ^SG,Fri Dec 01 17:48:17 +0000 2017,Fri Dec 01 18:01:31 +0000 2017
279683,"@AmazonHelp @115851 very shameful activity by amazon, instead of taking action on complaint you people give make responsibility on consumer. 1/2",279682,@182670 reply to the email you've received from our team and we'll get back to you. 2/2 ^KA,Fri Oct 06 08:04:10 +0000 2017,Fri Oct 06 09:40:00 +0000 2017
2954500,@115830 Can you confirm that order 206-8195514-7057146 is still being delivered today please,2954499,"@389482 Thanks for reaching out to us today, Niall!  We're unable to access your account but we'd love to help! Could you tell us the latest tracking update for this delivery: https://t.co/aaDyEz1VgE ^ML",Wed Nov 29 18:26:16 +0000 2017,Wed Nov 29 18:42:33 +0000 2017
1451821,@AmazonHelp Here it is. I know they are working hard and a hurry but it’d be nice if packages were not thrown @ front door https://t.co/MQQLDAceIW,1451820,"@456914 We'd like to escalate this for you. As detailed as possible, please provide your info for us here: https://t.co/024E3pVOXE ^BV",Sat Oct 28 20:32:29 +0000 2017,Sat Oct 28 20:49:19 +0000 2017
326736,@AmazonHelp Danke,326737,@193849 Gerne 😊,Sat Oct 07 16:46:03 +0000 2017,Sat Oct 07 17:05:00 +0000 2017
735276,@AmazonHelp You're missing the point I paid for next day delivery and here we are 2 days later and I still haven't got it,735277,@150360 We can't see accounts w/ Twitter so please reach out to us so we can look into options for the order: https://t.co/JzP7hlA23B ^DD,Wed Oct 11 15:34:06 +0000 2017,Wed Oct 11 15:41:27 +0000 2017
2818521,"@AmazonHelp Milford, US (Massachusetts) station is unable to deliver *any* package to my address on time, if ever—I suspect they're intentionally ""losing"" (destroying) my packages, #AmazonLogistics leadership team is unable to provide satisfaction #CloseTheStation #TerminateStationManagers",2818524,@425206 Is there a parcel that is in transit just now that you are currently having problems with? ^KI,Mon Nov 27 11:03:46 +0000 2017,Mon Nov 27 11:09:00 +0000 2017
957578,@AmazonHelp Providing my details 9th time. Let's see what you gonna do this time,957577,@329177 Thanks a lot for the cooperation.  We'll reach out to you at the earliest to make things right. ^CB,Sat Oct 21 18:47:33 +0000 2017,Sat Oct 21 19:01:54 +0000 2017
403504,@AmazonHelp Dji phantom drones weren't available on amazonin. Are they available now since you showed one in the video lol,403505,@211501 You might want to check these out: https://t.co/LreYA638RU. ^SQ,Mon Oct 09 21:04:24 +0000 2017,Mon Oct 09 21:16:26 +0000 2017
757755,@AmazonHelp @115851  sorry to bother you but Amazon did mentally harass with me specially for this product.Pls do the needful. Pls escalate till high,757757,@301084 I'm sorry for the stretch. Our team is currently working on your issue. We'll get back to you at the earliest. We've (1/2)^AU,Thu Oct 12 10:05:16 +0000 2017,Thu Oct 12 10:44:00 +0000 2017
863906,Amazon drivers need to fix up - how are you gunna pull up outside my house and still deliver my parcel to the wrong address 😐,863905,"@325160 Oh no! I'm so sorry, Sim! Please phone us here: https://t.co/JzP7hlA23B to report this. Were you able to retrieve your parcel? ^LB",Fri Oct 20 17:22:16 +0000 2017,Fri Oct 20 17:31:41 +0000 2017
2903608,@AmazonHelp Still confused. Item I purchased is marked as Prime and in stock. Therefore should be despatched tomorrow latest surely? So I should have it Thursday? https://t.co/SaqeLWGZzK,2903610,"@804152 Some items do take longer to process! We don't have access to orders via social media, if you'd like us to look into this order, please reach out to us here:https://t.co/JzP7hlA23B ^AH",Tue Nov 28 19:04:08 +0000 2017,Tue Nov 28 19:14:00 +0000 2017
2921393,Kitten TV on @116439 🐱🐱🐱 https://t.co/tmvlpcnbJ1,2921392,@808529 That's a purrfect shot! ^LS,Wed Nov 29 01:35:19 +0000 2017,Wed Nov 29 01:40:27 +0000 2017
763046,@AmazonHelp ordered a phone case and paid £6 for next day deliver yesterday to be told it would be delivered today but never turned up 🤷🏻‍♀️,763044,@302334 I'm sorry your case didn't arrive! Were you given an updated delivery date or notice of delay? ^ZW,Wed Oct 11 21:03:33 +0000 2017,Wed Oct 11 21:12:42 +0000 2017
1676433,"@AmazonHelp Non, comment faire et pourquoi?",1676434,"@509971 N'ayant pas accès à votre compte via Twitter, notre SAV est disponible pour vous aider via ce lien: https://t.co/qzuu0dgDXz ^ASZ",Tue Oct 17 17:27:54 +0000 2017,Tue Oct 17 17:38:53 +0000 2017
2308924,"@AmazonHelp Gonna have to return another thing now, 3rd thing in the last 2 months",2308922,"@669710 This certainly isn't what we like to here! Without giving any personal information, will you tell us more about the items you've been receiving? Are you noticing a trend? ^HC",Mon Nov 13 02:45:43 +0000 2017,Mon Nov 13 02:54:00 +0000 2017
1258266,"Just received my copy of #AnOrdinaryLife , thanks @115821 for Super fast delivery and really can't wait to start reading it @77379 https://t.co/cYFCPRFJEI",1258265,@414839 We knew you would be eager to get your hands on it. Seems like an interesting read. Dig in!! ^AB,Thu Oct 26 08:01:09 +0000 2017,Thu Oct 26 08:23:02 +0000 2017
834414,@AmazonHelp Hable con atención al cliente y puse día reclamaciones,834416,"@318697 Lamentamos lo sucedido, Laura. ¿El pedido es gestionado por Amazon o por un vendedor externo? ^AV",Fri Oct 13 08:16:22 +0000 2017,Fri Oct 13 08:19:00 +0000 2017
2697183,@AmazonHelp Where is the applications library??,2697181,"@757888 Let's see what we can do to get you there! Just to confirm, which Amazon Fire tablet do you have? ^HC",Sun Nov 19 19:06:28 +0000 2017,Sun Nov 19 19:11:28 +0000 2017
439233,"@AmazonHelp Bonjour, possible d'avoir des nouvelles d'un colis qui n'arrive pas en point relais colis ?",439232,"@219318 Bonjour, que dit le suivi de ce dernier ?^AR",Wed Oct 11 09:41:11 +0000 2017,Wed Oct 11 09:43:28 +0000 2017
839378,@AmazonHelp Customer care helpless. No answers except prod cut will be delivered,839388,"@319704 I'm sorry for the ordeal you've had to go through. I'd like to assist you with this, kindly drop in your details 1/3 ^EM",Fri Oct 13 11:27:26 +0000 2017,Fri Oct 13 11:37:30 +0000 2017
1776209,@115821 customer service is trash I was told 3 different things each time I called Then they hung up when I asked to speak with a supervisor,1776207,"@533755 We'd like a chance to help! Without giving account information, can you tell us more about the concerns you were calling about? ^KJ",Tue Oct 17 22:43:43 +0000 2017,Tue Oct 17 22:49:26 +0000 2017
1100478,"tried ordering Wide Sargasso Sea off @115821 because i need it for college and my shipping address clearly has Fredericksburg, VA in it and they sent it to Troy, AL 😤😤 @AmazonHelp https://t.co/FAvVqC0fdq",1100477,"@379637 Oh no! Mary, we would love to look into this with you in real time. Please contact us here:  https://t.co/hApLpMlfHN ^LM",Sat Nov 25 18:18:03 +0000 2017,Sat Nov 25 18:20:34 +0000 2017
619188,@AmazonHelp Realmente eso es lo más importante y no la pérdida de mi pedido? Podéis pedirme por privado el número de seguimiento y así poder ayudarme creo.....,619189,"@266929 No lo es, Laura. Nuestra intención no es molestarte, pero desde este departamento no tenemos acceso a tu cuenta, por lo que necesitamos algunos datos para poder ayudarte. 
^ES",Wed Nov 22 15:18:21 +0000 2017,Wed Nov 22 15:21:31 +0000 2017
1665742,@AmazonHelp Amazonにこんなシステムがあったなんて……！,1665741,@507517 突然リプして申し訳ございません (;´▽｀A`` 中の人がたまたまツイートを拝見したので、ついリプしてしまいました。＊カリカリ梅に釣られたのは内緒です　今後もAmazonをどうぞよろしくお願いいたします～♪ ヽ(*^^*)ノ TN,Mon Nov 06 11:05:19 +0000 2017,Mon Nov 06 11:11:56 +0000 2017
226420,@115850 Why’s that i get #WrongPageError when i place an order followg ur optns available?,226419,"@170046 That's unsual, kindly connect with our support team here: https://t.co/qWSC0jKBRG. We'll look into it. ^PS",Thu Oct 05 06:13:55 +0000 2017,Thu Oct 05 06:59:34 +0000 2017
322989,"Oye @116875 ya te tardaste en hacer una promoción en libros.
🤔 ¿O me la habré perdido?
😱😭",322988,"@192932 Hola Gabriel, todas nuestras promociones son anunciadas en nuestra página web, puedes estar al tanto 😉. ^MB",Sat Oct 07 14:11:59 +0000 2017,Sat Oct 07 14:15:00 +0000 2017
1380254,@AmazonHelp You've failed to adhere to the agreement made when I purchased Amazon prime yet again. I'll be cancelling my membership.,1380255,@185625 I am very sorry to hear that the game did not arrive. You can certainly refuse the parcel and we will reimburse your funds. ^CR,Sat Oct 28 05:52:26 +0000 2017,Sat Oct 28 06:11:55 +0000 2017
2452877,@AmazonHelp Stop cheating #amazon stop scamming,2452879,@126983 Please fill in your details using the link: https://t.co/JzRdscmdH9 and I'll get in touch with you soon. ^AK (2/2),Tue Oct 31 08:28:14 +0000 2017,Tue Oct 31 08:50:33 +0000 2017
2812811,I HATE USPS. STOP GIVING MY PACKAGES TO THEM. WHY CANT I JUST HAVE UPS OR FEDEX EVER?! I wouldnt be paying for Amazon Prime if I wanted my packages in a WEEK. 😠😠😠😠 @118706 @115821,2812809,"@784303 I'm so sorry for the frustration, Bri! Is there a current order that you're experiencing these issues with? ^AR",Mon Nov 27 01:23:42 +0000 2017,Mon Nov 27 01:35:30 +0000 2017
2568530,"@117086 queridoss &lt;3 aqui, mnh mãe disse q esse mês foi cobrado duas vezes no cartão a minha conta do Kindle Unlimited. tem como analisar?",2568529,"@728537 Oi Julia, pode falar com o SAC (https://t.co/Qzzg8y1LhY), eles te ajudam! ^VL",Mon Oct 30 15:57:22 +0000 2017,Mon Oct 30 16:00:01 +0000 2017
191551,@AmazonHelp What happened is I tried to change my bank details from Spain and they flagged me as fraud - even though it was my account. :(,191550,@161025 I'd like our team to look into this. Use the skip sign in option to send us your information here: https://t.co/idK6ESyI2v ^GL,Wed Oct 04 15:13:09 +0000 2017,Wed Oct 04 15:25:00 +0000 2017
1482322,No puedo ver el amazon prime TNS #fraude @116875 @116928 https://t.co/JEogEetS77,1482320,@464181 Hola Fernando. En este enlace puedes ver el calendario de los partidos transmitidos: https://t.co/E3u8cvNqpg  ^JJ,Fri Nov 03 02:20:37 +0000 2017,Fri Nov 03 02:23:40 +0000 2017
250028,@AmazonHelp I already did many times you can check from your end,250029,@175407 I have checked and we haven't received your details yet. Please drop your details in the link provided earlier &amp; we'll help.^SQ,Thu Oct 05 18:07:30 +0000 2017,Thu Oct 05 18:27:31 +0000 2017
419579,"@115850 disappointing Self Return service at Amazon Seller Services, Pune Chakan  #badservice",419577,@215059 a few pincodes. So we offer self return to our customers. Appreciate your understanding. (2/2) ^GK,Tue Oct 10 05:12:57 +0000 2017,Tue Oct 10 05:54:52 +0000 2017
529956,@AmazonHelp Not that I can see https://t.co/3MN7sX8gtg,529957,"@242726 Thanks for that information! As we're unable to access your orders or account details via Twitter, for further assistance please get in touch with us by going here: https://t.co/JzP7hlRCV9 ^RB",Sat Dec 02 10:22:52 +0000 2017,Sat Dec 02 10:27:00 +0000 2017
981961,"@AmazonHelp Still on the call. So far, prepaid label (no printer or car and nearest delivery office is quite a walk away) or arrange my own courier",981958,@352823 Oh no! Please let us know if other insights or alternatives are given on the call and how it's going! ^TG,Sun Oct 22 14:16:23 +0000 2017,Sun Oct 22 14:27:34 +0000 2017
1354458,"@AmazonHelp It is more than a month, is this your refund policy? @AmazonHelp @115850",1354460,"@435859 Apologies for the delay in the refund being processed. We've not yet received your information yet, kindly 1/3 ^EM",Sat Oct 28 04:27:40 +0000 2017,Sat Oct 28 04:44:49 +0000 2017
150598,@116875 A casi 2 meses de la compra no ha llegado mi producto.Contestan q el vendedor se retiró de Amazon. Quiero saber quien se hace responsable,150597,@150349 Lamento este inconveniente Elba. ¿Has entrado en contacto con nuestro Servicio al Cliente para reportar lo sucedido? ^AZ,Fri Nov 24 15:06:53 +0000 2017,Fri Nov 24 15:15:29 +0000 2017
386495,"@AmazonHelp I ordered a pair of pillow covers on 7th Oct, the order was eligible for prime, yet it's being delivered 6 days after.",386498,"@207495 I get your concern. Estimated delivery date is calculated based on various factors like availability of the product, ^VN(1/2)",Mon Oct 09 15:10:59 +0000 2017,Mon Oct 09 16:19:28 +0000 2017
1001037,Amazon shipping sucks! 3 of my last 4 orders have been late by multiple days or just been lost completely. @115821 @118706,1001036,"@356990 Hi Chad, I'm sorry to hear this. Did you notice any trends? ^AT",Sat Oct 14 12:14:28 +0000 2017,Sat Oct 14 12:36:55 +0000 2017
401570,@AmazonHelp Código do rastreio: OA510958988BR,401567,"@210963 Kelly, caso o seu pedido não chegar até o final do dia de hoje, por favor nós avisa. ^DA",Mon Oct 09 19:53:24 +0000 2017,Mon Oct 09 19:57:32 +0000 2017
2011882,"@AmazonHelp I have 2 shipments left the carrier facility at the same time, one arrived and the other still in its way. https://t.co/scPkEp0gLl",2011880,@594921 Hey! Thanks for letting us know that one has arrived! Has the other missed an estimated delivery date or is it still on track to arrive on time? ^JO,Thu Nov 30 20:12:08 +0000 2017,Thu Nov 30 20:20:34 +0000 2017
530046,@AmazonHelp I was told that it would arrive by 9am. I have just spoken to a manager who cannot get a carrier to answer the phone. There doesn't seem to be much point in the call centre as they can't do anything.,530047,@242744 What is the current tracking information showing for you order? Have a look here: https://t.co/aaDyEzjw8c ^CR,Sat Dec 02 10:08:40 +0000 2017,Sat Dec 02 10:19:29 +0000 2017
1208746,@AmazonHelp me habéis facturado mal la compra de contenidos Kindle. Como realizo la reclamación? Gracias,1208745,"@403798 Susana, nos disculpamos por lo sucedido. Contacta a nuestro SAC para brindarte más soporte: https://t.co/OjvUxwnzPe ^AV",Wed Oct 25 10:27:44 +0000 2017,Wed Oct 25 10:30:45 +0000 2017
352812,Why don't you send us the contact no. of the courier rep along with status email and SMS when order is out for delivery? @115850 @115821,352810,@199878 here: https://t.co/GIJyeYqKE0 &amp; we'll take necessary actions to make things right. 2/2 ^MJ,Sun Oct 08 13:05:32 +0000 2017,Sun Oct 08 13:15:00 +0000 2017
2399412,@115850 pre ordering and waiting one month  for getting echo dot is way too long @AmazonHelp,2399411,@170825 I'll forward your feedback to the concerned team. (2/2) ^BS,Fri Oct 20 11:15:19 +0000 2017,Fri Oct 20 11:23:29 +0000 2017
2888165,@AmazonHelp Vendido y enviado por amazon,2888164,"@800860 Comprendo, ¿has podido comunicarte con el transportista encargado de entregar tu pedido? ^KA",Tue Nov 28 13:28:47 +0000 2017,Tue Nov 28 13:31:30 +0000 2017
80619,"Any idea, why @115833 is not answering or switching the lights on/off? With #reverb or #Alexaapp we’ve no probs?! We tried several times with a factory setting, but nothings works. Thanks for your kind support, BR Dini",80618,"@133888 Hast du schon versucht, den Echo für 30 Sekunden vom Strom zu nehmen? Funktioniert es dann? ^SK",Thu Nov 30 12:57:59 +0000 2017,Thu Nov 30 13:02:00 +0000 2017
1558047,"@AmazonHelp hi I am trying to set up multi-room music across my echo and dot but when I select one, the other becomes unavailable. Help?",1558045,@481569 Play the same song from multiple Echo devices by synchronizing them in the Alexa app! Learn how here:https://t.co/qe7RMjAO9N ^ZW,Sat Nov 04 12:46:15 +0000 2017,Sat Nov 04 12:50:00 +0000 2017
399875,@AmazonHelp u hv the order id... Ryt...?? Chck the issue then,399876,@210546 We'll not be able to access your account over Twitter. Please share your details in the link shared earlier. ^HN,Mon Oct 09 19:07:23 +0000 2017,Mon Oct 09 19:29:00 +0000 2017
1744072,"Placed an @115821 order two days ago, paid extra for it to be delivered today. Order status page says.... shipping soon. 3 hours left, and it still hasn't left their warehouse. FFS",1744070,@526002 I'm so sorry for this delay. What is the delivery date that was on the confirmation e-mail? https://t.co/XIk3PEM8dy ^HS,Thu Nov 09 23:56:37 +0000 2017,Fri Nov 10 00:02:00 +0000 2017
353242,@AmazonHelp Sir my no. 9694538533 please call,353243,"@194888 Please don't provide your order details, we consider it personal information. Our Twitter page is visible to public. ^HA",Sun Oct 08 19:28:18 +0000 2017,Sun Oct 08 19:54:55 +0000 2017
107296,@AmazonHelp Bonsoir j'aimerais juste que mon colis soit envoyé à la date indiqué,107298,@139832 Que dit le suivi de votre colis s'il vous plaît ? ^SB,Thu Nov 30 18:51:50 +0000 2017,Thu Nov 30 19:07:00 +0000 2017
429963,.@115850 very nice service . Look at these SS n do needful order No. is - # 171 - 3764860-5084322 . https://t.co/wcqCIXYCwn,429964,@217254 Sorry about the delivery. Could you let us know if we've missed the delivery date? ^HA,Tue Oct 10 14:13:06 +0000 2017,Tue Oct 10 14:41:33 +0000 2017
2104252,@AmazonHelp Yes. Ive been advised it will be here. Its 12:31 and its not even out yet!,2104250,"@621224 Apologies, if the item doesn't arrive you can use the link to report the missed delivery to us. ^JJ",Wed Nov 08 12:36:20 +0000 2017,Wed Nov 08 12:42:00 +0000 2017
255747,"Damnit @115821, you got me again. I really going to cancel #prime this time. https://t.co/WFUVyblhaa",255745,@176829 We don't want you to feel that way! Can you please tell us what's going on? ^AH,Thu Oct 05 18:58:24 +0000 2017,Thu Oct 05 19:05:31 +0000 2017
1714326,"@AmazonHelp I sent all the details to your link but your team says whatever email you have given,no account by that name,how it is muzzling,howdo Iorder",1714328,@450218 Please share your details from the link here: https://t.co/beaaDm0muc to assist you accordingly. (2/2)^HR,Wed Oct 18 11:03:13 +0000 2017,Wed Oct 18 11:53:30 +0000 2017
2827334,"@119356 
Haven't got any follow up or cashback even though ample of reminders to Amazon Customer Service.
Order # 402-3583162-6473110
Order # 402-8532082-6637114
@AmazonHelp
@18220
@116327
#falseadvertising",2827333,"@787523 We're following up on your concern via DM. Please refer. Also, please don't provide your order details, we consider it personal information. Our Twitter page is visible to public. ^VN",Mon Nov 27 10:29:18 +0000 2017,Mon Nov 27 10:55:00 +0000 2017
2549520,"Faux mail reçu.
Ne jamais cliquer  bouton "" Annuler la commande "" Sinon le pirate aura accès à votre compte @2600  @63522 https://t.co/8hw7yguedF",2549518,"@724383 Bonjour Lucien, merci de nous l'avoir signalé. Veuillez transferer cet e-mail frauduleux à l'adresse : __email__.",Mon Oct 30 14:07:23 +0000 2017,Mon Oct 30 14:15:00 +0000 2017
2884904,@AmazonHelp To which email adderess shall i send the email in italian?  I can write in italian i just need the right email address that ‘ll help,2884905,@800218 You can contact our Customer Service by selecting e-mail at step 3 by clicking here: https://t.co/DLd2m7oplv by. ^MZ,Tue Nov 28 13:06:24 +0000 2017,Tue Nov 28 13:22:26 +0000 2017
266023,@AmazonHelp Called in a feel like i got 0 information from the rep on the status,266021,"@166676 If you return multiple orders, use the separate return label intended for each order so we can properly refund you. ^DD",Thu Oct 05 23:06:06 +0000 2017,Thu Oct 05 23:22:34 +0000 2017
1179722,@AmazonHelp i still have not received my package after waiting the rare 36 hours. Id like instructions on how to follow up on this.,1179721,"@253648 We will need to take a closer look at this. You can call, chat, or e-mail us here: https://t.co/hApLpMlfHN ^LJ",Tue Oct 24 21:14:57 +0000 2017,Tue Oct 24 21:45:00 +0000 2017
1689513,I️ won’t be ordering from Amazon anymore 🤦🏽‍♀️ my package went missing the first time and the second one still never arrived,1689512,@512969 I'm sorry your package hasn't arrived as expected! Are you seeing this trend with a particular carrier? We'd like to help! ^ZW,Mon Nov 06 20:19:11 +0000 2017,Mon Nov 06 20:25:28 +0000 2017
972821,@AmazonHelp stop selling defective products,972820,"@350719 Hi, have you received a product which is defective? Is it listed as sold by Amazon or a seller on the website? ^TS",Sun Oct 22 08:41:04 +0000 2017,Sun Oct 22 08:50:26 +0000 2017
2675636,"@AmazonHelp Have spoken w/ 3 reps today who say they don't see the Amazon Pay charge. Yet, I received a receipt &amp; see the charge on my CC.",2675632,"@489253 Hi, can you see the charge when you click on 'Shoppers' on Amazon Pay website: https://t.co/QSfNvEKzKQ ^TS",Tue Oct 31 13:24:33 +0000 2017,Tue Oct 31 13:27:01 +0000 2017
1595208,@AmazonHelp #403-4263631-6499550/NoDeliveryinLast5Days/RefundInProcess/NomoneyforDhanter&amp;Diwali Thanks @115821 :(,1595207,@490158 it to be personal information. Our Twitter page is visible to the public. 3/3^AP,Tue Oct 17 08:33:07 +0000 2017,Tue Oct 17 09:11:30 +0000 2017
2011986,@117086 Olá! Como faço para trabalhar com vocês?,2011985,"@594946 Oi Ingrid, pode conferir todas as opções e vagas disponíveis neste link: https://t.co/HMGmzbpjma 😉 ^LG",Wed Oct 18 20:25:20 +0000 2017,Wed Oct 18 20:30:55 +0000 2017
142879,"um, hiiiiiii I need coffee and Amazon sent the wrong humidifier filter so I'm drier than a desert???",142878,@148251 Oh no! Sorry you did not receive the correct item. Please visit our online returns center here:https://t.co/TdGQys9JgY to look into available options. Thank you ^AP,Fri Nov 24 12:47:13 +0000 2017,Fri Nov 24 12:56:40 +0000 2017
586908,"@AmazonHelp I've restarted the stick, the router and I've tried 'forget' the network and re added it - nothing is working, I've already gone through the Amazon troubleshooting guide!",586907,@258596 We would like to take a closer look into that for you https://t.co/oGDklGgbCZ please click on this link to speak with an associate.^SM,Sun Dec 03 15:17:41 +0000 2017,Sun Dec 03 15:19:53 +0000 2017
1680118,@AmazonHelp China post. Do they send mail via container ship or something?,1680121,@510909 (1/2) This indicates it was sold and fulfilled by a third-party seller and they are able to choose the shipping speed.,Mon Nov 06 16:16:50 +0000 2017,Mon Nov 06 16:21:26 +0000 2017
145873,@120533 Livré aux résidents... 😂😂,145872,"@149083 Je suis désolée par rapport à cela😓
Pourriez-vous nous indiquer le transporteur s'étant occupé de la livraison de votre colis? ^FT",Fri Nov 24 13:45:51 +0000 2017,Fri Nov 24 13:48:55 +0000 2017
853887,Tengo un enojo @115821 LADRONESSSSSSS https://t.co/p8xGhaOdT2,853886,"@322815 Hola Bella, sin compartir información personal o de tu cuenta, ¿qué ha sucedido? ^LG",Fri Oct 13 13:29:04 +0000 2017,Fri Oct 13 13:32:00 +0000 2017
17925,@AmazonHelp @115850 at my address. Will pay then return charges. But also want to tell u this is not right that we pay self return courier cost then what's,17920,"@119904 I understand your concern, unfortunately we cannot arrange a return as already mentioned. Kindly self-return the order. ^ZH",Wed Nov 01 04:55:01 +0000 2017,Wed Nov 01 05:00:37 +0000 2017
224847,アマゾンさん？ https://t.co/qJ6ZftBt69,224845,@169718 こちらのメッセージはhttps://t.co/st4oU5QbhPからお送りしたものではありません。当サイトではSMSで未納料金などといった内容を送ることはありませんので、記載の電話番号に連絡などされぬよう…。 RI,Thu Oct 05 05:36:40 +0000 2017,Thu Oct 05 05:43:25 +0000 2017
302240,"If @115821 is going to do its own package delivery, it might want to ask @115817 and @81 for simple tips on stopping package theft... https://t.co/PC6xYVsEQu",302239,"@188115 My team can make sure this is escalated properly. When you have time, send us your details here: https://t.co/pUlgN6FQG8 ^EP",Fri Oct 06 21:25:19 +0000 2017,Fri Oct 06 21:43:01 +0000 2017
1427978,@AmazonHelp So angry already switching business to walmart,1427979,@451697 I'm sorry for the unexpected charge. Does it say on your statement what the charge is for? ^AN,Mon Nov 06 15:43:40 +0000 2017,Mon Nov 06 15:47:00 +0000 2017
2800475,"Socorro, estou prestes a gastar tudo que eu tenho na @117086",2800474,@781279 Boa noite João! Você acredita que minha lista de desejos é do tamanho do Estádio Maracanã? Nossa alegria não tem preço! Rs rs rs 😍📚📚 ^JJ,Wed Nov 22 00:01:59 +0000 2017,Wed Nov 22 00:07:00 +0000 2017
2361900,@115830 - is there really any need for such a large box to deliver my product in? Seriously!! https://t.co/ufNzqMXhTe,2361899,@681992 Oh no! I'm sorry for the frustration. Please submit your packaging feedback here: https://t.co/D3DoQmpHnq Thanks! ^AJ,Mon Nov 13 20:41:20 +0000 2017,Mon Nov 13 20:58:39 +0000 2017
67453,@115830 Why have I been charged even though I cancelled my membership! I had a prime trial &amp; then cancelled it way before renewal. WHY?!?! https://t.co/OKVzHwIsB4,67451,@131408 Oh no!! Very sorry about this. Not to worry you can cancel the subscription here with the link provided: http:https://t.co/a4Yc9lKczA ^CR,Thu Nov 30 09:16:07 +0000 2017,Thu Nov 30 09:22:02 +0000 2017
1252053,@AmazonHelp @115850 i have not received the amazon pay csshback against order 405-7981836-3136360 was that fake or what..,1252054,@413703 We'd like to have a closer look regarding the cashback. Kindly get in touch with ^AR 1/2,Mon Oct 16 03:42:13 +0000 2017,Mon Oct 16 04:25:29 +0000 2017
947689,@AmazonHelp Why do I keep getting emails thanking me for reviewing products I have never bought or reviewed?,947687,"@344740 Are you currently sharing your Amazon account with another user (friend or family member)? If not, please let us know! ^WM",Sat Oct 21 19:35:19 +0000 2017,Sat Oct 21 19:40:01 +0000 2017
743261,@AmazonHelp Between 3/11 - 22/11... 😢,743263,@297723 I know the waiting is always hard. Please let us know when it arrives! ^AB,Wed Oct 11 15:59:30 +0000 2017,Wed Oct 11 16:21:00 +0000 2017
1239547,@AmazonHelp A seller,1239548,@410745 Have you had a chance to look into our A-to-z Guarantee: https://t.co/NnhlWHjKZw? ^DO,Mon Oct 16 02:40:10 +0000 2017,Mon Oct 16 02:57:50 +0000 2017
69783,"Hi @115850, how do you manage your deliveries in countries like USA or Canada where things like #Aadhaar don't exist? Pls stop fooling people.",69782,@131808 It looks like you've had an unpleasant experience. Kindly elaborate on your concern so that we can look into this right away. ^BV,Thu Nov 30 09:26:03 +0000 2017,Thu Nov 30 09:46:31 +0000 2017
725273,@AmazonHelp Order placing 4m non-prime acc prompt 2 prime 2 get nxt day dlvry. bt order placing 4m prime acc never offer nxt day delivery.😂😂,725274,@172146 Not all products are eligible for Prime shipping. The availability of expedited shipping method depends on the (1/2) ^GK,Wed Oct 11 04:07:34 +0000 2017,Wed Oct 11 04:33:29 +0000 2017
660345,@AmazonHelp 書店まで買いに行かなくてもよいのと嵩張らないので大変おせわになってます🙏(*´ω`*),660347,@277293 読みたい本をすぐ読める、嵩張らないのは大きな利点ですね（´ω`*）事前にダウンロードいただきいつでも、お好きな場所でお楽しみいただければ幸いです✨🙇‍♂️　MH,Thu Nov 23 00:24:46 +0000 2017,Thu Nov 23 00:35:27 +0000 2017
1235935,"Amazon、毎回私のクレカを拒否するんだけど、なんでだ
間違えて登録したのかな、、",1235934,@409884 Amazonです。クレジットカードの登録しなおしをお試しいただいても解決に至らない場合は、お手数ですがご契約されているクレジットカード会社にご確認ください。どうぞよろしくお願いいたします。SK,Mon Oct 16 01:14:17 +0000 2017,Mon Oct 16 01:45:00 +0000 2017
2485522,@AmazonHelp I just got both packages! Thank you!,2485523,@709995 Fantastic! 😁 Please let us know if there's anything else we can help with. ^NM,Wed Nov 15 17:59:54 +0000 2017,Wed Nov 15 18:01:39 +0000 2017
542237,"@116618 The ""Amazon Video Terms of Use"" link is broken. What are the terms of use? https://t.co/YlWjMgrOue",542236,@245839 Here is this information. See if this has what you are looking for! https://t.co/4zvoyiH365 ^DJ,Sat Dec 02 15:36:49 +0000 2017,Sat Dec 02 15:48:48 +0000 2017
735638,@115850 And the product is still in 'shipping' state.,735637,@295980 Kindly reply to the same for further assistance. 2/2 ^MM,Sun Oct 29 06:12:12 +0000 2017,Sun Oct 29 06:24:28 +0000 2017
1018175,@AmazonHelp @115850 @118702 @119351 #fraudamazon #norefund #noreplacement got email but not contacting #fraud Amazon @119351 @146956  @118342 @118702 @4030 https://t.co/ZoMEfuLh35,1018191,@199686 I get your concern. We kindly request you to reply to the email sent by our team and we'll reply to the same. ^MP,Tue Oct 24 17:47:18 +0000 2017,Tue Oct 24 18:12:28 +0000 2017
1168482,@115821 i requested a cancellation of the order and its not in my orders list but i dont have the money @115821,1168480,@394850 It's possible you're seeing and authorization which will fall off automatically. We can confirm here: https://t.co/hApLpMlfHN ^EZ,Sun Oct 15 20:07:35 +0000 2017,Sun Oct 15 20:11:00 +0000 2017
226373,@AmazonHelp Ok! Are u starting sending invites from this week onwards? And will the 30% off continue till many weeks?,226375,"@170037 We send a limited number of invitations each week to customers, so keep an eye on your inbox. 1/2 ^MM",Thu Oct 05 07:54:47 +0000 2017,Thu Oct 05 08:30:00 +0000 2017
778481,@116090 My item is still not shipped paid by gift card please get your act together and ship my dvd external hd usb,778480,@305900 I'm sorry your order has yet to be shipped. Have we missed the delivery date given in your confirmation e-mail? ^GG,Thu Oct 12 04:30:17 +0000 2017,Thu Oct 12 04:32:53 +0000 2017
980603,@AmazonHelp Hello. I’ve now claimed for the second time!!  Please advise me what’s going on!!,980605,"@352512 for instant support, use the phone or chat feature on that link ^AS",Sat Oct 14 08:43:42 +0000 2017,Sat Oct 14 08:53:00 +0000 2017
180337,@AmazonHelp Send the courier person before 9 as I have to leave post that..and u can tell them to check IMEI from the invoice and don't create issues,180336,@158418 We can't view or take actions on your order as we don't have access via Twitter. Please revert our email for proceedings. ^HA,Tue Oct 03 16:26:27 +0000 2017,Tue Oct 03 16:47:00 +0000 2017
898363,"@AmazonHelp I would have arrangements. Now you have let me and my mom down. Thank you for the great service to a prepaid, prime delivery @115851",898362,"@333331 However, I’ll ensure to forward your feedback to appropriate team internally. 2/2  ^NK",Sat Oct 21 12:22:30 +0000 2017,Sat Oct 21 12:40:29 +0000 2017
1895360,"@AmazonHelp @117086 poxa, gente. me ajuda :(",1895361,"@564942 Leo, você entrou em contato com o Atendimento da KDP aqui: https://t.co/nr4T6rSeFA? ^LG",Wed Oct 18 14:00:40 +0000 2017,Wed Oct 18 14:07:32 +0000 2017
2463038,@AmazonHelp No! No reason given.  Just that there is a delay. This is the third time this has happened in 3 orders through Prime. The other 2 I HAD to cancel as I would not have been there for the delayed deliveries. This one I want. Pathetic!  I am now worried about Xmas. Please help me.,2463035,@504289 I can only apologise for the inconvenience caused Shelagh. Can you let me know if were you given another delivery date? ^KI,Wed Nov 15 09:06:41 +0000 2017,Wed Nov 15 09:12:00 +0000 2017
2931294,"@AmazonHelp Had a chat with CSA Deepika. She only advised to reject the delivery. However, you are not answering my query as to how my order details &amp; address, shared with you only, reached a third party? @115850 @115851 This is breach of my privacy &amp; data. Need stern action",2931296,"@810802 Apologies for the issues with the order. We'd like to have a closer look on this, please share your details here: https://t.co/GIJyeYqKE0 and we will get in touch with you soon. ^BS",Wed Nov 29 08:41:02 +0000 2017,Wed Nov 29 09:04:00 +0000 2017
1959467,Kindle wont download my book I bought @117634 fix yo shit,1959465,@581259 I'm sorry to hear that. Please press and hold the power button for 40 seconds and try to download it again. Let us know if that worked.^MA,Sun Nov 26 09:49:28 +0000 2017,Sun Nov 26 10:05:27 +0000 2017
764170,@115821 How do I tell if it was direct or not?,765442,@302628 We're happy to help! You can find out whether it was sold by us or a Third-Party seller here: https://t.co/Y5jpI9gRhE ^ML,Wed Oct 11 21:54:01 +0000 2017,Wed Oct 11 22:06:00 +0000 2017
367413,@AmazonHelp But I need answers not questions that only you can answer...!,367416,"@203037 Hi Nick, we don't have access to your account from here I'm afraid. What has been advised by CS on your contact? ^AT",Mon Oct 09 11:18:40 +0000 2017,Mon Oct 09 11:27:31 +0000 2017
281712,I ordered a badmin racquet with 1 day delivery on 3rd Oct.I haven't received the order till date and Amazon rep aren't helpful @115850,281710,@183115 Apologize for the delayed order. May I know if you have dropped in the details from the link we provided earlier? ^BS,Fri Oct 06 11:16:00 +0000 2017,Fri Oct 06 11:35:00 +0000 2017
2763488,I’m trying to set up my Echo Dot (device bought in the US).  Alexa app has put me in a circular loop. It says language (India English) not supported and tells me to change to US English and then I get a device language error. I checked my account. It’s@amazon India. Please help. https://t.co/QvSABgKm44,2763487,@773057 We'd like to help you with your Echo. Please contact us here: https://t.co/HQhpS2qeEd and our team will assist you further. ^BS,Tue Nov 21 07:56:49 +0000 2017,Tue Nov 21 08:23:28 +0000 2017
943560,@AmazonHelp My contact Num is 9810666443!! Correct your follies!! DONT ASK ME TO FILL OUT FORMS FOR YOUR POOR OPERATIONS! #amazon #india #news #stupid,943564,"@343714 Apologies! This being a public platform, we wouldn't be able to check your order/ account related info. (1/3) ^SV",Sat Oct 21 16:34:01 +0000 2017,Sat Oct 21 16:50:29 +0000 2017
2922520,@115821 A+ on packaging lmao. https://t.co/JWGTPRrSoU,2922518,@551703 Wow! I am sorry for this apparent misstep on our part. We would love the opportunity to go over options with you. Please contact us via phone or email here:  https://t.co/hApLpMlfHN ^LM,Wed Nov 29 02:05:49 +0000 2017,Wed Nov 29 02:08:57 +0000 2017
1212675,"@AmazonHelp I’ve had a delivery just now but it’s not what I ordered and paid for, what should I do?",1212674,"@404625 Hi, sorry to hear that. Have you checked the options available here: http:https://t.co/5RcjVPJgUP? ^JJ",Wed Oct 25 10:09:18 +0000 2017,Wed Oct 25 12:52:44 +0000 2017
1450834,@AmazonHelp I’ve just had an email about a multiplayer upgrade email for call of duty - is this actually from you?,1450833,"@456670 Here's how to tell if it's from us: https://t.co/aPs2m45QbU 

Also check your message center: https://t.co/1CkpF2OtR6 ^MJ",Thu Nov 02 17:12:58 +0000 2017,Thu Nov 02 17:24:53 +0000 2017
1225726,@AmazonHelp Have tried.india cc asked to call us customer care.i understand ur service.thanks.#cheat #amazon #fraud,1225727,"@407556 Sorry to know about your experience, Maharshi. Please share your details here: https://t.co/GIJyeY99fq I'll assist. ^SV",Wed Oct 25 21:19:55 +0000 2017,Wed Oct 25 21:35:27 +0000 2017
2762024,I'd just like to throw a shout out to @115821 for having such amazing customer service. I truly enjoy doing business with them even if things go wrong.,2762023,@772729 Thanks very much for the kind words. 😊 We hope you have a great week. ^CR,Tue Nov 21 07:19:07 +0000 2017,Tue Nov 21 07:26:00 +0000 2017
1771832,@AmazonHelp Thank you AJ. I have filled out the form and submitted it.,1771833,@532570 Thanks for letting us know. I've confirmed that we have received your information. ^LI,Wed Nov 08 02:05:27 +0000 2017,Wed Nov 08 02:14:00 +0000 2017
2300525,@115821 when will you upgrade the mobile site to allow kindle gift purchases? Doesn't work on @115858 or @125607,2300524,@667700 You can leave feedback at __email__ ^AF,Sun Nov 12 16:50:49 +0000 2017,Sun Nov 12 17:07:52 +0000 2017
908459,@115821 gone. There is a strange email address locked in now for my normal log in page (on my phone and computer),908460,"@178702 (2/2) e-mail address associated with your account has been changed? If so, please reach us here: https://t.co/jzvkhdlrK5 ^MV",Sat Oct 21 02:03:12 +0000 2017,Sat Oct 21 02:56:27 +0000 2017
577124,@115850 i ordered a product got wrong product still my refund not done 1month passed,577123,@241386 I'm sorry to hear about the trouble with the order. Let us look into it. Please share your details from the link here: https://t.co/beaaDm0muc and we will assist you further. ^HR,Sun Dec 03 08:52:50 +0000 2017,Sun Dec 03 09:18:51 +0000 2017
2337752,"@115850 Very poor service of Amazon Courier Service in Silchar, Assam. They failed to deliver an item , even it is in place of delivery .",2337751,@341244 That's strange. Let me check this out for you. Please reach us via https://t.co/r8OjOjMdND and we'll look into this for you.^VM,Fri Oct 20 05:28:42 +0000 2017,Fri Oct 20 05:35:53 +0000 2017
1223570,"@AmazonHelp Product lisiting made inactive. Fixed details, still not active no one knows how to fix and resolve. No ownership. Was marked urgent. 8 days",1223569,"@407059 When you last spoke with us, what was advised regarding this listing? ^LB",Thu Nov 16 15:04:03 +0000 2017,Thu Nov 16 15:06:36 +0000 2017
437339,@115830 I’m having major account problems and need help ASAP.  I can’t find any way of contacting you!! Can you give me a phone number ?,437338,"@218863 Oh no! If you haven't received any e-mails from our Account Specialists, give us a call here: https://t.co/iZV1jK0t4c ^MB",Tue Oct 10 17:34:00 +0000 2017,Tue Oct 10 17:38:30 +0000 2017
1308580,@AmazonHelp Good morning - I wrote an email two days ago regarding getting a fast replacement for my missing package - to which I was told I'd get a reply in 6 hours. Package never arrived and I still haven't gotten a reply 48 hours later. This is incredibly frustrating.,1308584,"@425803 I'm sorry for the wait. When the replacement was processed did you get an e-mail with a new delivery date? If so, what date? ^AN",Mon Oct 30 16:11:14 +0000 2017,Mon Oct 30 16:16:21 +0000 2017
756694,"今話題のAmazon文字化け問題。うちのミニスーファミも該当してました。
必死に予約して楽しみにしてたのに、当日に届かない所か返送・返金ですって。
あえて言わせて貰うわクソAmazon。2度とAmazonで買わんわボケェ。",756692,"@300839 このたびは、ご迷惑をおかけし申し訳ございません。
本件についてご注文いただいたお客様に後日https://t.co/st4oU5QbhPよりご連絡を行わせていただきますため、そのご連絡をお待ちいただきますようお願いいたします。ET",Sat Oct 07 06:46:15 +0000 2017,Sat Oct 07 06:52:27 +0000 2017
1179687,"@AmazonHelp Hub account is activated already but it never sent me a code, and they couldn't send me a code. Felt like I was living in 1995 again.",1179684,"@397438 Oh my! I'd be frustrated too, Blake. We'd like to look into this with you, please contact us here: https://t.co/hApLpMlfHN ^HS",Tue Oct 24 21:43:43 +0000 2017,Tue Oct 24 21:55:00 +0000 2017
2549519,"@AmazonHelp Bonjour, oui je l'ai transférer par email également :)",2549521,@724383 Je vous remercie. ^BR,Mon Oct 30 14:15:56 +0000 2017,Mon Oct 30 14:41:00 +0000 2017
2830688,"Petite question @120533 @AmazonHelp, est-ce que vous savez quand est-ce que vous aurez de nouveau ces articles?
Et surtout si ces offres restera jusqu'au 29 (jour de paie ^^) ?

Merci d'avance :) https://t.co/hSkp89BdX4",2830686,"@788220 Bonjour, nous n'avons pas de visibilité par rapport au réapprovisionnement des articles ^ME",Mon Nov 27 12:54:35 +0000 2017,Mon Nov 27 13:02:28 +0000 2017
2972779,@AmazonHelp @116090 your courier supplier is brutal. This Intelcom is a joke. 2 days past the delivery date so far thus my prime membership is useless,2972778,@819917 Oh no! This isn't the type of feedback we are looking to hear. We'd love to get this taken care of for you. Please give us a ring or chat through the following link and we'll do everything we can to get your orders on track!  https://t.co/Q7Ftz6nj80 ^JD,Thu Nov 30 01:42:43 +0000 2017,Thu Nov 30 01:54:26 +0000 2017
777557,@119625 Are you going to launch TV app for Smart TVs like VU? Netflix has done it and it seemed to increase their subscription.,777556,@305630 We haven't announced anything yet. Kindly stay tuned. ^PS,Thu Oct 12 03:33:39 +0000 2017,Thu Oct 12 03:58:28 +0000 2017
1385667,"@115850 Placed an order on Sep 24 still not yet received. Called customer care multiple times, no positive response. Worst service ever",1385666,@442450 I apologize for the delay in delivery. Kindly share details here: https://t.co/beaaDm0muc and I’ll contact you soon. ^VH,Sat Oct 28 09:25:47 +0000 2017,Sat Oct 28 09:30:03 +0000 2017
2113670,Wow @115821 this is how you package and ship my $500 @115786 One X? Thanks... https://t.co/nfpCdySyWv,2113667,"@623209 Just to confirm, was the console damaged? Please let us know! ^KJ",Wed Nov 08 16:42:37 +0000 2017,Wed Nov 08 16:44:29 +0000 2017
1701214,@AmazonHelp U r not doing anything except filling up form.am saying that transfer my hard earned money to my bank account from Amazon pay.simple,1701215,@164814 https://t.co/qe9tPyWGk7. Request you to check and revert to that correspondence. 2/2 ^NK,Tue Oct 17 17:43:31 +0000 2017,Tue Oct 17 18:08:00 +0000 2017
78856,@AmazonHelp Thanks.,78857,@133582 You're most welcome. ^CB,Thu Nov 30 13:49:56 +0000 2017,Thu Nov 30 13:53:33 +0000 2017
516614,"@AmazonHelp We're sorry your package is late 
We don't have a new delivery date from UPS. Main problem was this was a switch game, release day. I am prime and feel like I am getting shafted",516615,@239072 I'm sorry about the delay. We will provide you a delivery date as soon as we receive an update from UPS.^PJ,Sat Dec 02 15:25:28 +0000 2017,Sat Dec 02 15:30:28 +0000 2017
144238,"Really @115830, you need to sort your packaging out! This huge box and paper packing, for this tiny watch! https://t.co/2VYtF79XyN",144236,@148607 Can you please provide further feedback about the packaging here:  https://t.co/fxgZ6hTrFA. ^MI,Fri Nov 24 13:07:31 +0000 2017,Fri Nov 24 13:15:01 +0000 2017
2663566,@AmazonHelp Details already sent...waiting for ur call now,2663567,@750592 Thank you for providing the details. Our team will work on the issue and get in touch with you. ^NS,Tue Oct 31 08:33:39 +0000 2017,Tue Oct 31 08:48:03 +0000 2017
739722,What's going on @116439? Nothing is working &amp; my Wi-Fi is fine.,739718,@296906 I'm sorry you're experiencing issues! Are you receiving a specific error? Have you restarted your device? ^MV,Wed Oct 11 03:00:22 +0000 2017,Wed Oct 11 03:30:47 +0000 2017
535066,"@AmazonHelp Yes here it comes , thanks installed and watching now :)",535068,@243945 That's great news. Please keep us posted if you need any further assistance. ^MD,Sat Dec 02 14:06:01 +0000 2017,Sat Dec 02 14:29:00 +0000 2017
1291983,@115821 When is the Kiki Fingerling coming?,1291982,"@422139 I'm sorry, we don't have insight into future availability. Please continue checking our site for updates. ^JF",Sat Nov 25 20:35:28 +0000 2017,Sat Nov 25 20:40:33 +0000 2017
1841370,@116313 アマゾンさんこんなの来たんですけど…… https://t.co/UAgvfaHOPf,1841369,@551821 Amazonからのメッセージではありません。当サイトを装ったメールを利用し、お客様の情報を不正に取得しようとする悪質な詐欺が発生しています。今後も身に覚えのないメールに連絡や、個人情報の登録等をいただかないようお気を付けください。MH https://t.co/tL0fDIHQSm,Wed Oct 18 01:34:33 +0000 2017,Wed Oct 18 01:47:01 +0000 2017
2141984,Pedir que te traigan un paquete que necesita urgentemente el lunes y que aún no lo tengas demuestra la poca profesionalidad de @116928,2141982,@629831 Lamento si ha habido un retraso. ¿Cuál fecha de entrega se te indicó al hacer el pedido? ^AR,Thu Oct 19 09:16:54 +0000 2017,Thu Oct 19 09:21:25 +0000 2017
2898891,@AmazonHelp Gracias hoy ya aparecío mi num. de rastreo.,2898893,"@803118 Nos alegramos mucho que haya sido así, te agradecemos por mantenernos al tanto. Cualquier consulta adicional no dudes en contactarnos, estamos para ayudarte. ^MZ",Tue Nov 28 23:44:55 +0000 2017,Tue Nov 28 23:48:00 +0000 2017
356408,"@AmazonHelp Le service client ne me sert en rien, vue que quand je demande de l'aide je retourne toujours sur la même page avec les services primes. 1/2",356410,@200624 Rassurez-vous cela ne prendra pas beaucoup de temps ^ME,Sun Oct 08 15:00:24 +0000 2017,Sun Oct 08 15:15:00 +0000 2017
107246,Can @115833 help me with my statistics class? #MBA2018,107245,"@139819 I can't promise it will help with your class, but there is a statistics skill you can add! 📈 We have a variety of skills to expand the things Alexa can help with. Additional details can be found here: https://t.co/8kx4Fcgl2G ^MB",Thu Nov 30 18:41:29 +0000 2017,Thu Nov 30 18:58:28 +0000 2017
831786,@AmazonHelp @115850 How many times do i need to revert them? Please tell me. Even you don't have services to provide. That's why you are only saying to revert on those feedback mails and messages.,831787,@318094 we'll get back to you soon. 2/2^AP,Mon Oct 16 06:00:06 +0000 2017,Mon Oct 16 06:24:00 +0000 2017
331579,So much for @115821 prime -   why am I paying for 2 day shipping when my last 4 packages took 5?? 😡 #annoyed #primelies,331578,@194958 I'm sorry for the frustration! Did you receive any notifications regarding delays? ^AC,Sat Oct 07 18:23:51 +0000 2017,Sat Oct 07 18:30:33 +0000 2017
1226487,@AmazonHelp can you help? I don't know whether I have a spam email or not 😔,1226485,"@407740 For tips on how to tell if an e-mail is spam, please check here: https://t.co/Djw8t0JDTy ^CM",Wed Oct 25 18:35:26 +0000 2017,Wed Oct 25 19:39:46 +0000 2017
1261110,@115850 : Can some representative connect me on my number..facing a lot of issues n your customer care number doesn't work..plz help,1261112,"@415438 &gt;&gt;Choose appropriate issue codes and you'll be having options Phone, Chat and email. You can click on phone 2/3 ^NK",Thu Oct 26 15:00:02 +0000 2017,Thu Oct 26 15:27:33 +0000 2017
2808376,"Seriously @115821 , if I have a baby, could be dead from hunger. https://t.co/fkZWTcdj21",2808375,"@783225 I'm so sorry you haven't received your order! Please give us your information here: https://t.co/Y0WL3MXzBV, so a member of our team can make sure this is escalated for you, and we can look into available options.
^CC",Wed Nov 22 03:49:31 +0000 2017,Wed Nov 22 04:53:32 +0000 2017
2585570,wow amazon just charged me for a membership fee that i didn’t know i had 😭 time to kiss up to my dad,2585569,"@732652 Hey, Angelica! Before you do that, let's see if we can help you out. Which membership did you have? ^BL",Fri Nov 17 00:12:06 +0000 2017,Fri Nov 17 00:15:12 +0000 2017
1722503,"@115833 @126972 Just got the echo show.. turn off hints, PLEASE!  I hate them  enough to return this damn thing!  They are obstructing my photo and I am not an idiot! I don’t need your constant hints on my screen!!!",2200669,"@643614 Hi there! I'm sorry that you're having some trouble with the hints on the Echo Show. This link provides information on all of the Show's settings: https://t.co/fy5a13Hi6P  If none of those settings are helpful, please reach out to us for further assistance!  ^SP",Sun Nov 26 14:16:54 +0000 2017,Sun Nov 26 14:23:29 +0000 2017
1646795,@115850 @115821 My order Id 408-1709658-7041962. Reply ASAP,1646796,"@288310 Please don't provide your order details, we consider it to be personal information. Our page is visible to the public. ^SM",Mon Nov 06 02:16:42 +0000 2017,Mon Nov 06 02:27:00 +0000 2017
25906,@AmazonHelp There is no provision to make a reply...Why aren't you replying my question on amazon pay balance??? @115851 - #amazonsucks,25907,@121656 Please check the link above and reply to our email. You will have an option to reply to the email. ^PS,Fri Nov 10 03:43:23 +0000 2017,Fri Nov 10 04:04:29 +0000 2017
1031875,@AmazonHelp pas très pratique comme fonctionnement... pas moyen de régler ça via le support téléphonique ?,1031877,@364157 Je vous propose de contacter notre SAV au 08 05 10 14 20 (l'appel est gratuit depuis un poste fixe). ^SB,Mon Oct 23 08:27:59 +0000 2017,Mon Oct 23 08:37:00 +0000 2017
1525061,"@119625 
When will #Dunkirk be available?",1525060,@473708 https://t.co/FYM9PIZOR8 where we highlight the latest movies and TV shows we have available. 2/2 ^HD,Tue Oct 17 00:54:49 +0000 2017,Tue Oct 17 01:03:00 +0000 2017
1494197,"@AmazonHelp hi, just curious as to why I had to pay £22 in postage and packing &amp; the item was delivered to a newsagents &amp; not my house!!",1494195,"@466958 Hello, was this order sold by us or a third party seller? We will certainly try to help if possible. ^CR",Fri Nov 03 11:00:54 +0000 2017,Fri Nov 03 11:13:55 +0000 2017
271273,@AmazonHelp No. It just seems odd that it is taking this long to ship for something not coming from a third party.,271275,"@180723 Orders have up until the day of delivery to ship. Please keep us posted, and let us know if we miss the delivery date. ^AG",Fri Oct 06 02:34:27 +0000 2017,Fri Oct 06 03:02:28 +0000 2017
592205,Grrr. My new HRM still hasn't been delivered to the Amazon pick-up thingy.,592203,@260148 I'm sorry for this wait. What does the tracking say: https://t.co/Y5jpI9gRhE ^DO,Sun Dec 03 17:11:22 +0000 2017,Sun Dec 03 17:13:50 +0000 2017
133714,"@AmazonHelp Kann die zuständige Kollegin vielleicht anrufen? Wäre schön, wenn es möglich ist.",133716,"@146143 Wir sind gerade dabei, deinen Fall zu bearbeiten. Wir geben wir uns alle Mühe, dass deine Lieferung dich bald erreicht. Bitte gedulde dich noch ein bisschen.
Wie sieht es denn um deine Ersatzlieferung aus? ^AM",Fri Nov 24 15:29:42 +0000 2017,Fri Nov 24 15:56:32 +0000 2017
2886514,@AmazonHelp I just don't understand how it's fair that I order prime item expecting next day delivery and you accept order than send email with different delivery date than next day ?,2886577,"@800539 If you choose One-Day Delivery, your order will be dispatched with the intention that it's delivered one day after dispatch, however unforeseen delays can occur. If we miss the original delivery date, we ask that you contact us for options: https://t.co/QVORJf3Bp9 ^AF",Tue Nov 28 12:43:28 +0000 2017,Tue Nov 28 15:32:29 +0000 2017
2107239,"Hi @119625, why are you serving me adverts before an episode?",2107238,@621836 I see that adverts are provided for few titles on Prime video. I'll ensure to forward your feedback to our concerned team and get it reviewed. ^RI,Sun Nov 26 12:24:21 +0000 2017,Sun Nov 26 12:54:31 +0000 2017
990993,@AmazonHelp The delivery date is in screenshot. Please change the shipping date. It’s already past 4 days now.,990994,@354739 We do not have access to customer accounts over Twitter. Please keep us posted and let us know if it hasn't arrived by the 24th. ^JM,Sun Oct 22 13:48:44 +0000 2017,Sun Oct 22 13:57:24 +0000 2017
2715197,@AmazonHelp ¿O sea que este producto vale 51 pesos? ----&gt; https://t.co/aHg7ZmdHp1,2715196,"@762202 Exacto, el precio está en pesos mexicanos. -DQ",Mon Nov 20 05:00:36 +0000 2017,Mon Nov 20 05:03:39 +0000 2017
239474,@AmazonHelp El amazon prime tiene el envió gratis para argentina?,239473,"@172899 ¡Hola, Esteban! En este caso el envío internacional tiene un cobro diferenciado. ^NB",Sat Nov 25 02:23:20 +0000 2017,Sat Nov 25 02:32:30 +0000 2017
1179705,@115821 @AmazonHelp  Here we go again.My package delivered to someone else. Happens approx. every other time I order which is a lot! They don’t care. I complain and it happens over &amp; over again!!!,1179702,@397442 I'm sorry to hear about this. Can you let us know which carrier was involved? We'd love to offer our assistance. ^EB,Tue Oct 24 21:40:01 +0000 2017,Tue Oct 24 21:53:00 +0000 2017
1224971,@AmazonHelp any idea when or if today's outlander episode will be up  in the uk as a lot of us have been waiting all day,1224969,"@407388 Hi Lisa! Thanks for your patience. We currently don't have a time listed for the release, but keep an eye out for it on the site.^QJ",Mon Oct 16 16:00:56 +0000 2017,Mon Oct 16 16:20:00 +0000 2017
487718,Thanks @115830 I was only sat 3 metres from my front door when your courier decided to leave my parcel in the mud outside instead of knocking 🙄 https://t.co/HZQ1UdeoMg,487717,@231092 I'm sorry your parcel wasn't brought to your door. Please e-mail us with this feedback here: https://t.co/JzP7hlA23B We'll make sure it's reviewed by the appropriate team. ^MG,Fri Dec 01 15:42:14 +0000 2017,Fri Dec 01 16:04:26 +0000 2017
917035,"@AmazonHelp 
I am prime customer but i haven't receive my order yet ..
I am waiting waiting and waiting https://t.co/Dj199xHW73",917034,@257614 I'm sorry for the delay in delivery of your order. Please reach out to us here: https://t.co/vlvfJr4nN9 we'll help you out. ^AU,Sat Oct 21 08:36:26 +0000 2017,Sat Oct 21 09:53:30 +0000 2017
2226778,"@AmazonHelp はっ！
ありがとうございます😊
ベビー用品を買いまくってるので箱はまだまだたくさんありますw
(文末のHMとかETって何だろう)",2226776,"@264539 そんなに沢山ご利用いただきありがとうございます♪ アルファベットは中の人のイニシャルでございます。( ´艸｀) ｳﾌﾌ
「こいけやん」さんの記念すべき1歳のお誕生日プレゼントは決まったのでしょうか。気になります・・・。😊ET",Fri Nov 10 09:23:45 +0000 2017,Fri Nov 10 09:33:27 +0000 2017
180465,"When I pay for next day shipping, I expect my package to get here the next day! Being delayed two days is unacceptable. @AmazonHelp",180464,"@158438 I'm sorry your package is delayed! Has a new delivery date been provided? Also, who's the carrier: https://t.co/Y5jpI9gRhE ^LB",Wed Oct 04 12:53:24 +0000 2017,Wed Oct 04 13:11:01 +0000 2017
69813,@AmazonHelp I wrote mail back ! I understand you want cheat Indian customer and you don't want solve the problem. Till I get my product I won't stop tweeting. Worst experience in the world- Amazon,69814,@131812 We value your time and make sure to resolve this at the earliest. Appreciate your patience. ^MN,Thu Nov 30 14:38:25 +0000 2017,Thu Nov 30 14:46:00 +0000 2017
481644,@AmazonHelp Pertemba ES,481643,"@229480 Toni, ¿ya te has puesto en contacto con el vendedor? En el siguiente enlace podras encontrar mas informacion sobre como contactarlo: https://t.co/usfx3HIWVI ^RC",Fri Dec 01 13:59:14 +0000 2017,Fri Dec 01 14:02:31 +0000 2017
2697971,@115830 honestly is this level of packaging (and waste!) needed for two A3 picture frames?? Someone please explain! https://t.co/VreMe6g2ct,2697970,"@758068 Oh no! I'm sorry about this! We'd love to get your feedback on this packaging so when you have a moment, please reach out to us here: https://t.co/meRpWFf4VD ^SM",Sun Nov 19 19:18:32 +0000 2017,Sun Nov 19 19:38:28 +0000 2017
2596368,@116618 @143798 @115786 ummmmmm help? https://t.co/QOG7NtUFwH,2596366,"@275555 I'm sorry to hear you're having trouble with your stream. Have you tried the troubleshooting steps listed here? https://t.co/qtUUowEL6r
^LA",Fri Nov 17 03:55:44 +0000 2017,Fri Nov 17 04:01:30 +0000 2017
514647,"@AmazonHelp All items arrived by last night, one day past the ""guaranteed"" delivery date, but I have them.",514649,"@238171 Thanks for the update, apologies again for the delay. ^JJ",Sun Dec 03 12:44:09 +0000 2017,Sun Dec 03 12:48:00 +0000 2017
627659,@2600 i got an external dvd drive that lasted only a few months and now it died with a brand new dvd inside.... thanks amazon for a double loss.,627658,"@268653 Hello,
I'm sorry to hear that. Is the item sold by Amazon or a seller?
^MD",Sun Nov 12 23:47:24 +0000 2017,Sun Nov 12 23:54:27 +0000 2017
551964,"@AmazonHelp To start this week orders 113-0295326-8478617 and 
114-5428843-6957832",551963,@248658 Have we missed the delivery date given in your order confirmation e-mails: https://t.co/gac6ez4TzD? Please let us know! ^KJ,Sat Dec 02 19:19:57 +0000 2017,Sat Dec 02 19:24:00 +0000 2017
1401305,@115830 pre-ordered book SEP/8. book release OCT/24. now Oct/28. I have NO BOOK &amp; it's OUT OF STOCK! but others have had theirs! so angry,1401303,@445821 I'm sorry it hasn't arrived! What was the delivery date shown during checkout and confirmed via e-mail? ^SB,Sat Oct 28 17:21:58 +0000 2017,Sat Oct 28 17:29:33 +0000 2017
318171,@AmazonHelp why can not YOU report this. Why expect customers to spend time on issues created by you?,318170,@191919 We apologize for the trouble. Please contact us here: https://t.co/9mwpIdOzZn and we'll be sure to help you. (1/2) ^ZH,Sun Oct 01 07:29:35 +0000 2017,Sun Oct 01 07:59:28 +0000 2017
2875641,@AmazonHelp  Help,2875640,@798318 Thank you for providing us with this information. I'm sorry the resolution wasn't to your satisfaction. ^BV,Tue Nov 28 05:04:42 +0000 2017,Tue Nov 28 05:29:52 +0000 2017
2462204,Hice un pedido ayer en @115821 y en menos de 24 horas ya lo tengo en casa 😜😜,2462202,"@704891 ¡Pronto entregas instantáneas, estamos entrenando ya! ¿Apostarías por entregas mágicas en dragón? ^JD https://t.co/bkEbLk0p5l",Wed Nov 15 08:15:34 +0000 2017,Wed Nov 15 08:26:41 +0000 2017
2151958,Mi manca parlare al telefono con l'assistenza clienti di @120540,2151957,@632375 😍😍😍 ^GA https://t.co/eLicVoNv15,Sun Nov 26 13:11:22 +0000 2017,Sun Nov 26 13:23:08 +0000 2017
2950673,@AmazonHelp There is no return item within the packaging? Should there be???,2950672,@263914 Sorry for the mix-up. We're referring to the return labels provided when you went through the return process on our site. Were you given one return label with both items on it? Or one return label per item? ^LI,Wed Nov 29 17:22:53 +0000 2017,Wed Nov 29 17:33:00 +0000 2017
380197,@115821 @115850 And for One product Amazon keeps telling me that I can't order more than two quantity,380206,"@206182 To ensure that all our customers get a chance to avail the offers on our website, we have a quantity limit in place for (1/3)^AP",Mon Oct 09 07:06:21 +0000 2017,Mon Oct 09 08:26:00 +0000 2017
922702,"@AmazonHelp I have contacted them, they are plainly asking to wait for it, regretting ordering in the first place now...sorry that I trusted amazon",922704,@182116 look at it and get back to you with an update soon. 2/2 ^RS,Sun Oct 22 08:40:20 +0000 2017,Sun Oct 22 09:09:55 +0000 2017
464222,Amazonを名乗る架空請求とか･･･電話番号調べりゃわかるし( ˘ •ω• ˘ ) https://t.co/a02198rfGb,464221,@225383 ご認識の通り、そちらのメールはAmazonから送信しているものではございません。正式なメールかどうかの識別方法については、こちらのヘルプページをご参照下さい。 https://t.co/4Ba4zOobhE EK,Fri Dec 01 03:46:48 +0000 2017,Fri Dec 01 03:55:01 +0000 2017
378428,"I @117795'd ice cream and beer to my apartment. 
Is this what it means to be an adult in #LosAngeles ?",378426,"@205808 Ooh, and what flavor ice-cream?^CD",Mon Oct 09 05:08:04 +0000 2017,Mon Oct 09 05:21:31 +0000 2017
1161581,@AmazonHelp Before some time I called at service centre but there was no option of Marathi Language.,1161585,@153416 Currently we do not have Marathi language support. I'll be sure to forward your feedback to our team. ^HS,Sun Oct 15 19:16:55 +0000 2017,Sun Oct 15 19:34:28 +0000 2017
387970,@115850 prod not received but app status shows as delivered. Facing issues with wrong courier statuses quite frequently..1/2,387969,@207826 Apologies for the incorrect tracking information. Please fill up this form: https://t.co/GIJyeYqKE0 and we'll investigate. ^HK,Mon Oct 09 13:58:29 +0000 2017,Mon Oct 09 14:08:00 +0000 2017
807327,@AmazonHelp I have cancelled the order 404-3104256-6132333 on 6 th oct since u guys did not deliver the product. When u r going to refund?,807328,@312377 We would like to help you. Please share your details with us here: https://t.co/GIJyeYqKE0. We'll get in touch shortly.(1/2) ^CB,Thu Oct 12 17:47:07 +0000 2017,Thu Oct 12 18:04:00 +0000 2017
2318213,"@115850 
what the hell!!? Why do I have to pay more from my prime account? Please explain. @117795  @115821 https://t.co/EfQnuuxqy4",2318211,@672038 I understand your concern about the price variance. I have checked from our end and the price seems to be the same i.e. Rs.749. Please recheck if the product is sold by the same seller. Different sellers may offer different prices for the same product. ^PJ,Mon Nov 13 09:34:06 +0000 2017,Mon Nov 13 10:14:00 +0000 2017
231798,@115851 Issue everytime.I am stupid buy prime membership.no resolution to genuine problems.it maybe doesn't matter to you but lost a customer today.,400822,@210807 Apologies for the issue with deliveries of your order. Please share your details (1/2)  ^HD,Mon Oct 09 19:16:47 +0000 2017,Mon Oct 09 19:31:30 +0000 2017
2184734,@AmazonHelp I have reported to amazon help India. They are looking into it but why should such couriers like aramax be engaged by #AmazonIndia,2184733,"@639883 I get your concern, Sundar. I'll ensure to forward your feedback to the appropriate team internally for a review. ^NK",Thu Nov 09 17:33:06 +0000 2017,Thu Nov 09 17:53:00 +0000 2017
1424297,Hey @115817 in the last two weeks I've had 2 packages not reach the recipient. Same address...@115821 might need to find a new delivery service,1424296,@450947 I'm sorry you haven't received the orders! What was the latest tracking scans? You can check here: https://t.co/Y5jpI9gRhE ^BH,Fri Oct 20 02:07:05 +0000 2017,Fri Oct 20 02:18:37 +0000 2017
421196,@AmazonHelp @115850 @348 Well am sure it does help your more than customers cuz soon u wont have any. Have ordered again for the same product. Lets see what comes,421197,@181479 We'll surely work on your feedback. ^HK,Tue Oct 10 11:09:50 +0000 2017,Tue Oct 10 11:43:00 +0000 2017
1536959,@AmazonHelp Another order not delivered on time! YOUR delivery person didn't enter PROVIDED access code &amp; claims couldn't access building!,1536958,"@476520 I'm sorry to hear this! Just to confirm, which carrier was assigned to the order here: https://t.co/Y5jpI9gRhE? ^BH",Fri Nov 03 22:31:54 +0000 2017,Fri Nov 03 22:35:00 +0000 2017
123386,"@AmazonHelp Mas eu estou na fase experimental, não sou cliente efetiva",123387,"@143567 No caso, a promoção está disponível somente para quem não tem usado o Kindle Unlimited. 😥 ^DA",Sun Nov 26 17:23:45 +0000 2017,Sun Nov 26 17:38:31 +0000 2017
967163,@AmazonHelp Order #405-0688730-3012319,967166,@349554 your details through the link provided above so that we can look into the issue. 2/3 ^SH,Sat Oct 14 05:13:18 +0000 2017,Sat Oct 14 05:38:25 +0000 2017
2276038,"@115850 Order# 406-0866441-8842738
Paid for One Day Delivery, but now it's showing delay in product delivery.
Kindly resolve the issue. I'm sharing screenshot of tracking page. https://t.co/NWR1t4Wz42",2276039,"@661985 Looks like your order shipping method is dispatched on standard delivery method, this usually happens when express delivery method is maxed out. 1/2 ^MJ",Sat Nov 11 07:02:18 +0000 2017,Sat Nov 11 07:28:01 +0000 2017
2915795,"@115821 @AmazonHelp  Since when is ""less in stock"" the same as out-of-stock. Order keeps being delayed and chat support is ""less than helpful""",2915793,"@807091 I'm sorry about the wait! Can you please provide the original delivery date, carrier name, and reason provided for the order delay? We want to look into this. ^SH",Tue Nov 28 23:27:03 +0000 2017,Tue Nov 28 23:37:52 +0000 2017
687811,@AmazonHelp Es de Amazon logistic México !,687816,"@284276 En este caso te puedes poner en contacto con los transportistas para tener más información, por favor entra al siguiente link: https://t.co/31MPGGW7Pk. ^NP",Thu Nov 23 14:20:52 +0000 2017,Thu Nov 23 14:28:26 +0000 2017
817597,@115850 Really? The package was never delivered.#AmazonIn #AmazonGreatIndianLoot https://t.co/SGe0cpCWTO,817598,"@301705 Sorry about the incorrect delivery status. We'll have this checked, please call us here: https://t.co/TK4yevTaND. ^NR 1/2",Thu Oct 12 21:02:41 +0000 2017,Thu Oct 12 21:10:00 +0000 2017
907479,Hey @115821 and @2150 I needed to leave my house THREE HOURS AGO but plans (and myself) held hostage waiting for pkg. Unacceptable.,907478,@335494 I'm sorry for the delivery issues! We'd like to explore options; please reach us by phone here: https://t.co/hApLpMlfHN ^MV,Sat Oct 21 01:38:05 +0000 2017,Sat Oct 21 02:26:28 +0000 2017
287436,@AmazonHelp we need to talk about this return.,287434,"@184498 We're here to help! Without providing account/personal information, let us know what is going on. ^VB",Fri Oct 06 14:53:37 +0000 2017,Fri Oct 06 14:59:00 +0000 2017
2452514,@AmazonHelp Still i haven't received any response on the same @AmazonHelp,2452516,"@702706 any correspondence yet, I request you to kindly fill in the details once again through the above mentioned link. 2/2 ^PR",Sun Oct 29 17:52:43 +0000 2017,Sun Oct 29 18:03:00 +0000 2017
549448,@AmazonHelp I can't get Alexa to recognize the band Tool she keeps trying to play The Tools. Any suggestions? Even if I ask for forty six and two by Tool she won't recognize it.,549447,"@247941 We'd like to try some real time troubleshooting with you. When you have a moment, please contact us by phone or chat here: https://t.co/EKXRLsnxJu ^AC",Sat Dec 02 18:24:32 +0000 2017,Sat Dec 02 18:35:00 +0000 2017
2032971,@AmazonHelp is it normal on kindle oasis (9th gen) to see the light bleeding out the corner? Might be hard to see in the photo but it's on the top left corner. https://t.co/aVJ5ywAcEN,2032969,"@601146 Hi, Shereen! I'm sorry that you're having an issue with your device. Please use this link for some troubleshooting steps: https://t.co/4gdcEOqMrf  Also, how long have you had your Kindle Oasis?  ^SP",Sun Nov 26 11:02:38 +0000 2017,Sun Nov 26 11:29:00 +0000 2017
382896,"@AmazonHelp Sincerely waiting pst 96hrs to get delivry,no updates on web app email sms twitterPathetic service u seem to enjng fesitivl n custmr suffers",382898,@206736 regarding the issue. Kindly check it here: https://t.co/8DAc10S7ww and revert to it. 2/2 ^AP,Sun Oct 22 06:39:08 +0000 2017,Sun Oct 22 06:58:33 +0000 2017
2379666,A @117086 enviando meus pedidos em um domingo eu amo demais está empresa,2379664,"@686205 Somos cheios de surpresas, Jullyana! ❤🎉 ^DA",Sun Nov 26 17:34:19 +0000 2017,Sun Nov 26 17:39:27 +0000 2017
2878723,"Hey @115821.  I can tell my package isn't going to be delivered today because you shipped with a carrier that can't get in to my building.  Pretty sure I asked for nothing but FedEx, UPS and USPS.  But sure, let's see if ""lasership"" can pull it off.",2878722,@179669 Thank you for contacting us Sean. We cannot assign specific carriers to orders but please keep us posted on the progression of this order.^GA,Tue Nov 28 07:10:55 +0000 2017,Tue Nov 28 07:14:00 +0000 2017
98806,"@AmazonHelp you don't have anything.
U r just #fraud.
#fraud amazon and its delivery entities , agents everyone.",2669273,@137623 I request you to resubmit your details using this link: https://t.co/beaaDm0muc and we'll contact you soon. ^RI,Sun Nov 19 12:28:53 +0000 2017,Sun Nov 19 12:33:54 +0000 2017
246409,@8623 @171152 has cheated me and harassed as well.And tried to buy my loyalty with ₹100 gift card.@1755 @144769,246407,@171151 I understand your concern. Could you confirm if you've shared your details in the link provided to you in DM? ^HD,Thu Oct 05 15:08:31 +0000 2017,Thu Oct 05 15:37:48 +0000 2017
2300036,PrimeNow search broken? Haven’t been able to use it for past hour. Seems to be timing out after several seconds. @AmazonHelp,2300034,"@667567 That's strange! I was unable to replicate the issue from my end, but let's try some troubleshooting. What device are you using to access PrimeNow? Please let us know! ^FD",Sun Nov 12 16:27:12 +0000 2017,Sun Nov 12 16:33:32 +0000 2017
2403970,"@AmazonHelp hey guys, my delivery said it would arrive before 9pm today and they tried delivering it at 12:43 this afternoon, it wasn’t left with my neighbours and I’m told I have to wait another day, any chance I can get it redelivered today ? Thank you x",2403968,"@691514 I'm sorry to hear your parcel didn't arrive as expected! To clarify, did you have your delivery preferences set to have orders delivered to your neighbor? You can find more about this here: https://t.co/tknlsviZG0

Let us know! We're here to help any way we can! ^KN",Tue Nov 14 14:09:41 +0000 2017,Tue Nov 14 14:20:00 +0000 2017
910325,"いくらマケプレといっても、既製品で連絡もなく商品発送期間内に届かないとかおかしくないか…？
実店舗で買えなかったから久しぶりにAmazon使ったけど、Amazonのマケプレ信用できない…。",910324,@336228 ご不便をおかけしております。出品者が直接発送する商品のご注文でしょうか。その場合、お届け予定日を経過しても商品未着の際は、以下のヘルプをご参照いただき、出品者へ直接お問い合わせください。https://t.co/MtlmlvvBKB SM,Sat Oct 21 06:07:30 +0000 2017,Sat Oct 21 06:23:29 +0000 2017
1584476,"@AmazonHelp my money was never refunded, what’s going on?",1584479,"@487565 Hello again, Fernando! I'm sorry to hear you've not noticed a refund for the $110 yet. Have you spoken w/ your bank to have them help confirm the charge &amp; refund both in hopes of finding the transaction due to them being so close to one another? ^TM",Mon Nov 20 18:51:14 +0000 2017,Mon Nov 20 19:03:29 +0000 2017
2777385,@AmazonHelp Sii☺️ ya llego 😍 https://t.co/8dKgSqQnsU,2777383,"@193375 Nos alegra que ya hayas recibido tu paquete. 😉☺️ Cuéntanos, ¿qué has comprado? ^KA https://t.co/FTPzWpxvQu",Tue Nov 21 15:47:50 +0000 2017,Tue Nov 21 15:52:37 +0000 2017
2672274,.@115850 Good spook by your delivery agent in cancelling my order on his whim and switching off his phone. #HappyHalloween,2672273,@752407 I'm sorry for the inconvenience. Please contact us here: https://t.co/rS49hgaADF so that we can assist you accordingly. ^BV,Tue Oct 31 10:28:55 +0000 2017,Tue Oct 31 11:11:31 +0000 2017
2616433,"@AmazonHelp No point in having #SafePlace options permanently set if drivers ignore them &amp; take packages back to the depot, waste of a Prime subscription as I'm unable to wait at home all day",2616431,"@192624 Hello, I am sorry to hear that your safe place instructions have not been followed. Has the safe place area been updated to show on each of your orders? Have a look here: https://t.co/aUM64dS4cp ^CR",Fri Nov 17 14:16:35 +0000 2017,Fri Nov 17 14:28:35 +0000 2017
930385,"@AmazonHelp  I need help I made an order on 12 November and until the 20 of November has not yet sent it, they were quick with the pay, but on slow shipping, I subscribed to amazon prime to see how it works, but I see that it was a loss of money It's not worth it.",930383,@330901 Thanks for reaching out to our Social Media team! I'm sorry for any trouble this may have caused. We'd love to help out! Prime Two-Day Shipping refers to transit time once an item ships. Have we missed the delivery date provided at checkout? ^HM,Mon Nov 20 19:37:31 +0000 2017,Mon Nov 20 19:46:00 +0000 2017
2184695,@120533  réception d'un colis ce jour... photo en l'état .... ou est la marchandise ? Contactez nous merci. https://t.co/gJPjO2UOVz,2184696,@639872 Je suis désolée pour cela. Nous tenons à regarder de plus près ce qui s’est passé et vous aider. Lorsque vous 1/2,Thu Nov 09 17:39:23 +0000 2017,Thu Nov 09 17:58:39 +0000 2017
2459221,@AmazonHelp This what I got mail no solution issue still the same. Now what? Shall I file complain in consumer forum https://t.co/aV61ABolwP,2459222,@410967 The resolution provided by our team is the best we could offer. ^MN,Tue Nov 21 13:24:55 +0000 2017,Tue Nov 21 13:37:03 +0000 2017
2798674,"I don’t know @115830, 1.2 million pounds for some earmuffs sounds kinda peak: https://t.co/CJrWrEfJHA https://t.co/JIYuuinEwO",2798673,@780846 Hey Alex! Thanks for bringing this to our attention. I have escalated this to the appropriate team. ^AJ,Thu Nov 30 23:59:48 +0000 2017,Fri Dec 01 00:36:00 +0000 2017
1735273,@AmazonHelp One charge is pending and one has been taken out but the one pending has already been pulled out.,1735275,@163158 It sounds like you might be seeing an authorization. Please click here: https://t.co/4Z7eDQV5hY to read more info on them ^NM,Tue Nov 07 13:52:48 +0000 2017,Tue Nov 07 14:00:03 +0000 2017
1246761,@AmazonHelp 予約したものの支払い番号はいつ来るのでしょうか。,1246763,@412506 お支払い番号は、商品確保次第のご連絡となりますので、予約商品の場合は、商品入荷後のご案内となります。そのため、発売日前後のご連絡となるかと思われますので、ご案内のお届け予定日を目途にお待ちくださいませ。TY,Mon Oct 16 23:56:29 +0000 2017,Tue Oct 17 00:06:01 +0000 2017
656035,@AmazonHelp Yup. Still not here. I hate when y'all use anyone other than UPS/USPS,656037,@276067 Thanks for letting us know! Someone from my team would like to look into this with you. Please provide as many details as you can about this issue here: https://t.co/OaUdTwdwBo ^AJ,Thu Nov 23 02:34:22 +0000 2017,Thu Nov 23 02:39:00 +0000 2017
1141475,@117795  music doesn't have a jazz category ! #wellthatsmedone,1141473,@388693 Have you had a chance to look into these options: https://t.co/IuRgLr6Ppm ^AF,Sun Oct 15 16:04:57 +0000 2017,Sun Oct 15 16:09:42 +0000 2017
1074610,@115821 why is it so hard to report I didn't get my package?,1074607,"@373547 I'm sorry for the frustration. Without providing any account details, will you tell us more about what's going on? ^KB",Sun Oct 15 00:23:38 +0000 2017,Sun Oct 15 00:28:31 +0000 2017
1890581,"Yo, I wanted to check the price of an item since it was like bugged in sales screen, so I continued until the last page and accidentally clicked checkout with an unvalid card. I'm getting mails about giving info about a card thats no longer valid(also it was virtual)@AmazonHelp",1890580,@563805 Hey. From which website did you place the order on - Amazon .com / .co.uk / .in etc ? ^TP,Sun Nov 26 08:30:09 +0000 2017,Sun Nov 26 08:34:37 +0000 2017
703823,"Cuando algo en Amazon es vendido por tercero fuera del país y dice ""Precio+X de envío a Ciudad de México"", ¿quiere decir que el envío es a CDMX y de ahí a otro lado es una cuota adicional o es el envío a cualquier lugar de México? (Cc @116875)",703822,"@288165 Hola Walt, a respecto tu consulta ¿es sobre un producto vendido por un vendedor externo? ^MB",Thu Nov 23 17:59:24 +0000 2017,Thu Nov 23 18:07:00 +0000 2017
301526,"@AmazonHelp Ya me llegó la confirmación de cancelación, muchas gracias!!!",301529,@187928 Con gusto Roberto. Estamos para ayudarte cuando nos necesites. ^JJ,Fri Oct 06 22:27:32 +0000 2017,Fri Oct 06 22:50:00 +0000 2017
2049089,@AmazonHelp Ah ok d'accord. J'avais jamais eu ce genre de chose avant. Pourtant je commande énormément. C'est seulement pour ce genre de produits ?,2049090,@136727 C'est le cas pour certains articles. Plus d'informations sont disponibles sur la page suivante : https://t.co/QGmOGKcWFZ ^FA,Wed Nov 08 08:59:11 +0000 2017,Wed Nov 08 09:19:26 +0000 2017
516643,@AmazonHelp  https://t.co/OgpRojG1Kx,516645,"@239079 I'm so sorry for the delay, Julie! We'd like to look into what options may be available! Please reach out to us via phone or chat here: https://t.co/hApLpM3Ejd ^AR",Sat Dec 02 01:44:49 +0000 2017,Sat Dec 02 01:51:33 +0000 2017
2555106,@AmazonHelp IVE DONE BOTH OF THESE THINGS! #HelpACustomer,2555108,@725576 We do not have access to your account or the order so please reach us here: https://t.co/JzP7hlA23B ^DD,Thu Nov 16 16:10:51 +0000 2017,Thu Nov 16 16:14:29 +0000 2017
1594667,"@AmazonHelp The courier lied about me refusing delivery &amp; everyone is ignoring that. This was not an error., it was a deliberately misleading statement.",1594668,"@490013 Hey, we've received your details, somebody will be in touch as soon as possible. Who's the carrier of your delivery today?^TP",Wed Nov 08 10:44:26 +0000 2017,Wed Nov 08 10:57:52 +0000 2017
576023,@AmazonHelp All I want @115830 to do is to cancel this replacement and pick up the faulty item. Surely it’s not much to ask for?,576024,@255535 Completely understand the frustration. Can you please contact us via this link: https://t.co/JzP7hlA23B. We would like to get this sorted for you. ^JC.,Sun Dec 03 08:49:42 +0000 2017,Sun Dec 03 08:54:05 +0000 2017
954113,@AmazonHelp What are these options?,954107,@203264 We're unable to access your account via Twitter. Please reach out to us using the link ^VS provided above.  ^KP,Sat Oct 21 21:09:49 +0000 2017,Sat Oct 21 21:13:31 +0000 2017
390019,"Dear @115850 please choose better courier than @120169 
They're fooling
Nobody tried to deliver,I was present at my address with phones on https://t.co/2ogmJTSTQR",390018,@208329 Please don’t provide your order details as we consider them to be personal info. Our Twitter page is visible to public. ^JC,Mon Oct 09 15:00:02 +0000 2017,Mon Oct 09 15:17:40 +0000 2017
1226521,@AmazonHelp already done but no help,1226520,@407747 Kindly share your details here: https://t.co/GIJyeYqKE0 and I'll look into this. ^SG,Wed Oct 25 17:55:52 +0000 2017,Wed Oct 25 18:18:56 +0000 2017
2179097,@171152 Just small mistake in the contact number frok my side it shoul be 9404358404. But by mistake 5 was replaced by  3 while placing the order,2187326,@638623 I get your concern. Please fill in your details here: https://t.co/beaaDm0muc &amp; I’ll contact you at the earliest.(1/2)^AU,Thu Oct 19 13:01:32 +0000 2017,Thu Oct 19 13:28:00 +0000 2017
2802336,"@115850  very funny amazon.in 
Being a paid prime member 
Prime item does not received 
Paid on 07 Nov , expeected delivery was 16 Nov.  Cancelled on 20 Nov for refund. 
Very clever way to cheat customer. As no resend option was not there. 
Refund options I will loose 75/- cb",2802333,@781723 That's quite a remark. Have you tried reporting this to our support team here : https://t.co/TdDksLo6Mf so that we can assist you accordingly? ^SD,Wed Nov 22 00:47:24 +0000 2017,Wed Nov 22 01:00:00 +0000 2017
985102,"@115850 i placed an order details as following:-ORDER PLACED
5-10-17
ORDER-
406-6819621-4057152 
&amp; still the status of order is showing 😡😡 https://t.co/flsrbUAdh4",985117,@353499 Orders are delivered by the estimated delivery date. Kindly wait. Please don’t provide your order details [1/2],Sat Oct 14 09:57:25 +0000 2017,Sat Oct 14 10:10:28 +0000 2017
2905045,"@AmazonHelp I just looked and there hasn’t been any purchases in the last week or two, and i think my card info was on there from me ordering something.",2905046,@804489 Go ahead and have your brother contact us by phone or chat here: https://t.co/hApLpMlfHN Our representative will locate the charges and provide options. Take care! ^DA,Tue Nov 28 20:07:04 +0000 2017,Tue Nov 28 20:12:46 +0000 2017
326313,@AmazonHelp I filled the form yesterday and still waiting for YOU to revert. 3rd day of #amazonprime delivery.#Joke,326314,"@193740 If you've shared your details, we should've sent a correspondence to you here: https://t.co/NTkrxpsbHJ. ^PS",Mon Oct 09 05:24:59 +0000 2017,Mon Oct 09 06:12:00 +0000 2017
114293,"@115830 I have a delivery due tomorrow, but will unexpectedly be out until at least 4pm. Is there any way to let the courier know so they don't need to do a double-journey?",114292,"@141405 We can look into the available options with you. At your convenience, please reach us via phone or chat: https://t.co/oGDklGgbCZ ^SJ",Thu Nov 23 21:22:28 +0000 2017,Thu Nov 23 21:27:30 +0000 2017
535746,"@116316 seit 5 tagen wird meine lieferung angeblich ""heute"" zugestellt. was is'n da los in prenzlauer berg?",535744,@244119 Oh nein :( Welcher Versanddienstleister sollte dir denn eigentlich diese Bestellung zustellen? ^MS,Sat Dec 02 12:36:22 +0000 2017,Sat Dec 02 13:03:00 +0000 2017
2707603,"@AmazonHelp I placed an order at Amazon US but, almost 24 hours after that, I haven't been charged yet. Is something wrong with my payment method?",2707601,@760370 I'm sorry for the concern. We don't charge your card until your order has shipped. You'll be notified via e-mail is there are any issues processing the order. ^CL,Mon Nov 20 00:13:51 +0000 2017,Mon Nov 20 00:18:00 +0000 2017
2664648,"@AmazonHelp « pas encore expédié », j’ai fait annulé la cmde et j’ai reçu un dédommagement misérable ne couvrant pas la diff avec l’achat en magasin 👍🏼",2664650,@750803 Avez-vous  reçu un e-mail explicatif concernant le retard impactant votre colis s'il vous plaît? ^SA,Tue Oct 31 08:46:12 +0000 2017,Tue Oct 31 08:54:00 +0000 2017
2296508,@AmazonHelp Yes...package was to be delivered today &amp; have not received anything...,2296506,@666744 Did you receive any emails or notifications providing an explanation for the delay? ^CH,Sun Nov 12 21:27:01 +0000 2017,Sun Nov 12 21:35:30 +0000 2017
155105,@AmazonHelp I sent an email to them about it and I am waiting on it but now it won’t even show as an item on your site.,155104,"@151573 If 48 business hours pass and you haven't received a response or they aren't able to resolve your issue, please file an A-to-z Guarantee claim by following these steps: https://t.co/5LBaEzfhEu ^AN",Fri Nov 24 17:01:27 +0000 2017,Fri Nov 24 17:06:55 +0000 2017
1415232,"gonna start this with minor offense. @115821 1918 8th ave. Amazon Blackfoot i believe. could check if it is blackfoot, but i'll go with my gut. these shuttle drivers not only park -and drive like crap but typically refuse to use hazards or turn signals. 💀 https://t.co/FsRpyijleY",1415227,@448879 We'd like to look into this further. Please give us additional information here: https://t.co/0M2AWCSS21 ^CC,Thu Nov 02 01:46:49 +0000 2017,Thu Nov 02 02:21:27 +0000 2017
1425657,"amazonビデオの謎の知育ぽいアニメ(娘のお気に入り)を息子が見てて、
テレビ「数字が出てきた！何て書いてあるかな？」
息子「はち！」
テレビ「そう！4だね！」
とかなっててめちゃわらけた",1425655,@451207 はちです！はちだと思います！！((( *´꒳`* ))) ET,Thu Nov 02 04:32:38 +0000 2017,Thu Nov 02 04:43:00 +0000 2017
2142373,Diebuster DVDs on US Amazon currently $20. Can't buy them cuz I don't have a US bank account or credit card though.,2142372,@629917 Here is a list of the payment methods we accept https://t.co/VAP9FQRYq1 ^KM,Thu Oct 19 09:10:38 +0000 2017,Thu Oct 19 09:22:50 +0000 2017
2823978,"@AmazonHelp Sauf que je vois des numéros de colis ainsi que les compagnies qui vont avec sur vos pages de suivie mais quand je vais sur le site des dites compagnies, j'ai droit à des ""ce numéro n'existe pas""...",2823979,@705513 Avez-vous contacté le vendeur à ce propos ? ^ME,Mon Nov 27 10:12:54 +0000 2017,Mon Nov 27 10:16:28 +0000 2017
276413,@AmazonHelp Still not received any solution from Amazon. Waiting from last 15days. Is this kind of service you are providing to the customer?,276414,@182038 Apologies for the ordeal. Kindly share your details here: https://t.co/GIJyeYqKE0. We'll look into it. ^PS,Fri Oct 06 07:21:55 +0000 2017,Fri Oct 06 08:53:29 +0000 2017
1259946,"@AmazonHelp ありがとうございます！
Eメールアドレスの変更できました☺️",1259948,@415198 お役に立てて何よりです。ご不明な点がありましたら、ご遠慮なくお知らせください。ご利用ありがとうございます。ET,Thu Oct 26 09:51:22 +0000 2017,Thu Oct 26 09:58:00 +0000 2017
17220,@AmazonHelp None of your links are taking me to a solution. Been after this since 3 days. Most pathetic service ever. You guys shall call me ASAP! (1/2),17223,@119793 Please add an email address to your account and then continue to fill the form. Appreciate your patience. ^RW,Wed Nov 01 06:51:15 +0000 2017,Wed Nov 01 07:13:00 +0000 2017
2484016,"@AmazonHelp Replied , kindly provide the cashback",2484017,"@709642 Thanks for doing that, Shriram. We'll check the details and provide an update soon. ^JC",Sat Nov 18 07:11:44 +0000 2017,Sat Nov 18 07:36:00 +0000 2017
284819,@115850 why there is no COD or exchange available for #Sikkim.. are we not part of India?,284820,@183849 exchange facility is subject to availability of a buyback partner at your location. I understand you're [2/3] ^HA,Fri Oct 06 13:38:41 +0000 2017,Fri Oct 06 13:52:00 +0000 2017
1947062,@116016 I’ve been trying to get an authorization chg from @115821 off my acct for a month. Missed call &amp; # left has been busy all day. Tips?,1947061,@334328 I'm sorry for the authorization trouble! Have you contacted the bank for insight on their policy to remove pending charges? ^BH,Sun Oct 29 22:34:10 +0000 2017,Sun Oct 29 22:41:38 +0000 2017
573504,#tenyearsofkindle mark the end of my kindle usage I guess. What say @137341,573503,"@253805 Akhila, let us look into it. Please share your details from the link here: https://t.co/VNUITkunAc and we will assist you further. ^HR",Sun Dec 03 05:50:33 +0000 2017,Sun Dec 03 06:08:00 +0000 2017
1570923,"Yoo, I just got charged a $32 restocking fee for returning a sealed game to Amazon. Only got half my money back. Great way to lose customers",1570921,"@484400 I'm sorry for the frustration! For information on Restocking Fees, please visit here: https://t.co/hbYwLMTwjk ^AC",Sat Nov 04 17:15:46 +0000 2017,Sat Nov 04 17:23:00 +0000 2017
425193,"@115821 How many days, months or year I have to wait for my refund",679904,"@216161 Kindly confirm if the details were filled through the secured link provided earlier? I would request you to do, if not done yet. We would investigate as soon as we receive the details and connect with you shortly. ^KK",Thu Nov 23 07:09:01 +0000 2017,Thu Nov 23 08:01:53 +0000 2017
1021068,"@117093 we received 3 large deliveries BUT we didn't order-u sent to wrong name,address n town-how do we return things we didn't order",1021067,@361624 I'm sorry for the troubles. You'll have an option to choose I didn't order this item on an order: https://t.co/1qmPVi6U9x ^VS,Sat Oct 14 16:11:40 +0000 2017,Sat Oct 14 16:16:00 +0000 2017
2790420,@AmazonHelp The package arrived damaged and the item inside was broke,2790422,@778820 That's not what we like to hear! We'd like to help! Please visit us here: https://t.co/WFHTrdwkS4 to start the return process. ^TK,Tue Nov 21 20:30:11 +0000 2017,Tue Nov 21 20:34:00 +0000 2017
230203,@115821 hola! Como puedo hacer una factura de una compra??? Solo soy capaz de introducir una dirección!!!,230202,"@170842 Hola Dani, ¿en la página de Amazon de cuál país hiciste la compra? ^AR",Thu Oct 05 09:16:21 +0000 2017,Thu Oct 05 09:21:00 +0000 2017
2772445,"Always a joy when @118706 marks my @115821 shipment as delivered, but doesn't bother to actually deliver the package

@123967 #Fail #Fraud",2772443,"@774927 Hello Rick, thanks for reaching out to us via Twitter! We'd love to look it this for you! Sometimes when packages are delivered, they are put in a safe place. Have you tried these troubleshooting steps: https://t.co/spMBvwM85j
Pleas let us know if this helps! ^AR",Mon Nov 27 00:09:05 +0000 2017,Mon Nov 27 00:14:33 +0000 2017
527613,"キリがいいので、今日からアマゾンプライム会員になった
今日からだとちょうど年末で無料期間終わって来年から年契約課金になるから、覚えやすい",527612,"@242136 |´-`)ﾁﾗｯ　キリがいいですね・・！　プライムにご登録いただき、ありがとうございました🙇
プライム特典をご活用いただければ幸いです。
特典一覧は以下リンクよりご参照いただけます。https://t.co/JVlaJGxgAX HM",Sat Dec 02 08:12:35 +0000 2017,Sat Dec 02 08:27:56 +0000 2017
480364,@AmazonHelp Bei Musik unlimited geht nichts?! https://t.co/wCvGaXW8ll,480366,@229166 Hast du es denn nun schon mit einer Deinstallation und erneutem Laden der App probiert? ^MS,Fri Dec 01 13:42:36 +0000 2017,Fri Dec 01 14:11:00 +0000 2017
389632,"#badcustomerservice @115830 bought £200 anniversary gift, attempted delivery after 9pm - couldn't be bothered to try redelivery?! 😠",389631,@195342 I'm so sorry! Late parcels usually reattempt on the next day. Has your tracking updated here? https://t.co/aaDyEz1VgE ^TK,Mon Oct 09 15:05:26 +0000 2017,Mon Oct 09 15:11:00 +0000 2017
789279,@119625 I've already watched 5 unique titles but didn't get any email,789277,"@132741 Samit, watching 5 titles makes you eligible. However, only the winners will receive the email. Bettler luck next time. ^MS",Thu Oct 12 11:32:32 +0000 2017,Thu Oct 12 11:36:27 +0000 2017
2278329,"@AmazonHelp Order date:15-Oct-2017
Order No:407-7059915-6297120
Order total:599.00
Email: patniabhishek@gmail..com
Hope this helps. Tell ETA",2278331,"@662454 Please don't provide your order/account details, we consider it to be personal information. Our page is visible to the public. (2/2) ^MO",Sat Nov 11 19:03:51 +0000 2017,Sat Nov 11 19:12:00 +0000 2017
2347727,"@115850 @AmazonHelp Fedup of the fake updates from Amazon.When I called, I was assured that delivery will happen. Out for delivery for two days but I didn't get a single call. https://t.co/gAWqQpsZ9l",2347725,"@678728 Apologies for the incorrect tracking updates. We'd like to have this checked, write to us here: https://t.co/beaaDm0muc and we'll contact you soon. Please don't provide your tracking details, we consider it to be personal info. Our page is visible to the public. ^MO",Mon Nov 13 16:15:10 +0000 2017,Mon Nov 13 16:56:00 +0000 2017
386137,@207418 @120533 Amazon fait ce genre de livraisons?,386135,@207417 Ce type de livraison  https://t.co/ENHwylezZZ ^SN,Mon Oct 09 12:51:53 +0000 2017,Mon Oct 09 12:58:30 +0000 2017
993969,"@AmazonHelp Sin problemas! El repartidor sabe que es barrio de fiar! No me gustaría que se convirtiera en costumbre, pero por una vez no pasa nada ;-)",993971,"@355470 Entendemos, Jesús. Recuerda que también puedes enviar tus comentarios en este enlace: https://t.co/R2bbtV09QK. ^LG",Sat Oct 14 12:50:44 +0000 2017,Sat Oct 14 13:04:00 +0000 2017
2388034,"For anyone who wants to buy me Christmas presents, locate six pair of tiny antler ears suitable for like a chihuahua or something.  No reason.

Also, @115821 my Christmas Bear is not showing and it's three days past your previous latest date where is my bear.",2388032,@688097 That's not what we want to hear! Has there been any update on your tracking listed here: https://t.co/Y5jpI9gRhE? ^KM,Tue Nov 14 07:42:03 +0000 2017,Tue Nov 14 07:45:26 +0000 2017
1953355,@AmazonHelp No delivery....is there no way of fining the courier?It is YOUR Prime service they are messing with.,1953356,"@579935 Hi, Please reach out to us with the link provided so we may look into this for you.  https://t.co/RiGhieoIbP ^CR",Fri Nov 17 07:06:59 +0000 2017,Fri Nov 17 07:12:24 +0000 2017
2899574,Hola @116928! Los calendarios de adviento que tenéis tienen día de entrega después del día 1. No tiene mucho sentido 😅. Solo como recomendación #friendlytweet,2899573,"@803289 Hola Natalia, las fechas estimadas de entrega dependen de varios factores, como la ubicación geográfica, método de envío seleccionado entre otros. Puedes obtener mas información en el siguiente enlace: https://t.co/RCssSgZ9EY. ^NP",Tue Nov 28 17:43:57 +0000 2017,Tue Nov 28 17:51:00 +0000 2017
1397901,YO @115823 Where is my money from last week =( I got bills to pay soon fam =\,1397899,"@164726 Hi, are you waiting on a refund? Please tell us more without sharing account or order info. ^AT",Sat Oct 28 15:32:09 +0000 2017,Sat Oct 28 15:34:28 +0000 2017
317293,"@AmazonHelp my Alexa is flashing green and I asked her why said it’s an incoming call or to do with a drop in, can u help it won’t stop?",317291,"@191722 Hi Alison, have you tried restarting? ^AT",Sat Oct 07 08:17:42 +0000 2017,Sat Oct 07 08:35:25 +0000 2017
1260437,間違えてAmazon予約特典の曲追加プロダクトコードが書かれたメール消しちゃったwwww,1260436,@415308 アマゾンです。アカウントサービスのメッセージセンターからはご覧いただけないでしょうか。確認できない場合は、こちらからカスタマーサービスにご連絡ください。https://t.co/NtNAX37Sr4 ET,Thu Oct 26 09:54:49 +0000 2017,Thu Oct 26 10:01:32 +0000 2017
571778,@AmazonHelp ご確認ありがとうございました！,571779,@254310 とんでもないことでございます。今後も万が一お困りのことがございましたら、ご遠慮なくお知らせください。 YM,Sun Dec 03 05:07:13 +0000 2017,Sun Dec 03 05:10:00 +0000 2017
2273233,"Bonjour @120533, j'ai renvoyé un colis mardi matin (mauvais article reçu ) et je n'ai aucune nouvelle depuis. Le statut du retour a même disparu sur le site. n° de commande : 408-2311467-0692361",2273231,"@484666 Bonjour, désolée pour cela, lorsque vous avez fait le retour avec notre étiquette, avez-vous eu un numéro de suivi à vérifier sur le site du transporteur je vous prie ? 
^KE",Sat Nov 11 13:17:45 +0000 2017,Sat Nov 11 13:37:57 +0000 2017
470816,"@AmazonHelp You did not provide any explanation for the delayed delivery. 

Your e-mail is useless and does nothing and please do not waste my time with useless e-mails like this.

Why the order was delivered after one week of delay?",470818,"@227098 If the correspondence you've received doesn't answer your questions and your concern remains unresolved, feel free to write back to us. ^YP",Fri Dec 01 13:52:47 +0000 2017,Fri Dec 01 14:07:06 +0000 2017
1742701,Pas très écolo le carton pour un jeu de switch @120533 https://t.co/a3o1CXppze,1742700,"@525684 Bonjour, je suis désolée pour cela😓
Vous avez la possibilité d'évaluer l'emballage via: https://t.co/Kfvpoov9cD  ^FT",Tue Nov 07 14:09:27 +0000 2017,Tue Nov 07 14:16:31 +0000 2017
1001110,@AmazonHelp Yes that worked! TY,1001109,@261934 Awesome! Glad we could help! ^TR,Sun Oct 22 17:28:07 +0000 2017,Sun Oct 22 17:30:01 +0000 2017
277602,"@AmazonHelp Inspite of filling up the form, no revert from Amazon, very poor customer service.",277603,@171321 https://t.co/8DAc10S7ww and respond to that email If you have any further queries. 2/2 ^NK,Sun Oct 08 14:56:07 +0000 2017,Sun Oct 08 18:21:00 +0000 2017
2310813,Amazon使ったことないし登録もしたことないのにアマゾンジャパンから料金発生どうのこうのってショートメール来た😇誰だよおめー👋🏻,2310812,@670187 ご認識の通り、そちらのEメールはAmazonから送信されたものではございません。正式なメールかどうかの識別方法については、こちらのヘルプページをご参照下さい。 https://t.co/GY3uNs7aRR EK,Mon Nov 13 04:46:13 +0000 2017,Mon Nov 13 04:50:28 +0000 2017
283189,Eurgh why is my parcel taking so long to come @115830 #websterspages excited for it but can't use it,283187,@183463 Sorry to hear about this Danielle. Is there tracking available?: https://t.co/aaDyEz1VgE ^PK,Fri Oct 06 12:21:52 +0000 2017,Fri Oct 06 12:45:08 +0000 2017
665470,@115850 Any contest,913821,"@165804 However, we do not have any update yet on the contests. Please stay tuned for upcoming contests. ^BS",Sat Oct 21 07:28:05 +0000 2017,Sat Oct 21 08:24:34 +0000 2017
1141470,"Wondering how my @115821 order says it was delivered, but I have no package??? https://t.co/A952wmydFE",1141469,@388691 Oh no! Have you tried these tricks for locating a package that shows as delivered: https://t.co/BoUlmcMBWz? Let us know! ^TG,Sun Oct 15 16:03:23 +0000 2017,Sun Oct 15 16:10:34 +0000 2017
814263,@AmazonHelp @115851 now are you guys delivering the Cadbury rich dry fruit ? Diwali is over,814264,@313942 Sorry for the stretch. We certainly did not expect this to happen. Please revert to our correspondence for further help. ^ST,Sat Oct 21 03:28:01 +0000 2017,Sat Oct 21 04:14:25 +0000 2017
932280,"@AmazonHelp Yeah that didn’t work, still have the items there showing as unavailable",932282,"@220082 You can use these steps to permanently remove items from your Library: https://t.co/jvpkIsKUlF

Let us know if this helps! ^KN",Sun Oct 22 14:34:07 +0000 2017,Sun Oct 22 14:43:00 +0000 2017
205092,@115830 Seriously nearly lost the will to live. Can sign into Amazon account but not Kindle. Why??!!,205091,@164576 I'm sorry for the sign in trouble! Are you getting an error message? Have you tried restarting your device? ^GL,Wed Oct 04 23:20:15 +0000 2017,Wed Oct 04 23:25:00 +0000 2017
455493,@AmazonHelp why’d I clicked 2 day shipping on MONDAY and still don’t have my package?,455492,@223122 Thanks for reaching out! We're here to help. What was the original delivery date provided to you in your order confirmation e-mail: https://t.co/pyS7YNbHrQ? ^LH,Thu Nov 30 23:16:17 +0000 2017,Thu Nov 30 23:49:33 +0000 2017
1080314,"@AmazonHelp Hab schon telefoniert, weil es die 4. Ersatzlieferung war, kann kein Ersatz mehr rausgehen. Soll erstmal 24 Stunden warten (und mich beruhigen).",1080315,@374854 1/2 😳Das Ding mit den 24 Stunden versteh ich nicht. Ich hätte dir jetzt einfach eine Rückgabe gegen Erstattung und,Mon Oct 23 19:26:14 +0000 2017,Mon Oct 23 19:41:00 +0000 2017
2379706,"@115850 wha is your SLA for added money showing in amazon pay balance, its over 1 hr after payment processed, money still not showing.",2379705,"@199300 That's strange, Vijay. Please get in touch with our support team using this link: https://t.co/R3EfhzgU8B and we'll assist you further. ^NK",Sun Nov 26 17:18:16 +0000 2017,Sun Nov 26 17:35:00 +0000 2017
760440,Not impressed with @115830 guaranteed delivery date and then half way through day say delivery tomorrow.. not good!! #prime,760438,@301697 I'm so sorry for the wait! Did you receive an e-mail stating any sort of delay? ^MH,Wed Oct 11 19:58:08 +0000 2017,Wed Oct 11 20:09:49 +0000 2017
1325575,Not on priority its high priority you have committed and you have to solve it @115850 @AmazonHelp @115851 https://t.co/TBMJrrkPLc,1325576,"@426486 I can understand your urgency, however responding to the email correspondence will resolve your issue faster, (1/2) ^SI",Fri Oct 27 10:54:44 +0000 2017,Fri Oct 27 11:18:00 +0000 2017
1730754,@AmazonHelp But it will affect ur brand name...so u should have such a team who can check the real price of the product.,1730756,"@522975 I get your concern, Sachin. I’ll ensure to forward your feedback to appropriate team internally. ^NK",Tue Nov 07 11:50:11 +0000 2017,Tue Nov 07 12:08:33 +0000 2017
418990,@AmazonHelp We too tried to be in touch with customer care but instead of helping out they said they don't have any responsibility regarding this...,418993,"@214939 with an update at the earliest. Also, please don't provide your order details, as we consider it to be personal 2/3 ^EM",Tue Oct 10 08:29:50 +0000 2017,Tue Oct 10 08:44:00 +0000 2017
435642,@AmazonHelp Les informo q son las 20h yno herecibido nada.Solicito el reenvio dl producto conotra CIA dtransporte yse cancele el envio con @137605,435644,"@216207 Por este medio no contamos con acceso a tu cuenta, por favor entra en contacto con el SAC para reportar lo que indicas. ^DA",Tue Oct 10 18:05:35 +0000 2017,Tue Oct 10 18:08:00 +0000 2017
2142451,@AmazonHelp idk if the notification relies on the delivery-person confirming it or if its automatic,2142452,@629940 It would be confirmed as del by the driver but can be a delay in the system updating. Please let us know once you check items ^NV,Thu Oct 19 09:38:39 +0000 2017,Thu Oct 19 09:54:26 +0000 2017
2522365,Amazonプライムでモヤさまみてるけどほんと面白い,2522364,@718369 プライム・ビデオのご利用ありがとうございます😊✨✨ SK,Wed Nov 15 16:20:28 +0000 2017,Thu Nov 16 01:58:34 +0000 2017
832684,@171328 @81 @3974 @115850 @AmazonHelp Your support staff isn't helping either. They r as clueless as FedEx folks. I would just like to highlight the it's 2017 but your services seem to be a decade old. Pathetic. Shameful. @115851 @1840,832683,@318321 Kindly share your details on the link here: https://t.co/GIJyeY99fq and I'll contact you soon. 2/2 ^PS,Fri Oct 13 05:44:18 +0000 2017,Fri Oct 13 06:01:55 +0000 2017
417512,@115850 bad service to customers And return policy are worst.My product return is not done from last 15 day and amazon care not supporting,417511,@214621 I'll look into it for you. (2/2) ^ST,Tue Oct 10 03:36:37 +0000 2017,Tue Oct 10 03:54:00 +0000 2017
2276361,@AmazonHelp yes!that's what I did previously and spent hours talking to your support guys.Amazon doesn't pay me for my time. call me. i wnt write nythng,2276363,@336585 I'm sorry about the situation. Kindly share your details here: https://t.co/GIJyeYqKE0 and I'll look into this. ^SG,Sat Nov 11 17:21:02 +0000 2017,Sat Nov 11 18:24:22 +0000 2017
1432256,@AmazonHelp entro oggi dovrebbe arrivarmi a casa o.. https://t.co/N9gZTpwQYV,1432255,@452581 In caso di ritardo con il tuo ordine contatta il nostro Servizio Clienti per assistenza: https://t.co/YtcS8zMWhk. ^LF,Thu Nov 02 13:19:06 +0000 2017,Thu Nov 02 13:28:29 +0000 2017
1433094,Ordered an #Iphone7 from @115850 and got a fake Chinese iPhone. What rubbish. Can't trust #Amazon for electronics. I want a refund. https://t.co/fPx3haGnRQ,1433093,@452743 Sorry for the mess. Please report this to our support team here: https://t.co/vlvfJr4nN9. They'll assist you with it. ^ST,Fri Oct 20 08:20:25 +0000 2017,Fri Oct 20 08:37:31 +0000 2017
2718485,"@AmazonHelp Kim, thanks. Beyond a joke &amp; livid with the company &amp; incompetence in handling",2718486,"@280281 Hi Colin, after completing the form a specialist will be in touch with you soon. Let us know how you get on. ^TI",Mon Nov 20 09:21:31 +0000 2017,Mon Nov 20 09:30:29 +0000 2017
86024,@AmazonHelp How long for your team to get back? Don't you have a timeframe?,86025,@134783 Our team would get back to you with an update anytime within 6-12 hours. Appreciate your patience. ^EM,Fri Dec 01 09:26:11 +0000 2017,Fri Dec 01 09:48:33 +0000 2017
1635215,will this product ever be available or can i find it on Amazon? I'm waiting from a long long tym @80960 @182860 @160663 @3977 https://t.co/554HyR7VCP,1635213,@500201 I've checked and can see that this product is not available with any of the sellers right now. Please stay tuned.  ^SS,Sun Nov 05 20:52:38 +0000 2017,Sun Nov 05 21:11:30 +0000 2017
1602389,@AmazonHelp Depuis jeudi il est en cours de livraison... j’ai contacter le service clients et ils vont me recontacter mardi 😞 https://t.co/VhEwpkEydL,1602390,@481484 J’espère que tout rentrera dans l'ordre le plus rapidement possible ^SN,Sun Nov 05 14:16:06 +0000 2017,Sun Nov 05 14:34:29 +0000 2017
1376029,@AmazonHelp I have cancelled my prime membership and I will no longer be using your service. 3/,1376031,@440329 I understand your frustration. Which carrier was delivering your package? ^TN,Sat Oct 28 02:17:18 +0000 2017,Sat Oct 28 02:31:27 +0000 2017
2784530,"hi @115850 , recently I am seeing that on some items it is labled as ""10-day replacement only"", suppose even after 1 replacement I have some issue with the product, then can i return it for refund?",2784531,"@258591 I get your concern, Susobhan. Ideally, the replacement order should be working fine If the original order turns out to be a defective one. However, If there is any issue with  the replacement order, we will check with the available options and will assist 1/2 ^NK",Tue Nov 21 17:48:29 +0000 2017,Tue Nov 21 18:12:36 +0000 2017
1346558,@115850 my prime membership is expiring on 14 Dec 2017 &amp; 499 offer expiring on 31 Oct. Wish to to renew now but unable to. Kindly suggest,1346557,"@434012 You can subscribe to prime membership, once the current membership expires. ^SQ",Fri Oct 27 17:04:52 +0000 2017,Fri Oct 27 17:14:01 +0000 2017
359783,"@AmazonHelp Hola! GRACIAS! Todavía no por ahora hay familia en casa, solo he podido modificar el OLED https://t.co/SHN42KmqKg",359785,@201215 Esperamos que lo disfrutes 💛 ^VL,Sun Oct 08 17:00:48 +0000 2017,Sun Oct 08 17:13:27 +0000 2017
986887,@AmazonHelp I done before also .. u send me link i fill all details still u guyz cant reslove the issue. I m not even getting single call from amazon,986889,"@328920 I have checked thoroughly but I'm afraid we haven't received your details. Please sign in to your account,(1/2)^SF",Tue Oct 24 10:01:48 +0000 2017,Tue Oct 24 10:33:00 +0000 2017
2553849,@115850 should start cab business like Uber and Ola in India. I am sure they will give the best customer service like they give to the online shoppers. @115851 think about it. @115821,2553848,@313956 Knowing that customers are happy with our service means the world to us. We'll ensure to do every thing possible to provide the best customer experience in which ever services we launch. ^MN,Thu Nov 16 15:19:27 +0000 2017,Thu Nov 16 15:40:01 +0000 2017
93558,@AmazonHelp Dieser Zwinker Smiley triggert mich hart *böse mit den Armen wirbel* xD,93556,@136277 Oh.. Wieso denn? :( Schaut das jetzt besser aus? 😉 ^LN,Thu Nov 30 15:41:15 +0000 2017,Thu Nov 30 15:49:31 +0000 2017
2590674,"@AmazonHelp Sorry, i don't appreciate your answer. MRP is MAXIMUM RETAIL PRICE, Maximum means MAXIMUM. How can one charge more then that?",2590676,"@733784 I comprehend your situation, Neeraj. I'll forward your feedback to the team concerned for review. ^HD",Mon Oct 30 20:04:07 +0000 2017,Mon Oct 30 20:18:34 +0000 2017
2074047,@AmazonHelp Can you guys work on your pathetic service?? You delivery boys think that they are the KING of their respective AREA. Work on it before it goes WORST.,2074049,"@613408 Apologies as informed earlier, please place a new order. I've noted your comments and forward your feedback internally. ^MN",Wed Nov 08 13:01:57 +0000 2017,Wed Nov 08 13:18:24 +0000 2017
1042299,@AmazonHelp Shared details on web form. Pl action,1042301,@366438 Thanks for the update. We've received your details and we're working on the problem you're facing. ^HA,Mon Oct 23 11:24:34 +0000 2017,Mon Oct 23 11:51:00 +0000 2017
136120,@AmazonHelp Yes been in contact with cust services. Not sure but it seems that it is DPD deliveries. Deliveries seem to be a mess at the moment when usually dependable. I can wait for most things but an item that I needed yesterday didn't turn up which has caused a problem.,136117,@146670 What were you advised by the associate?^SM,Fri Nov 24 09:34:27 +0000 2017,Fri Nov 24 09:43:00 +0000 2017
922726,@AmazonHelp Thanks... I've returned the product,922725,@___Ananth___ We are glad to resolve this for you. ^AU,Sat Oct 21 12:56:47 +0000 2017,Sat Oct 21 13:17:00 +0000 2017
1643988,"@116875 y los envios es a todo mexico en mi caso cd juarez?
y lo envian ustedes o otra paqueteria (DHL,Fedex,etc)",1643989,@502274 El transportista encargado de la entrega de tu pedido será elegido cuando tu paquete entre en proceso de envío. (2/2) ^CR,Mon Nov 06 00:58:33 +0000 2017,Mon Nov 06 01:04:00 +0000 2017
2845622,@115850 how can i get this phone [one plus 5t] in dehradun.,2845621,"@791508 I understand your concern about placing the order for Oneplus 5T. Next sale for the device is on November 28, 2017. Please subscribe for the sale and place your order. You may refer here: https://t.co/mbsxx66ndA for more info. ^SV",Mon Nov 27 17:44:42 +0000 2017,Mon Nov 27 17:53:00 +0000 2017
2198956,@AmazonHelp Well it’s past 8pm.,2198955,@203264 Have you received any updated information about any sort of delay on the tracking? ^TR,Fri Nov 10 01:40:49 +0000 2017,Fri Nov 10 01:44:55 +0000 2017
940886,@AmazonHelp I typed the delivery address in wrong. Was told by fedex via amazon customer service that delivery would happen today. That wasn't true.,940884,@296457 I'm sorry the order hasn't been delivered! What's the most recent tracking update on the order: https://t.co/Y5jpI9gRhE? ^EP,Fri Oct 13 23:50:50 +0000 2017,Fri Oct 13 23:58:27 +0000 2017
2857281,"@116928 qué pasa últimamente con lo de ""entrega garantizada""?!?
Lo que está garantizado últimamente es recibirlo tarde o muy tarde",2857280,"@794124 Hola Cristian, ¿en el momento tienes un pedido pendiente de entrega? ^DA",Tue Sep 12 19:55:47 +0000 2017,Tue Sep 12 19:58:01 +0000 2017
1036531,May have freaked out the @115821 delivery guy with this Halloween decoration.  Looks like he played along. https://t.co/0me9dPVcDl,1036530,@365197 AH!! 2spooky4me! Thanks for being awesome! ^BE,Mon Oct 23 01:40:33 +0000 2017,Mon Oct 23 01:51:28 +0000 2017
1269528,Ordered OnePlus5 from @115850 on Tue. Paid extra for one day delivery. Haven't received it yet. Such unprofessional behavior.,1269527,@366269 Please report this to our support team here : https://t.co/rS49hgaADF so that we can assist you accordingly. (2/2) ^RI,Thu Oct 26 13:52:58 +0000 2017,Thu Oct 26 14:02:27 +0000 2017
1380524,"@115850 @951 #MotoG5sPlus
Charging for same day delivery, but not delivering. if product is not available why making false claim https://t.co/TKXOcnLnoW",1380522,"@441352 Please don't provide your order details, as we consider it to be personal information. Our Twitter page is public.​ 2/2 ^RD",Sat Oct 28 05:05:35 +0000 2017,Sat Oct 28 05:17:27 +0000 2017
1559869,"@AmazonHelp No feedback yet? Chennai heavy rain over 3d ago, Only ur courier bans all deliveries to 600 PIN codes. Wake up or lose all pantry business.",1559870,@318102 Sorry for the delay in resuming the services. Kindly wait till you receive an update. Appreciate your patience. ^AK,Mon Nov 06 06:13:07 +0000 2017,Mon Nov 06 06:41:28 +0000 2017
2824678,アマゾンプライム俺も登録しよかな,2824677,@786965 様々な特典をご用意しておりますので、ぜひご検討ください！ https://t.co/yX02Y3rtIL  EK,Mon Nov 27 09:35:36 +0000 2017,Mon Nov 27 09:40:54 +0000 2017
91243,@AmazonHelp Amazon is not replaceing with orginal product! Tommrow we be posting it live in news,91245,@131812 We're following up on your query here: https://t.co/oNMJ7xgUS2. Request you to check with the same. ^GD,Thu Nov 30 15:28:16 +0000 2017,Thu Nov 30 15:56:00 +0000 2017
2373352,@116313 きのうカスタマーズセンターにメールしたんだけど12時間以上たっても返信がない,2373350,@684692 お問い合わせの混雑状況によっては、返信までに通常よりもお時間をいただく場合がございます。順次確認のうえ返答させていただきますので、恐れ入りますが、今しばらくお待ちいただければと存じます。なお、お電話やチャットでご連絡いただくことも可能です。 YM,Tue Nov 14 01:22:08 +0000 2017,Tue Nov 14 01:36:26 +0000 2017
1389119,@115850 @AmazonHelp Usually we get the amazon pay refund immediately after the items get picked up but why there is a delay this time?,1389120,@183117 Sorry about the delay. Have you reported this to our support team here: https://t.co/rS49hgaADF ? ^PJ,Sat Oct 28 10:34:20 +0000 2017,Sat Oct 28 10:54:00 +0000 2017
95414,@115850 apni dukaan fools customers by showing the delivery status as delivered...now I HV a qs....where s my order???????,95413,"@136746 We apologize for the experience you had, Bhavana. Request you to connect with us here: https://t.co/rS49hgaADF and we'll assist you accordingly. ^VH",Thu Nov 30 15:34:20 +0000 2017,Thu Nov 30 16:03:00 +0000 2017
2309755,@115821 Your Amazon Prime 2-day shipping is a myth.,2309753,@669905 I'm sorry for any trouble. Do you have a current order that's late? Please let us know w/out sharing any account info. ^LR,Thu Oct 19 21:45:00 +0000 2017,Thu Oct 19 21:58:00 +0000 2017
321711,@AmazonHelp https://t.co/nZ8b3YUAAZ India,321713,@192638 Please wait once the product reaches our fulfillment center automated refund would be Initiated. 2/2 ^SB,Sat Oct 07 13:23:39 +0000 2017,Sat Oct 07 13:44:00 +0000 2017
2391829,@AmazonHelp Schade. Trotzdem vielen Dank für die schnelle Auskunft.,2391828,@453795 Bitte gerne 🙂,Tue Nov 14 10:34:44 +0000 2017,Tue Nov 14 10:41:28 +0000 2017
279466,"なんと！本当に返品されるらしい（笑）こんなの初めて。
Amazonから、もう一度注文しろって言われた。ミニスーパーファミコン…",279464,"@182612 このたびは、ご迷惑をおかけし申し訳ございません。
本件についてご注文いただいたお客様に後日https://t.co/st4oU5QbhPよりご連絡を行わせていただきますため、そのご連絡をお待ちいただきますようお願いいたします。　SM",Fri Oct 06 09:00:33 +0000 2017,Fri Oct 06 09:25:27 +0000 2017
2511467,@AmazonHelp Just a charge,2511469,@715830 What Amazon website is your account on? https://t.co/4QMruY51pq .co.uk? ^JJ,Mon Oct 30 06:00:22 +0000 2017,Mon Oct 30 06:38:56 +0000 2017
1564993,@115830 wasn't informed of my delivery plus my product was left outside in the rain! #amazon #amazonprime https://t.co/WxJjCWkqmZ,1564992,@483175 I'm so sorry about this. Have you had a chance to look into return / replacement options here: https://t.co/Me9Q4UU8et? ^GR,Sat Nov 04 14:34:06 +0000 2017,Sat Nov 04 14:37:08 +0000 2017
1124883,@119356 @115850 @48686 @385241 @2517 @144775 Amazon a fraud company,1124882,@385240 Apologies for the trouble with the orders. I'd like to take a closer look at this and help. Please fill in your details using the link: https://t.co/JzRdscmdH9 and I'll get in touch with you soon. -AK,Sat Nov 25 11:26:36 +0000 2017,Sat Nov 25 11:57:30 +0000 2017
1220895,"@AmazonHelp I just purchased a kindle book that was $10.99. It said on the page that it had a $3 dollar ebook credit to use, so I figured it would be $8. On my card I only had $8.02. I just looked &amp; I was charged $10.99 for the book.",1220892,@174083 Sorry for the frustration! Let's take a closer look into this with you in real time here: https://t.co/hApLpMlfHN ^JZ,Wed Oct 25 15:17:18 +0000 2017,Wed Oct 25 15:26:01 +0000 2017
1263977,@AmazonHelp you've taken £7.99 out of my account... but I've already paid for a years prime membership in full on the 7th this month??,1263976,"@415997 Hmm... that's odd. What's does your statement show the charge ""description"" as? ^MJ",Thu Oct 26 11:24:46 +0000 2017,Thu Oct 26 11:51:54 +0000 2017
1110752,"@116875  hola cuando me inscribi era para ayudar en el Sismo. pf no m interesa la membresia Prime
 D9NNGV8YJE75AC88FNN1",1110751,"@382152 Hola, Ximena. Puedes cancelar tu membresía de Amazon Prime de la siguiente manera: https://t.co/54PfLwhnhQ. ^JQ",Tue Oct 24 01:54:23 +0000 2017,Tue Oct 24 01:57:00 +0000 2017
446787,@AmazonHelp que terrível? como um dino dessa tamanho consegue se sustentar só com essas frutinhas?,446788,"@220843 🙈Ele não só come frutinhas,não.🙊 Acabamos de descobrir que o Ruperto quebrou o seu regime!😱😋 ^HC https://t.co/6iAJFF5xSB",Thu Nov 30 20:04:21 +0000 2017,Thu Nov 30 20:26:05 +0000 2017
1057953,"After 7 years, i am finally canceling my @115821 Prime Membership. Recent delivery issues and poor packaging have made it more of a hassle than a convenience.",1057951,@369792 I'm sorry for the poor experience you had with us. Have these delivery issues been occurring with a specific carrier? ^VS,Sat Oct 14 21:23:00 +0000 2017,Sat Oct 14 21:25:26 +0000 2017
2269208,Never again will I order from @115821 Germany after they crushed me by not delivering on their promise to deliver @118062 new album yesterday #Reputation #Ironic,2269207,@656317 I am sorry to hear that. Have you already have contact with our customer service? Kind regards ^NW,Sat Nov 11 08:56:19 +0000 2017,Sat Nov 11 09:06:27 +0000 2017
2789127,"Hola @AmazonHelp ! Me llegó una notificación de @106955 de una compra por $5,929 a las 8.00 am aprox, que yo NO hice, en @115821 ! ¿Me pueden ayudar? Ya llamé a mi banco para proceder como corresponde. Por favor Amazon, ¡No aprueben la compra!",2789126,"@778539 Hola, Alan. Por este medio no tenemos acceso a tu cuenta, por lo cuál te recomendamos que contactes con nuestro departamento de Atención al Cliente en el siguiente enlace: https://t.co/beR78zMMYB para revisar con más detalle tu cuenta. ^AA",Tue Nov 21 19:35:22 +0000 2017,Tue Nov 21 19:39:27 +0000 2017
746704,"@AmazonHelp Bonsoir,  le 11/10 mais j'y crois plus trop",746706,@298510 Avez-vous contacté notre service client afin de remonter l'information au service concerné ^ME,Wed Oct 11 16:59:38 +0000 2017,Wed Oct 11 17:12:24 +0000 2017
2767488,@AmazonHelp いつもお世話になっております。今後もよろしくお願いします。,2767490,@773886 おはようございます。Amazonです。リプライありがとうございます！こちらこそどうぞよろしくお願いいたします(*´ω`*) SK,Tue Nov 21 14:51:27 +0000 2017,Tue Nov 21 22:43:00 +0000 2017
440486,@115830 really does have the best customer service. Ridiculously good.,440484,"@140352 Hey, thanks for the shout-out, Rachael! We do what we can for our customers! 😍 ^LB",Wed Oct 25 17:32:08 +0000 2017,Wed Oct 25 17:47:43 +0000 2017
1651550,@AmazonHelp sent a message to you in detail. need a quick response as all of these gift if for my son's bday today,1651552,@504352 We have received your details. We are working on it and will get back to you with an update at the earliest.^HR,Mon Nov 06 07:32:34 +0000 2017,Mon Nov 06 08:04:30 +0000 2017
121970,"@AmazonHelp Por Amazon Logistics, me dicen que ya mero pero no lo han reprogramado. No quiero trato preferente pero por algo pague prime para recibir mis pedidos al día siguiente o si no lo puedo recibir una reentrega al otro día   :(",121968,@143182 ¿Has entrado en contacto con nuestro Servicio al Cliente para obtener más detalles? Lo puedes hacer a través del siguiente enlace: https://t.co/beR78zMMYB. ^JQ,Fri Nov 24 00:09:17 +0000 2017,Fri Nov 24 00:12:00 +0000 2017
652129,@AmazonHelp Hello! I canceled my Amazon prime on September 23rd and was told I would get the refund on my card in 3-5 days and it's still not there. Help?,652128,@275069 Thanks for reaching out! We'd like to look into this with you by phone or chat. When you have a moment please get in touch with us here: https://t.co/Q7Ftz6nj80. ^KJ,Wed Nov 22 21:49:05 +0000 2017,Wed Nov 22 21:52:00 +0000 2017
1099638,"@AmazonHelp Order no# 408-1507459-3023556,received defective item# no refund initiated#one week gone# making Indian fool#",1099640,"@379497 Please don't provide your order details, we consider it personal information. Our Twitter page is visible to public. ^AK 3/3",Sun Oct 15 07:08:12 +0000 2017,Sun Oct 15 07:22:25 +0000 2017
322602,@115850 help me to get the refund in order no 402-1224899-9111548. delivered product have manfg defects and battery drain etc issues,322601,@192842 I'm sorry for the trouble. Please fill in your details here: https://t.co/beaaDm0muc and we'll contact you at the earliest. ^AU,Sat Oct 07 13:59:02 +0000 2017,Sat Oct 07 14:14:00 +0000 2017
1645642,I️ just got my order within 2 hours from @1384 and all I️ can say is the game is forever changed 🤯,1645641,@502854 We're glad that you like our service. Happy shopping :) ^SM,Mon Nov 06 01:49:27 +0000 2017,Mon Nov 06 01:54:00 +0000 2017
1137387,@AmazonHelp No I haven't that's why I am reaching out to you,1137389,@387913 You can find all the details sent by us here: https://t.co/hZ1vkWB6IS. If you are still unable to find the 1/2 ^SH,Wed Oct 25 06:14:31 +0000 2017,Wed Oct 25 06:35:02 +0000 2017
991682,"@AmazonHelp Nope, no emails.  Should I have received any?",991683,@326607 We just wanted to see if you received a survey. Please keep us posted when you hear from us on the 16th. ^GR,Sat Oct 14 13:25:14 +0000 2017,Sat Oct 14 13:44:39 +0000 2017
1603546,@AmazonHelp Yes I hav Spoken wit the cxt service and still no order. This is so bad. It was my wife's bday gift. Cant go out as they wld deliver anytime,1603548,@492000 your details from the link here: https://t.co/beaaDm0muc to assist you accordingly. (2/2)^HR,Sun Nov 05 10:23:56 +0000 2017,Sun Nov 05 10:47:24 +0000 2017
985158,@115850 Extremely disappointed by your customer service. Not the right way to treat your regular paying customer.,985156,@353507 I'm sorry for the any unpleasant experience you had with our support team. Kindly elaborate and we'll look into this. ^GK,Sun Oct 22 10:30:12 +0000 2017,Sun Oct 22 10:33:00 +0000 2017
988886,.@AmazonHelp I bought a vinyl LP and apparently I can get a rip to download to my mp3 player. Your music section is too chaotic to find it,988884,"@354295 Hi, sorry to hear that. How long has it been since you placed the order: https://t.co/ObwciLHFU4? ^JJ",Sun Oct 22 12:30:08 +0000 2017,Sun Oct 22 12:36:35 +0000 2017
2891977,@AmazonHelp merry*,2891979,@801646 Oh! That's right. I hope the season remains merry for you. :) ^HS,Tue Nov 28 17:20:38 +0000 2017,Tue Nov 28 17:28:32 +0000 2017
2236343,Why is amazon charging me for prime and kindle when I never signed up for this?? 😤,2236342,@652188 I'm sorry for the unexpected charge! You'll be able to cancel the Amazon Prime Membership at this link here: https://t.co/bhTXbqkZdg ^VS,Fri Nov 10 17:51:17 +0000 2017,Fri Nov 10 17:54:00 +0000 2017
15299,@AmazonHelp I have replied to the email... lets see if I can get positive and useful response atleast once after so much escalation @115851,15300,@119358 Thank you for confirming. You should hear an update from us soon. Keep an eye on your mailbox. ^MP,Wed Nov 01 17:56:10 +0000 2017,Wed Nov 01 18:00:00 +0000 2017
936118,Getting some really really bad service from @115830 at the moment with their delivery drivers being LIARS! How can they say they tried to deliver my items and NOT leave a card. Plus I was home when this happened!!!,936116,@237623 I'm sorry for the delay! Have you been able to report this to us: https://t.co/JzP7hlA23B? ^EP,Fri Oct 13 23:03:42 +0000 2017,Fri Oct 13 23:08:30 +0000 2017
1749488,"@115821 when I pay for something to arrive before 1pm with Prime, I expect it to arrive before 1pm. Disappointed is an understatement!",1749486,@527295 I'm sorry you haven't received your order yet! What is the current status of the order: https://t.co/aaDyEz1VgE ? ^DD,Tue Nov 07 17:39:55 +0000 2017,Tue Nov 07 17:49:44 +0000 2017
2784463,@AmazonHelp What’s the point of prime next day when you get an email at the end of the day saying it’s not coming and to wait another day or 2. Up to 3 days in total for delivery when I pay for a service of next day. Not good customer services,2784462,"@621849 Terribly sorry for the delay, Glenn! We strive to get your orders to you in the time frame we promise, although unforeseen circumstances could cause delays. Have you noticed a trend in your orders arriving late? ^JZ",Tue Nov 21 18:22:32 +0000 2017,Tue Nov 21 18:26:32 +0000 2017
526524,"Habe gestern Nacht mit Schlagseite per Prime Now den Wochenendeinkauf getätigt.

Wird gleich geliefert. Seien Sie gespannt, meine Damen und Herren...",526522,@241848 Schlagseite? Wochenendeinkauf? 😬😃😂 Das hört sich sehr interessant an! :-) Bitte halt uns auf dem Laufenden! ^AK,Sat Dec 02 07:18:05 +0000 2017,Sat Dec 02 07:25:28 +0000 2017
2337551,@AmazonHelp Ridiculous ! 25th!! Ordered on 18th. What am I paying for exactly with prime?! https://t.co/1i2WLIVZM0,2337552,@227090 Sorry to hear of the delay. Please let us know if it doesn't arrive by the revised delivery date. ^BM,Fri Oct 20 07:03:35 +0000 2017,Fri Oct 20 07:06:52 +0000 2017
2843692,"@AmazonHelp To be quite honest I didn't take any note of a date at checkout, it was in stock and it was prime so assumed it would be next day delivery like it always has for me.",2843690,"@791109 During this busy period, some deliveries may take slightly longer than usual. This is because these two weeks have now become the busiest shopping period of the year. You can learn more about how deliveries work during this time of year here: https://t.co/fhLdXtH7Cl ^TH",Mon Nov 27 17:26:44 +0000 2017,Mon Nov 27 17:36:01 +0000 2017
1535508,@AmazonHelp I don’t know yet. They just reordered my item. But the original provider was UPS.,1535507,@476132 Please keep us posted! We want to make sure you receive your item.  ^AG,Tue Oct 17 02:20:01 +0000 2017,Tue Oct 17 02:40:30 +0000 2017
279890,@AmazonHelp Everytime i tweet i get a link and i filled the details but there is not any solution given to me till date.,279891,"@182716 If you've shared your details, you should've received a correspondence from us. Kindly check: https://t.co/8DAc10S7ww ^AK",Tue Oct 10 08:14:43 +0000 2017,Tue Oct 10 08:36:00 +0000 2017
2199105,"@AmazonHelp Thanks for the quick response. I made a couple of purchases just before I received the email about the blocking, I got charged in my Visa about those purchases, will this means I still will receive the products?",2199107,"@350315 We don't have access to your Amazon account via Twitter to check that out, however you can ask our CS via: __email__",Thu Oct 19 14:27:23 +0000 2017,Thu Oct 19 14:42:01 +0000 2017
898724,"@AmazonHelp @1560 @131027 - Complaint (docket no. 476149) raised against @115850 &amp; its worst services. 
Kindly check &amp; do needful.",898720,@333405 Apologies for the delay with the refund. Kindly respond to the email sent by the Social Media team. 1/2 ^EM,Sat Oct 21 02:37:55 +0000 2017,Sat Oct 21 03:11:00 +0000 2017
1564980,@AmazonHelp Yes. I did. And they are saying it is going to be refunded till 13. What's the point of saying '3-5 days to refund?',1564982,"@483174 I get your disappointment. However, these time lines are the maximum time your bank need to process your refund. 1/2 ^NK",Sat Nov 04 14:58:51 +0000 2017,Sat Nov 04 15:27:05 +0000 2017
617011,"@AmazonHelp Yeah! I totally understand that, but instead of sending it from Gurgaon to sonipat and again to Gurgaon in 2 days, would have been lot easier to deliver to delhi which is way nearer. All this would have ended in a delighted customer coz i need the product desperately before Sat.",617012,"@266389 We'll try to deliver the products as early as possible. However, request you to wait till the estimated delivery date. ^KA",Wed Nov 22 16:51:34 +0000 2017,Wed Nov 22 17:13:00 +0000 2017
607272,"@115850 ORDER # 404-3142682-1253930
ORDER # 404-2745534-6187529
ORDER # 404-6906872-3075539
ORDER # 404-7245302-2843518
NOT DELIVERED YET 
WORST  SERVICE",607271,"@264316 We ship the products to meet the estimates. Could you let us know If we have missed the estimated delivery date on these orders? Also, please don't provide your order details, as we consider it to be personal information. Our Twitter page is public.​ ^NK",Wed Nov 22 11:39:24 +0000 2017,Wed Nov 22 11:54:28 +0000 2017
2308350,@AmazonHelp I have yet not receive any update from your end neither have received my order. Please let me know weather you are going to resolve my problem ? #AmazonIndia #amazonfraud #amazoncheat #cheatingcustomers #CustomerExperience #CustomerService #ecommerce,2308351,@669577 We have sent a correspondence to your registered email ID. Please check and do the needful. ^AH,Thu Nov 16 02:51:49 +0000 2017,Thu Nov 16 03:08:27 +0000 2017
2905248,"amazonめーるこやん。
支払いできやん
さてどーする。",2905247,@804534 お支払い番号は商品によって発行時期が異なります。また、発行済みの場合には、アカウントサービスの注文履歴から番号を確認することが可能です。発行タイミングなど詳しくは、リンクのヘルプをご参照ください。https://t.co/7XGrxNphFt TN,Tue Nov 14 08:43:11 +0000 2017,Tue Nov 14 08:45:25 +0000 2017
120243,"@AmazonHelp “Return started
Your refund will be processed”. I confirmed with customer service it arrived last Tuesday 11/14",120242,@142693 We'd love to look into this with you but can't see your order through Twitter. Please reach out to us by phone or chat here: https://t.co/hApLpMlfHN ^DD,Thu Nov 23 22:48:33 +0000 2017,Thu Nov 23 22:54:24 +0000 2017
465812,@115821 I know it’s the holiday season but it’s ridiculous that I ordered  something on Monday and won’t get my package till Sunday.  As prime member it’s kinda frustrating/ruined a birthday presents surprise.,465811,"@225830 I'm sorry for the wait! Just to confirm, has the delivery date been changed or delayed since the order has been placed: https://t.co/Y5jpI9gRhE? ^EP",Fri Dec 01 04:25:26 +0000 2017,Fri Dec 01 04:29:00 +0000 2017
1302337,@AmazonHelp The items box looked slightly damaged. Im pissed,1302339,@424354 We'd like to look into our available options! Please reach us here: https://t.co/hApLpMlfHN ^AG,Fri Oct 27 01:02:14 +0000 2017,Fri Oct 27 01:08:05 +0000 2017
762464,"@AmazonHelp Yes.  But it's @81, and they are terrible and their drivers don't actually come by.",762465,@302180 Please give us a call here: https://t.co/hApLpMlfHN so we can take a look into this with you! ^TR,Wed Oct 11 21:03:18 +0000 2017,Wed Oct 11 21:07:25 +0000 2017
2979600,Worst service by @115850  Returned 2 prouducts around 14 days ago but @149473 doesn't came to receive till now @120781 (1) https://t.co/CrL6zWWJnl,2979598,"@821740 Please don't provide your order details, as we consider it to be personal information. Our Twitter page is visible to the public. (2/2) ^VM",Thu Nov 30 03:59:14 +0000 2017,Thu Nov 30 04:22:49 +0000 2017
2828076,@115850 Hi. One of my orders wasn't delivered but your app says it's been delivered. How do we fix this?,2828074,@787664 I'm sorry to learn about the tracking update issues; did you happen to escalate this to our support team here: https://t.co/T6y6Xlutbs? ^VN,Mon Nov 27 10:54:09 +0000 2017,Mon Nov 27 11:25:31 +0000 2017
2279439,How many more years u need ?? @115850 @AmazonHelp @115830 @115821 @116935 @116618 @117634 @18019 @1404 @115828 https://t.co/lP78yg9Ueb,2279438,@576397 You must have received a correspondence from our end. Kindly check the same here: https://t.co/DTSNmGldJf. ^JS,Sat Nov 11 16:53:55 +0000 2017,Sat Nov 11 19:33:31 +0000 2017
1723300,@AmazonHelp わかりました！ありがとうございます！,1723299,@521334 とんでもないです。どうぞよろしくお願いいたします。TN,Tue Nov 07 09:13:14 +0000 2017,Tue Nov 07 09:14:26 +0000 2017
1599256,@AmazonHelp annoyed that my NEW book arrived bent and creased today. https://t.co/cUHOfkqAg8,1599255,@473447 I'm sorry for the inconvenience! Available replacement and refund options can be found here: https://t.co/3dXIvxU2BP ^DW,Sun Nov 05 03:43:48 +0000 2017,Sun Nov 05 03:51:00 +0000 2017
307891,@AmazonHelp It has been 2 months that's why today I tweeted,307894,@189511 That's unusual. Let us investigate this further and help assist. Please drop your details here: (1/2) ^VM,Sat Oct 07 02:00:39 +0000 2017,Sat Oct 07 02:53:31 +0000 2017
1248315,@AmazonHelp you can check my last 7 order in those i have faced issues in 6 orders for delivery ... Mo 9426890231 not get enough response,1248336,@412878 Please don't provide your mobile number as we consider it personal information. Our twitter page is visible to public. ^SQ,Thu Oct 26 02:00:18 +0000 2017,Thu Oct 26 02:12:04 +0000 2017
2435206,I returned an item with missing screws to Amazon at cost of £8.39. Disappointed to receive only £4.75 back in refund. See pic. @AmazonHelp https://t.co/LfOXlADOBa,2435205,@698724 So sorry for the problems regarding your refund! Let's take a closer look into his in real time here: https://t.co/JzP7hlA23B ^JZ,Sun Oct 29 14:16:47 +0000 2017,Sun Oct 29 14:26:30 +0000 2017
1363797,@115821 has lost the last three packages I've bought in the mail... HEATED,1363796,"@437555 I'm terribly sorry, Kayla! Have you reported this to us: https://t.co/hApLpMlfHN? If so, what options were offered? ^SH",Fri Oct 27 19:09:27 +0000 2017,Fri Oct 27 21:08:31 +0000 2017
350344,"@AmazonHelp Who needs your apologies, am hearing your escalations from last 2 weeeks. If you are reply via email why do you ask me to fill contactnumber",350352,"@199339 I understand that waiting can be tiresome. In this case, kindly revert to the email you've received from our team. ^AP",Wed Oct 11 12:59:32 +0000 2017,Wed Oct 11 13:09:00 +0000 2017
432897,"@AmazonHelp i dont have a delivery date, it says you dont even have it yet",432899,"@217963 You will be notified by e-mail as soon as we have an update. For additional help, contact us: https://t.co/qy3J24VGxb ^AF",Tue Oct 10 17:50:59 +0000 2017,Tue Oct 10 18:05:05 +0000 2017
2600920,@115850 hi this one of your prime customer . I am really facing bad experience since I have purchased your prime membership. Your orders get delay and your cx R.E.M. is pathetic. I really loking frwd to speak to higher in ur company as I amfrustrated __email__,2600919,@736205 Looks like you had an unpleasant experience with the recent delivery of your order. Let me investigate this further and help assist. Kindly fill in your details here https://t.co/c6HeFcn1ok and we'll reach out to you for assistance. ^VM,Fri Nov 17 06:57:46 +0000 2017,Fri Nov 17 07:13:27 +0000 2017
179273,"@AmazonHelp As you can appreciate this is slightly confusing, with all orders having been cancelled and makes me think I'm trapped in a process failure",179271,@158252 Hi - we are investigating and will be touch  ^TD,Wed Oct 04 09:51:22 +0000 2017,Wed Oct 04 10:03:24 +0000 2017
219183,"Hey, @115821 - Please stop packing Blu-rays loose in the same box as heavy items. Two discs showed up (late) today and they're destroyed. 😑",219182,@168272 Packaging feedback can be left in Your Account to help us improve here: https://t.co/xhubF2lpvR (2/2) ^EP,Thu Oct 05 02:06:56 +0000 2017,Thu Oct 05 02:33:35 +0000 2017
52909,"@AmazonHelp that awkward moment you’ve recently moved 🏠 and you get your delivery sent to the wrong address (correct street, wrong number)",52908,@127913 If the address is outdated the parcel will usually be returned to us by the carrier. See more here https://t.co/5y0YxfgfSX ^TG,Wed Nov 01 18:28:04 +0000 2017,Wed Nov 01 18:36:00 +0000 2017
622385,"@115830 seeing as your regular customer services have failed me, I'm having many problems with Amazon logistics delivering to my address and need an urgent resolution. Is there anyone UK based who can help?",622383,"@267731 We'd like to try and help out Alex. When you reached out to us, what information/options were provided to you? ^VS",Wed Nov 22 17:47:10 +0000 2017,Wed Nov 22 17:52:00 +0000 2017
2289855,@AmazonHelp It’s giving me a download error for various music. Isn’t that the point of a music streaming service?,2289857,"@346490 We're more than happy to troubleshoot with you in real-time. We're available 24/7 via Phone, Chat, and E-mail here: https://t.co/hApLpMlfHN. Thanks for reaching out! ^EZ",Sun Nov 12 06:47:44 +0000 2017,Sun Nov 12 06:52:53 +0000 2017
1035138,@AmazonHelp Already did ! No proper response from your end #poorservice,1035137,@364856 I'd like to take a closer look into this. Please fill in this form: https://t.co/GIJyeYqKE0 and I'll revert shortly. ^SQ,Mon Oct 16 17:46:32 +0000 2017,Mon Oct 16 18:11:31 +0000 2017
529212,"@AmazonHelp When will you LISTEN to your customers? This email should not have been sent. If you used an ounce of intelligence &amp; look at the sequence explained. It's so irritating to be accused by you of the customer being the problem, when it's you",529213,"@230698 Sorry to hear that, Samantha. Can I ask what the latest tracking update has been? You can check here: https://t.co/aaDyEzjw8c ^TI",Sat Dec 02 09:58:12 +0000 2017,Sat Dec 02 10:01:25 +0000 2017
128791,"@119625 Is it true that PAV Garudavega movie is coming up in @119625. If yes, may I know when.",128789,@144971 We don't have any announcement yet. We’re constantly adding new content to our library. We will let you know when the content is available. Stay tuned to our website. ^JS,Fri Nov 24 04:49:10 +0000 2017,Fri Nov 24 05:00:35 +0000 2017
1288154,"@AmazonHelp Hey, how I can get a original invoice download for the warranty of the gadget.",1288153,@372745 You can find the steps to download or print an invoice here: https://t.co/nF5GqdoeiG. ^SQ,Thu Oct 26 19:23:34 +0000 2017,Thu Oct 26 19:41:01 +0000 2017
833947,@AmazonHelp Estimated daye is from 12th to 16th..,833949,@118356 I request you to wait till the estimated delivery date. The product should be delivered. ^PR,Fri Oct 13 07:46:02 +0000 2017,Fri Oct 13 08:09:29 +0000 2017
1273398,@AmazonHelp Thanks for your quick reply! I’ve spoken to customers services and it’s all sorted!,1273400,@418068 Great to hear! We are always here to help out! ^MH,Thu Oct 26 15:27:02 +0000 2017,Thu Oct 26 15:31:00 +0000 2017
1578420,@115850 Please ensure refund or reshipment of the product ordered .. contact me at 9738050005,1710447,"@486109 Please don't provide your details, we consider it personal information. Our Twitter page is visible to public. ^HD",Tue Oct 17 17:46:57 +0000 2017,Tue Oct 17 17:56:37 +0000 2017
958804,@116313 iPad用Amazonアプリですが、アップデート後、今まで対応していた「縦画面・横画面」が「縦画面固定」となっておりますが、これは「仕様」でしょうか。設定ののミスでしょうか。,958802,@347494 iPad版のAmazonアプリが縦画面に固定される件について、修正された新バージョン（9.21.1）がApp storeでリリースされました。お手数ですが、Amazonアプリのアップデートをいただき、問題が解決していないかご確認ください。　MH,Sat Oct 21 15:48:16 +0000 2017,Sun Oct 22 01:41:00 +0000 2017
343736,"@117086 @117086 estou lendo Star Wars: Ascensão da Força Sombria, livro adquirido com vocês 👏🏻👏🏻",1700091,"@515560 Olá, Diogo! Um livro legal demais, espero que você esteja curtindo da leitura dele! :D ^CR",Mon Nov 06 20:44:34 +0000 2017,Mon Nov 06 21:04:30 +0000 2017
122725,"@115850 I am looking for answers for non delivery of my product and also pathetic customer relationship attitude of Amazon inspire of shopping so much.I had booked item on 10 Nov it was to be delivered on 17th but till date no delivery,have spnk to Amazon assistance,most sweet spkg guys",122723,@143382 I'm sorry that you haven't received the product yet. Kindly share your details here: https://t.co/GIJyeYqKE0 and we'll look into the issue for you. ^GD,Thu Nov 23 15:10:46 +0000 2017,Thu Nov 23 15:38:31 +0000 2017
1303691,@AmazonHelp I have Amazon Prime but I can't figure out how to get to the NFL game on the Roku app. Help?,1303689,"@424639 Hi Patrick! Just to verify what your problem is, you're having issues bringing up the game with Prime Video on your Roku? ^JD",Fri Oct 27 01:19:01 +0000 2017,Fri Oct 27 01:25:31 +0000 2017
314731,@AmazonHelp what is contact number or blog page for questions on UK prime,314730,@191150 Hey Rd- Anything which we can help you with here? You can contact us via phone here: https://t.co/JzP7hlA23B ^NV,Sat Oct 07 06:46:40 +0000 2017,Sat Oct 07 06:53:27 +0000 2017
2886508,@115830 still waiting for my package apparently left Preston at 9:45 another day wasted sat in waiting,2886506,"@794306 Hey Tammy, is your order marked as out for delivery? Orders can be delivered up until 9pm.^PJ",Tue Nov 28 12:31:18 +0000 2017,Tue Nov 28 12:38:00 +0000 2017
468748,"@AmazonHelp Can you let me know where will be the list announced i.e., on which social platform or any specific url ? So I can check it on time ..",468746,@226616 You may check the updates on the winner's list here: https://t.co/ICRkX2fNTQ  ^SC,Fri Dec 01 06:34:23 +0000 2017,Fri Dec 01 06:55:23 +0000 2017
2840167,@AmazonHelp It seems your subscription button is breaking the add to cart button on several of your pantry items. Clicking one time purchase is not working. I just need one!,2840165,@790370 We're here to help! Which product are you trying to purchase and what device are you using? Please let us know! ^FD,Mon Nov 27 16:36:33 +0000 2017,Mon Nov 27 16:38:00 +0000 2017
2417630,@AmazonHelp 08385958668 my cell no and I am your regular customer but  I am in fix what can u do for me,2417633,"@694746 Twitter being a Social platform, we will not be able to make a call here. I request you to kindly fill in your 1/3 ^PR",Sun Oct 29 12:23:07 +0000 2017,Sun Oct 29 12:43:00 +0000 2017
515273,"No me llegó el xenoblade 2, estoy muy decepcionado, nunca me habías fallado en la fecha de entrega @116875 :(",515272,"@238685 ¡Hola! Sin compartir información personal ni confidencial, ¿Podrías indicarnos si el producto  es vendido directamente por Amazon o si ha sido vendido por un vendedor externo?  ^PC",Sat Dec 02 00:47:18 +0000 2017,Sat Dec 02 00:50:00 +0000 2017
1345605,My favorite is when @115821 completely ignores their prime shipping and bumps your Halloween costume delivery to after Halloween,1345604,@433767 I'm sorry to hear this. What's the date given in your confirmation e-mail and in Your Orders: https://t.co/Y5jpI9gRhE? ^LI,Fri Oct 27 16:43:37 +0000 2017,Fri Oct 27 16:50:45 +0000 2017
127953,@AmazonHelp yea you'll reach out to after 10 or 20 days,127954,"@144764 I understand your concern, Apeksh. We're working on it and we'll get back to you with an update soon. ^SY",Fri Nov 24 07:34:58 +0000 2017,Fri Nov 24 08:48:33 +0000 2017
921514,@AmazonHelp Already done .,921515,@338759 Apologies for the experience. Please share your details here: https://t.co/GIJyeYqKE0 I'll reach &amp; assist you. ^SV,Sat Oct 21 18:15:33 +0000 2017,Sat Oct 21 18:28:55 +0000 2017
2838565,@115821 STOP CHARGING ME FOR PRIME WHEN I NEVER SIGNED UP FOR PRIME. I AM TOO BROKE FOR THIS. CHILL.,2838564,@789981 I'm sorry about the unexpected charge. To check options for your Amazon Prime membership go here: https://t.co/6DUTjcremY ^AN,Mon Nov 27 15:39:24 +0000 2017,Mon Nov 27 15:49:00 +0000 2017
2943123,@AmazonHelp No I've had nothing as yet.,2943120,@222181 Oh no! What does the current tracking on the order state? You can find that information here: https://t.co/aaDyEz1VgE. Please be sure to let us know! We're here to help. ^TG,Wed Nov 29 14:37:27 +0000 2017,Wed Nov 29 14:42:00 +0000 2017
754574,@AmazonHelp how is the customer service so good every other time but horrendous now?,754572,@134594 Hey there! Sorry to hear you're having a rough time. What is the issue you are experiencing and how can we assist? ^JD,Wed Oct 11 15:18:20 +0000 2017,Wed Oct 11 15:26:00 +0000 2017
301039,@AmazonHelp Do you know when I will get contacted as the email said 24 hours,301040,@176087 I've requested an update for your account. You should be contacted during regular business hours. ^EZ,Fri Oct 06 21:24:15 +0000 2017,Fri Oct 06 21:40:35 +0000 2017
415734,"#Amazon broke my heart today, I didn’t get my package in two days. 😢 lol",415732,@190035 It's never our intention to let you down! What's the delivery date shown in Your Orders here: https://t.co/Y5jpI9gRhE? ^JM,Tue Oct 10 01:53:15 +0000 2017,Tue Oct 10 02:19:15 +0000 2017
2432718,@AmazonHelp Thanks.  Sony Bravia KDL 46W905A,2432719,@698178 Thank you for letting us know! Our first step will be to have you log out and then to log back into the app. Let us know if this resolves the issue! ^DA,Tue Nov 14 21:17:33 +0000 2017,Tue Nov 14 21:31:50 +0000 2017
2241964,Cuando pides algo a @116928 para hoy y te lo envían mañana... https://t.co/GPEM2yFWi7,2241963,"@653643 Hola Antonio. Lamentamos saber del inconveniente. Ya te has comunicado con la compañía de transporte? Si no lo haz hecho, accesa este enlace: https://t.co/waVASiMUhk  ^JJ",Fri Nov 10 19:46:50 +0000 2017,Fri Nov 10 19:52:00 +0000 2017
418168,"There is a bug on clicked account&amp; lists, no action @115851",418167,@214769 Thanks for telling us! Which device are you experiencing this issue on? Have you tried clearing cache and cookies? ^WT,Tue Oct 10 03:39:30 +0000 2017,Tue Oct 10 04:22:00 +0000 2017
1153234,#AmazonIN why there is no option for address change after placing an order and cant connect to you on customer care no also.,1153233,@391348 Please report this to our support team here: https://t.co/TdDksLo6Mf and we'll look into this. 2/2 ^HD,Sun Oct 15 17:29:03 +0000 2017,Sun Oct 15 17:54:00 +0000 2017
770069,"@AmazonHelp I found what I think was a stolen package on my front yard, but the label was torn off. Can you help track down the owner?",770068,@303885 Hi Sam! Thanks for letting us know about this! Can you confirm the carrier and if the tracking number or bar code still visible? ^FR,Wed Oct 11 23:00:57 +0000 2017,Wed Oct 11 23:26:00 +0000 2017
2304054,@AmazonHelp Sadly Prime.,2304056,@315696 I'd like to have a member of our team look into this for you. Please send us the order details: https://t.co/LnYOAs44wW ^EB,Thu Oct 19 21:22:27 +0000 2017,Thu Oct 19 21:39:00 +0000 2017
1384344,"@AmazonHelp Yaa.... Twice n CC even allocated me 2nd date on 27 ,  but as usual no one come for pickup n even no calls from ur logistics partner",1384346,@442154 Kindly share your details here: https://t.co/beaaDm0muc and we'll check. ^GK,Sat Oct 28 08:40:15 +0000 2017,Sat Oct 28 09:08:28 +0000 2017
533245,マジかよAmazonやるなぁ https://t.co/mnkqYXbkJf,533244,@243536 ごゆっくりお楽しみくださいませ～♪ ヾ(´ε｀*)ゝ TN,Sat Dec 02 11:32:05 +0000 2017,Sat Dec 02 11:39:53 +0000 2017
947194,"comprei vários livros ontem na @AmazonHelp e chegou tudo hoje em menos de 24hrs (sem eu pagar mais), melhor lugar pra compras online sim &lt;3",947193,@344625 Que notícia boa! Desejamos que desfrute muito a leitura desses livros maravilhosos. Grande abraço! 🌈✨😊 ^AZ,Sat Nov 25 16:24:43 +0000 2017,Sat Nov 25 16:58:25 +0000 2017
2578473,"@115830 hi! Have received 2 x parcels from you today - one something I ordered, one not. Please let me know if there’s been a mix-up, and how we can fix this",2578471,@731020 Hello! I'm so sorry about the mix-up! Please get in touch with us here: https://t.co/JzP7hlA23B so we can get this sorted out for you! ^JY,Thu Nov 16 21:30:46 +0000 2017,Thu Nov 16 21:45:39 +0000 2017
2317661,"@AmazonHelp hiya I have sent you a DM to help me with something, thanks x",2317660,"@273330 Great, we will reply to your DM momentarily! ^KI",Mon Nov 13 09:15:05 +0000 2017,Mon Nov 13 09:26:32 +0000 2017
2438460,@AmazonHelp Amazon. That’s why I was so concerned and tried to bring it to their attention.,2438462,"@699433 We'd like to look into this for you. At your earliest convenience, contact us here: https://t.co/hApLpMlfHN ^LI",Wed Nov 15 22:33:57 +0000 2017,Wed Nov 15 22:45:00 +0000 2017
2337974,@AmazonHelp Not good company Amazon,2337975,@190745 You'd receive an update soon. We appreciate your patience. 2/2 ^EM,Fri Oct 20 07:12:05 +0000 2017,Fri Oct 20 07:35:32 +0000 2017
1558709,@AmazonHelp I have already replied on your mail.,1558710,"@465794 Thank you for the reply, Vijay. We've received your correspondence. We'll check your concern and reach you soon. ^SV",Sat Nov 04 17:25:36 +0000 2017,Sat Nov 04 17:39:00 +0000 2017
105175,@120533 vous comptez me rembrouser quand au juste?,105173,"@139227 Bonsoir, pouvez-vous m'expliquer la situation ? ^KD",Thu Nov 30 18:21:31 +0000 2017,Thu Nov 30 18:31:00 +0000 2017
31336,"@AmazonHelp 
おはようございます。
どうやら同じ県にある
amazonからの発送だったので！
今朝、追跡できました。
お騒がせしました。😅",31338,"@122907 おはようございます。ご確認いただけたとのこと、安心いたしました。
またご不明な点などがございましたらご遠慮なくお知らせください。MH",Wed Nov 01 23:46:42 +0000 2017,Wed Nov 01 23:59:52 +0000 2017
1164596,@115821 my aunts account was hacked &amp; her gift card credits stolen. No satisfaction from customer service.,1164595,"@393949 Sorry to hear this happened to your aunt, Paige. What options where provided she contacted us? Happy to help further. ^BT",Tue Oct 24 16:38:51 +0000 2017,Tue Oct 24 18:18:37 +0000 2017
1478898,@AmazonHelp This is the 12th time in the past 6 months that @115850 is apologising for late delivery! Talk about consistency. And till when am I supposed to be without my phone which I hv left home for exchange?,1478899,@217411 I get your disappointment. I'll forward your feedback to our team internally get it reviewed. Request (1/2) ^GK,Fri Nov 03 06:00:48 +0000 2017,Fri Nov 03 06:15:27 +0000 2017
661476,@AmazonHelp package never arrived and I cannot get a tracking number form the site. Second time this gas happened in 2 mo's. Please help.,661478,@277609 I'm sorry your package has not yet arrived. We're here to help! Please let us know current tracking information and who the carrier is. You can find that here: https://t.co/QJ8oXSk0Gf  ^SE,Thu Nov 23 04:23:34 +0000 2017,Thu Nov 23 04:31:28 +0000 2017
57430,"@115833   Finally got Echo in India. However, unable to update my location to Mumbai India.",57429,"@129024 That is unusual, Could you please let us know the error that you are receiving ? ^KS",Wed Nov 01 19:56:06 +0000 2017,Wed Nov 01 20:04:36 +0000 2017
1286420,@AmazonHelp Graciaaaaaaas,1286422,"@420882 Con mucho gusto, estamos para servirte. ^JQ",Thu Oct 26 18:52:24 +0000 2017,Thu Oct 26 19:04:26 +0000 2017
1717969,"@115850 Inconsistent UI, and CVV field missing in the credit card payment section. https://t.co/N1g0D1TJII",1717968,"@520188 Sorry for the trouble with the payment, Swapnil. Please report this to our support team here: https://t.co/TdDksLo6Mf. ^HD",Tue Oct 17 18:11:15 +0000 2017,Tue Oct 17 18:27:38 +0000 2017
2403965,Put in an Amazon Prime Now order for all my sickly cold/flu needs for when I get home. No need to stop and infect others. I’ve got this #adulting thing down.,2403963,"@691512 We've got your back, hope you feel better! ^BG",Tue Nov 14 14:16:49 +0000 2017,Tue Nov 14 14:21:28 +0000 2017
2945568,"@AmazonHelp They’re contacting the carrier (again) to ask them to deliver the package (again). That was what they said would happen yesterday, and yet. :(",2945569,@223600 Did we ask you to wait another day for the delivery? Who's the carrier (can be found here: https://t.co/Y5jpI9gRhE)? ^MG,Wed Nov 29 16:47:26 +0000 2017,Wed Nov 29 16:51:35 +0000 2017
348222,"@115850 sir, I had requested for returning my defective product 6 oct 2017 but untill now no any action has been taken. Pls take care.",348220,@198905 I'm sorry for the hassle. Please reach out to our support team here: https://t.co/vlvfJr4nN9. We will look into it. ^SB,Sun Oct 08 06:27:03 +0000 2017,Sun Oct 08 06:35:25 +0000 2017
2019906,Amazonさん知らないうちにプライム会員だった件wwwww,2019905,"@597319 (2/2)更新後に特典の利用がなければ、キャンセル手続き後に年会費を返金いたします。詳しくはこちらをご確認ください。 https://t.co/JrKFIybs6n　
引き続きご利用いただける場合は、存分に特典をご活用ください。MH https://t.co/XKkOfD1rUk",Sun Nov 05 01:36:41 +0000 2017,Sun Nov 05 01:57:26 +0000 2017
2668694,fire TV stick を手に入れたら、一気に我が家が文明開化した！,2668692,"@751686 (*ﾟﾛﾟ)ﾊｯ!! 文明開化ですかっ!!
Fire TV Stickがお客様のお宅でお役に立てたら嬉しいです。どうぞ末永くかわいがっていただけますように… RI",Sun Nov 19 10:43:50 +0000 2017,Sun Nov 19 10:56:00 +0000 2017
2102627,@115850 Your delivery guys are increasingly getting rude and unprofessional. Second time we had this Issue,2102628,@452311 I'm sorry for the unpleasant experience with the delivery. Kindly share your details here: https://t.co/cllwXc2HeK 1/2 ^AP,Wed Nov 08 11:18:58 +0000 2017,Wed Nov 08 11:31:26 +0000 2017
2866049,@AmazonHelp It's your company who's delivering the package. AMZL US,2866048,@796038 I'd like my team to look into this with you further. Please use the following link to send us as many details as possible: https://t.co/Iaa3IOBSbL ^DO,Tue Nov 28 00:30:10 +0000 2017,Tue Nov 28 00:34:00 +0000 2017
1889423,@115850 @115821 i am a prime user n still getting the delivery late.order 4__credit_card__ is special for me so delivery it on 20oct plz,1889424,@563465 We ship the packages to meet the estimated provided while placing the order. Kindly wait and I'm sure it'll be delivered. ^MM,Wed Oct 18 11:23:41 +0000 2017,Wed Oct 18 11:51:39 +0000 2017
2115576,"@115821, a bit eager aren't we! Accepting and confirming a delivery date when the payment hasn't gone through. Meaning it didn't arrive because you needed new card details. Seriously. Don't confirm something if you haven't got what you need.",2115574,"@623660 We won't charge your card until the order ships. To confirm, was your payment declined? Please let us know, Emile! ^FD",Wed Nov 08 17:19:52 +0000 2017,Wed Nov 08 17:27:00 +0000 2017
450774,@AmazonHelp Me dijeron que pedí algoby por eso es el cobro.. pero pedí 2 cosas y tengo 3 cobros diferentes .. de diferentes cantidades,450773,"@221876 Este cobro podría tratarse de una autorización, te dejamos la siguiente información que explica bien de qué se trata: https://t.co/OnaZRTK0WY
En este caso, te recomendamos contactar con tu banco, para verificar si se trata de una autorización. ^ES",Thu Nov 30 21:32:41 +0000 2017,Thu Nov 30 21:39:34 +0000 2017
1120495,5 #kannada movies in @116602 - #UTurn #Thithi #RamaRamaRe #OnduMotteyaKathe #Kahi ... @119625 - you guys should wake up,1120494,@384347 Regional content is an integral part of our content in India. Please stay tuned as we expand our content selection. ^HA,Sun Oct 15 12:55:28 +0000 2017,Sun Oct 15 13:00:06 +0000 2017
588663,@AmazonHelp @115821  thanks for the insult https://t.co/pImOhVzIgB,588662,"@259137 Sorry to hear that, Robert. Without revealing any personal information, can you tell me a bit more about what happened?^TI",Sun Dec 03 15:56:03 +0000 2017,Sun Dec 03 16:05:00 +0000 2017
1491759,"Amazonから荷物届いたわ…
毎月恒例のケース買い https://t.co/LOHjXZwShN",1491757,@466437 Amazonをご愛顧いただきありがとうございます！( *´艸｀) EK,Fri Nov 03 09:50:01 +0000 2017,Fri Nov 03 10:14:00 +0000 2017
1832092,@115850 why is my order delayed? I'm a prime member &amp; d time i placed the order it showed expected delivery by 8th Nov &amp; now it says delayed &amp; should reach by 12th the product has already reached Mumbai still why a delay..i want it today anyhow @115851,1832095,@426854 Sorry to hear about the tracking of your order. Let us look into it. (1/2)^HR,Wed Nov 08 05:00:41 +0000 2017,Wed Nov 08 05:04:37 +0000 2017
1490270,So I bought a wireless charger from @116090 and they delivered me 2 cooking thermometers...  🤔🤔🤔 https://t.co/ZJid3N6ijr,1490269,"@466105 Hmm, that's odd! 🤔 You can let us know you've received an incorrect item (or in this case two) in the Online Return Center here: https://t.co/UtRBmw5uct Let us know if you need any additional assistance, we'll be here! ^EA",Sun Nov 26 02:11:00 +0000 2017,Sun Nov 26 02:21:26 +0000 2017
286349,@115850 I want to return an item but I am unable to do so and helpless .. please help me,286348,@184218 Certainly. You can visit this link to return the product. https://t.co/dgreAZQ5qf. ^SM.,Fri Oct 06 14:16:46 +0000 2017,Fri Oct 06 14:31:30 +0000 2017
861290,@AmazonHelp Already done boss. In touch with them since 10 days.hopefully they are also as fast as digital team..,861292,"@324507 Sorry for the hassle, Saurabh. Please fill this form: https://t.co/beaaDm0muc and I’ll contact you at the earliest. ^NK",Fri Oct 20 17:24:56 +0000 2017,Fri Oct 20 17:54:00 +0000 2017
2267186,Leider passiert das viel zu oft wenn @116316 mit #AmazonLogistics versendet. Und dafür zahlt man für Prime... https://t.co/eLnT6myQxI,2267185,@235034 Melde dich bei uns im Amazon.de Social Media Team: https://t.co/cUDnC8mjd7  Wir haben über Twitter keinen Einblick. ^BL,Thu Oct 19 18:12:50 +0000 2017,Thu Oct 19 18:15:43 +0000 2017
63925,"えっ……特典抜くと代引きが出来る……
これもう(Amazonの仕様)わかんねぇな",63924,@130684 ツイート拝見いたしました。恐れ入りますが、商品によってコンビニ払いや代金引換をご利用いただけないことがございます。ギフト券でのご注文もご検討ください。コンビニ等で購入できるギフト券:https://t.co/pl4jhHQmXx　コンビニ払いのチャージタイプ:https://t.co/8hrEC8uPjg RI,Thu Nov 30 07:57:18 +0000 2017,Thu Nov 30 08:22:27 +0000 2017
874848,Really disappointed with how @115828 shipped my copy of FE: Warriors LE. Box has a lot of damage bc they put it in an envelope! https://t.co/N99uk5hKJ7,874847,"@327703 I'm so sorry to see this! Was anything damaged in the package? If so, look for available options here: https://t.co/Y5jpI9gRhE ^TH",Fri Oct 20 20:36:17 +0000 2017,Fri Oct 20 21:09:33 +0000 2017
1091673,"@116618 have a membership, get on my iPad with the app , doesn’t let me watch anything.fix it",1091671,@377585 I'm sorry you're having issues playing Amazon Video. What happens when you try to watch something? Are you getting an error? ^AM,Sun Oct 15 03:32:41 +0000 2017,Sun Oct 15 04:01:00 +0000 2017
1791735,@AmazonHelp https://t.co/jpaTAlN3wL,1791736,@538170 Please connect with Bookmyshow for further assistance on it. We will not be able to check your details here. ^RW,Wed Oct 18 04:51:42 +0000 2017,Wed Oct 18 05:04:00 +0000 2017
2406814,"@AmazonHelp @4984 Welches Sprachkommando muss ich nutzen, damit Alexa meine gespeicherten Songs abspielt? Wenn ich ""Spiele meine Songs"" sage, kommt immer nur ""Spotify wird fortgesetzt"" und sie spielt was auch immer vorher lief.",2406812,"@308324 Hi, um über Alexa Spotify zu starten kannst du den Befehl ""Spiel Spotify"" nutzen. Hier findest du weitere hilfreiche Befehle: https://t.co/IV5bJ0dqBM Liebe Grüße ^TA",Tue Nov 14 15:32:43 +0000 2017,Tue Nov 14 15:39:32 +0000 2017
980223,@AmazonHelp Change from original estimate oct 21 by 8pm to anywhere between oct 21-24. Not sure why I paid extra for overnight if this was goingto occur,980225,"@352415 When you placed the order, what was the date provided to you via email confirmation for the delivery ? ^CR",Sun Oct 22 05:59:04 +0000 2017,Sun Oct 22 06:02:53 +0000 2017
2461297,"Amazonから荷物届いたが…
こりゃひどい https://t.co/b9TRKH8Xo6",2461296,@704714 ご迷惑をおかけしております。商品に問題はございませんでしたでしょうか。商品に問題があった場合には、下記URLより交換・返品のお手続きが可能です。よろしければ、ご参照ください。　https://t.co/NMn1wMC0jT　SM,Wed Nov 15 07:38:13 +0000 2017,Wed Nov 15 07:54:56 +0000 2017
326340,"@AmazonHelp I had been chat with a guy names Paul Praveen, very rude person. I will DM the screenshots of the chat",326342,@193747 We've responded to you via DM. Kindly refer. ^VN,Sat Oct 07 16:25:40 +0000 2017,Sat Oct 07 18:24:25 +0000 2017
2078604,@AmazonHelp hi if I give you my order number can you find out why I have not received I item?,2078602,"@614761 We cannot check accounts here on Twitter. Can I ask, what was the original delivery date given to you on the confirmation email when you placed this order?^GA",Sat Nov 25 14:50:25 +0000 2017,Sat Nov 25 14:53:56 +0000 2017
2976984,@AmazonHelp Do you guys have any info or ETA's on DDR4 RAM at the Amazon UK store? alot of RAM seems to be either out of stock or temp OOS.. I'm helping a friend decide but he only seems to use you guys.,2976983,@821023 We don't have any insight into future availability. Please keep an eye on our website for updates. ^KP,Thu Nov 16 20:33:08 +0000 2017,Thu Nov 16 20:39:00 +0000 2017
816987,@AmazonHelp Samedi ça ira :) Merci !,816985,"@314056 C’est bon, la livraison sera effectuée samedi. Bonne réception d'avance et passez une excellente fin de soirée. ^RA",Thu Oct 12 20:42:46 +0000 2017,Thu Oct 12 20:46:31 +0000 2017
142054,@148057 @115850 @AmazonHelp Was this resolved finally?,142053,@148056 We've replied to you after receiving your details. Please check for our email correspondence and reply to it for further assistance. ^HS,Fri Nov 24 12:18:03 +0000 2017,Fri Nov 24 12:35:00 +0000 2017
2511784,@AmazonHelp I have replied from the given link. Kindly help,2511785,@161904 Thank you for sharing your details. We will get in touch with you at the earliest. ^VH,Mon Oct 30 06:55:15 +0000 2017,Mon Oct 30 07:06:32 +0000 2017
2931906,"Mi se è rotto lo zaino. Piove e fa freddo.
Ma Prime Now funziona a Roma?
Così mi faccio portare uno zaino nuovo dal corriere.",2931904,"@810912 Ci dispiace ma Prime Now funziona solo a Milano al momento! 😄 Puoi guardare qui, però: https://t.co/SXEdJr2SmK. ^PS",Wed Nov 29 08:26:50 +0000 2017,Wed Nov 29 08:34:52 +0000 2017
945448,@AmazonHelp Gracias !!!! 💕 https://t.co/BwsBsUclaM,945449,"@344182 ¡Que emoción, Larissa! ¿Ya sabes cuándo vas a empezar a leerlo? ^LG",Sat Oct 14 16:41:22 +0000 2017,Sat Oct 14 16:44:28 +0000 2017
2318582,@AmazonHelp Alors cette vérification de dossier ?  :)),2318584,@672109 La personne en charge de votre dossier vous contactera au cours de la journée. je vous prie de patienter. ^FA,Tue Nov 14 12:24:42 +0000 2017,Tue Nov 14 12:30:31 +0000 2017
308900,@115821 Can you ship to Pakistan?,308899,"@189756 Hey there, thanks for asking. Currently, we ship to the countries listed here: https://t.co/ke0CJOWZQB ^DW",Sat Oct 07 00:52:26 +0000 2017,Sat Oct 07 01:11:29 +0000 2017
351023,@115850 fast delivery ordered last nite and it arrived in less then 12hrs keep up the good work and offers https://t.co/cc7aRvwQFp,351022,"@199513 Nothing makes us more happy than delighting you. Thanks for keeping us posted, we appreciate the gesture. ^CB",Sun Oct 08 08:59:49 +0000 2017,Sun Oct 08 10:59:32 +0000 2017
224334,Amazon reading とかいうサービスが展開されたらしいが、Amazon student 会員の俺は対象外なのかな。手順踏むと既にプライム会員である旨の表示が出るも、本が全く表示されない。,224333,@169603 失礼いたします。Prime Reading特典はPrime Student会員の方もご利用いただけます。現在一時的にKindleストアに問題が発生しております。担当部署にて問題解決に努めておりますので、恐れ入りますが、お時間をあけてお試しください。RI,Thu Oct 05 05:01:53 +0000 2017,Thu Oct 05 05:25:31 +0000 2017
1669547,@AmazonHelp I'm tired of replying ur emails... Just go n check ur system. @115851 @115850 #AmazonCheats #NoToAmazon https://t.co/KcLOpVHg2L,1669546,"@383795 If you have replied to our correspondence, we'll check and get back to you with an update. ^MK",Wed Oct 25 17:23:28 +0000 2017,Wed Oct 25 17:45:59 +0000 2017
380113,"@AmazonHelp Hey I've pre-ordered the delxue WWE 2K18 and it's due out Friday 13th but now Amazon UK it says unavailable, will I still get it",380111,@206169 Hey- What is the status of your order right now? Did you receive a confirmation email when you originally placed the order? ^NV,Mon Oct 09 07:58:58 +0000 2017,Mon Oct 09 08:05:25 +0000 2017
1825819,"@AmazonHelp Bonjour,
C'est tout bon, j'ai réglé ça avec votre service client !
Je retire ce que j'ai dis, plutôt satisfait finalement. :)
Merci !",1825821,"@548056 Ravie que vous soyez satisfait ! :)
^MD",Sun Oct 29 13:22:01 +0000 2017,Sun Oct 29 13:26:56 +0000 2017
1193431,@AmazonHelp I have shared the all details on link.please help as soon as.,1193432,"@400433 Thank you for sharing your details, Sandeep. We'll check and get back to you with an update. ^MK",Wed Oct 25 01:44:19 +0000 2017,Wed Oct 25 01:47:05 +0000 2017
89149,@117086 HQS Tbm estão 90% de desconto?,205249,"@135282 Oi Alisson, é só clicar no link para conferir os produtos que estão em promoção. ^JD",Sat Nov 25 02:05:13 +0000 2017,Sat Nov 25 02:09:45 +0000 2017
962032,@115850 very complex and cumbersome if u have ordered smthng for ur parents.  Hw r they gng to arrange these things in indian villages,962031,"@348283 I get your disappointment, Nitin. Due to some courier restrictions, we will not be able to arrange a pick up service 1/2 ^NK",Tue Oct 17 12:11:56 +0000 2017,Tue Oct 17 12:35:00 +0000 2017
349355,"@AmazonHelp Again got message, the order has been cancelled! 🙍 https://t.co/WrlAAym0ZG",349351,@199094 Please place another order and we'll ensure a smooth delivery. (2/2) ^ST,Sun Oct 08 08:11:11 +0000 2017,Sun Oct 08 08:40:54 +0000 2017
2216761,@AmazonHelp Fad up of filling forms.. useless.. ruthless.. cheaters.. dumbest BIG DIWALI SALE..,2216762,"@447822 Hence, kindly respond to the email sent by the Social Media team &amp; we'll take it up further. Appreciate your understanding. 2/2 ^EM",Sun Nov 19 08:09:18 +0000 2017,Sun Nov 19 08:46:26 +0000 2017
2386049,@AmazonHelp Dommage ... A mon avis je vais avoir mon colis demain au lieu d'aujourd'hui comme pour la dernière fois :/,2386051,@687658 Que dit le suivi de votre commande ? ^SM,Fri Oct 20 10:12:17 +0000 2017,Fri Oct 20 10:19:30 +0000 2017
2938269,"@AmazonHelp I’ve just messaged them now. I videoed me opening the parcel, will anyone need it? Really hope I get refunded!",2938268,@812178 Please keep us updated! ^MW,Wed Nov 29 12:31:49 +0000 2017,Wed Nov 29 12:35:52 +0000 2017
779258,@115821 most pathetic and cheap site not bothered to attend their customers suggest to do not buy anything from amazon,779256,"@306105 I'm sorry we've made you feel this way! Without posting account/order details, could you tell us more about the issue? ^MV",Thu Oct 12 05:10:23 +0000 2017,Thu Oct 12 05:13:28 +0000 2017
1599264,"@AmazonHelp I recently got an Echo. Alexa keeps on telling me that I have no open orders when I ask her, but I do have an open order. Help?",1599263,@491121 our support team here:https://t.co/vlvfJr4nN9 &amp; we'll have this checked right away. 2/2 ^EM,Sun Nov 05 03:23:25 +0000 2017,Sun Nov 05 03:49:24 +0000 2017
185801,@AmazonHelp Through my order number you can get my details. Why it needs to be shared again if it's already available in your database.,185800,"@159699 For security reasons we cannot share your account details over Twitter, please share them. ^HN",Wed Oct 04 16:58:25 +0000 2017,Wed Oct 04 17:45:51 +0000 2017
2540386,@115850 does #amazonprime mean #slower than the #regular #delivery by any chance !!! #patheticservice #watdhell !!! https://t.co/HX7wB4RQZv,2540385,"@579971 Please don't provide your order details, as we consider it to be personal information. Our Twitter page is public.(2/2)^AU",Thu Nov 16 10:42:03 +0000 2017,Thu Nov 16 10:49:53 +0000 2017
895931,@AmazonHelp Yes and I have not heard back. Will be complaining every time I put an order in from now on,895932,@332765 Apologies again James. One Day delivery is calculated from when an order dispatches. You can check out more here - https://t.co/QTgTNqYBKK ^TP,Sat Nov 25 11:35:40 +0000 2017,Sat Nov 25 11:46:27 +0000 2017
1342541,"@AmazonHelp Thanks, I'll keep that in mind!",1342542,"@433121 We're always here to help, Matt! Please keep us posted! ^SD",Mon Oct 16 14:24:46 +0000 2017,Mon Oct 16 14:33:26 +0000 2017
698731,"@AmazonHelp Tonight it says Saturday, but my order still won't arrive till Tuesday!",698729,@286673 We'd be happy to look into this with you by phone at the link ^MB provided above. ^JM,Fri Oct 13 02:50:12 +0000 2017,Fri Oct 13 02:57:00 +0000 2017
835108,"@116875 
Nunca solicite membresia de usa solo de mexico lo tengo
Porque paso eso deseo mi devolucion mi dinero ayudenme lo sucedido https://t.co/53JVEvO2CY",835107,"@318838 Hola Angel, puedes ver como cancelar la membresía, accediendo al siguiente enlace: https://t.co/JBXTcCCT33 ^AV",Fri Oct 13 08:24:56 +0000 2017,Fri Oct 13 08:29:03 +0000 2017
341558,"ｳﾞｧｱｱｱｱ
勝手にプライム会員になってるううううう",341557,"@197581 (2/2)更新後に特典の利用がなければ、キャンセル手続き後、年会費の返金を承ります。
詳しくはこちらをご確認ください。 https://t.co/JrKFIybs6n　MH https://t.co/GxftYFrtgq",Sat Oct 28 06:39:18 +0000 2017,Sat Oct 28 06:43:34 +0000 2017
2269164,@AmazonHelp Io l'ho comprato da voi!!! BA0092951103 non fareste più bella figura a NON scrivere GARANTIRE???,2269163,"@660331 Grazie per il riscontro, Fabrizio. Permetti a me e al mio team di verificare meglio l'accaduto. Clicca qui: https://t.co/YqSLjWcfCa e inserisci i dati richiesti. Sarai ricontattato quanto prima. A presto! ^FS",Sat Nov 11 10:30:19 +0000 2017,Sat Nov 11 10:36:54 +0000 2017
1306419,"Hey @116090 , your website said item delivered yesterday but so far, I received nothing 🤷‍♂️. What can I do?",1306417,"@271005 I'm sorry your order hasn't been received! Please check here: https://t.co/WmuLLYkoA0, for help in locating your package.^LH",Fri Oct 27 02:31:33 +0000 2017,Fri Oct 27 02:56:00 +0000 2017
2735697,"@766661 @115821 I️ had the same yesterday, still no delivery",2735695,@766660 I'm sorry for this wait. What was the delivery estimate given at Checkout: https://t.co/Y5jpI9gRhE ^DO,Sun Nov 26 23:31:00 +0000 2017,Sun Nov 26 23:33:13 +0000 2017
1664419,"Charger purchased from @115850 blasts within sec of plugging in. Endangering lives of customers. Investigste and refund!
#FakeProduct https://t.co/1GymAat2sC",1664420,"@507250 I'd like to take a closer look into this, please share your details here: https://t.co/GIJyeYqKE0. We'll help you. 2/2 ^PS",Mon Nov 06 08:08:26 +0000 2017,Mon Nov 06 08:30:28 +0000 2017
843131,@115850 Hey I'm really super duper ready,896669,@332944 Fire it up! ^HA,Fri Oct 13 16:58:08 +0000 2017,Fri Oct 13 18:43:01 +0000 2017
2859796,Why is it that @115830  prime’s one day delivery has been taking minimum 4 days lately?,2859794,"@794701 Hi there! Thanks for reaching out. Without revealing any account information, will you give us more details? Was there a package that we missed to delivery on time? ^LH",Mon Nov 27 22:34:52 +0000 2017,Mon Nov 27 22:41:00 +0000 2017
1763214,@AmazonHelp I requested a call back 2 days ago and haven’t got one,1763215,@530477 My apologies. It should be instant. Have you tried again since? ^PK,Thu Nov 09 07:28:54 +0000 2017,Thu Nov 09 07:53:00 +0000 2017
49930,@AmazonHelp Desde el 11-9. He cumplido TODO lo que me pedísteis. El hartazgo es total. Mirad mi historial desde ese día.,49929,"@127183 Juan, por este medio no contamos con acceso a tu cuenta. ¿Podrías comentarnos más sobre lo que ha ocurrido? ^DA",Wed Nov 01 17:35:33 +0000 2017,Wed Nov 01 17:37:35 +0000 2017
787883,"@AmazonHelp Sure. Here's the item. https://t.co/j1m9brN134 

£1,379.49 in the market. £1,413.98 on the confirmation page. Cheers.",787885,@307928 It appears to be Irish VAT yes. Here's a full list of rates: https://t.co/l9GmJk1RCd ^PK,Thu Oct 12 10:41:24 +0000 2017,Thu Oct 12 10:59:31 +0000 2017
2945418,@AmazonHelp I have filled in the form.,2945417,"@813609 Thank you! We have received your information and will be in touch soon!

-RD",Wed Nov 29 15:36:23 +0000 2017,Wed Nov 29 15:43:00 +0000 2017
2553833,@AmazonHelp No reason. https://t.co/qv2bJtya25,2553835,"@725305 Have you had a chance to contact us at the link ^PK provided above? If so, what was advised? ^LB",Thu Nov 16 15:47:07 +0000 2017,Thu Nov 16 15:56:00 +0000 2017
973991,@115850 your order summary is too confusing to understand. I have used only amazon pay balance for this order for example. @115851 https://t.co/GpUz2Ey2uh,973990,@350978 Kindly get in touch with us here: https://t.co/r4hdVNTzeO and we’ll be glad to help you. ^AG,Sun Oct 22 09:14:32 +0000 2017,Sun Oct 22 09:44:00 +0000 2017
497373,"@AmazonHelp My Amazon account was hacked this morning. The hackers changed the password and then the email address associated with the account, so I can't log in or access the email support form. I can't call your support line until later. What can be done about this now?",497371,@233689 I'm sorry about the account issues. We don't have access to account information via Twitter. You'll want to reach out by phone or e-mail when you have time at this link here: https://t.co/Mb9cdi77Dy ^VS,Fri Dec 01 18:26:57 +0000 2017,Fri Dec 01 18:29:58 +0000 2017
466677,@AmazonHelp Não foi essa a minha questão... Apenas achei estranho receber um aviso dizendo que não fui encontrado em outra cidade =),466678,"@226063 Entendo, por favor contata com o nosso SAC pelo link para conferirmos a situação detalhadamente: https://t.co/qGpkDwGRhX ^JD",Fri Dec 01 09:44:02 +0000 2017,Fri Dec 01 09:46:00 +0000 2017
280000,"@120533, faites le paiement 3-4X sans frais sur les produits onéreux et vous serez les ROIS !",279999,"@182624 Merci pour votre commentaire qui nous aide à améliorer notre service.
^YL",Fri Oct 06 09:40:19 +0000 2017,Fri Oct 06 09:48:00 +0000 2017
1278135,@AmazonHelp  unlock my account __email__ https://t.co/NA8t2ZNUt5,1278134,@146700 you to check your registered email ID for the correspondence and respond to that for further assistance. 2/2 ^NK,Thu Oct 26 15:56:01 +0000 2017,Thu Oct 26 16:16:01 +0000 2017
321679,@AmazonHelp Why is my order being shipped with 2 day when I paid for one day?,321678,"@192631 Hey, Peter. With one-day shipping, we ship your item so it spends 1 biz day in transit. Are you seeing something else? ^LB",Sat Oct 07 12:50:53 +0000 2017,Sat Oct 07 13:07:56 +0000 2017
787209,Guys pls don't save your cards in Amazon account an fraudulent transaction is done from my brothers card. Reckless support from @115850.,787208,@307776 We're sorry to hear that. Please fill up this form: https://t.co/GIJyeYqKE0 and we'll reach out to you. ^HK,Thu Oct 12 09:37:48 +0000 2017,Thu Oct 12 10:01:30 +0000 2017
734076,@AmazonHelp Please don't play around. I have been promised by Amazon many times for refund but fact is it is not honoring.,734077,"@183033 We are working on it. We will reach out to soon with an update.

Rahul | Amazon Customer Service",Mon Nov 13 08:10:14 +0000 2017,Mon Nov 13 08:52:27 +0000 2017
2956043,@815978 @AmazonHelp At least you got your package. Mine was left in the mailroom. (hint: it's a private residence and I don't have a mailroom).,2956044,"@703018 I'm sorry to hear about this! Was this issue already resolved? If not, we'd like to help! ^JS",Wed Nov 29 21:57:13 +0000 2017,Wed Nov 29 22:00:01 +0000 2017
2919918,@AmazonHelp By carrier you mean who it was sold by?,2919920,"@223669 By carrier, we mean who was the delivery service used for this order (UPS, USPS, AMZL, etc). You can check in the link provided above. ^NN",Wed Nov 29 01:02:50 +0000 2017,Wed Nov 29 01:43:28 +0000 2017
2598547,"@AmazonHelp I will never share any order details in future.
Request raised again.",2598549,@735689 Kindly connect with our team using the link shared earlier and our team will check this for you. ^GK,Fri Nov 17 05:37:28 +0000 2017,Fri Nov 17 05:46:28 +0000 2017
2529521,"@115830 @AmazonHelp Change your carrier for items coming from Maidstone depot, they have yet again failed to deliver my item! #ShitService",2529517,"@720146 Sorry to hear you've had an issue. Without personal info, did you receive a delivery card? ^MC",Mon Oct 30 09:16:27 +0000 2017,Mon Oct 30 09:21:00 +0000 2017
2570899,@AmazonHelp That link is useless. Bunch of automated check boxes that don't let me explain my issue,2570897,@122718 We're unable to access account info via twitter. You can call customer service directly at this number 0800 279 7234. ^JF,Mon Oct 30 17:22:25 +0000 2017,Mon Oct 30 17:28:28 +0000 2017
1736803,@AmazonHelp haven't got any email.,1736805,@506918 You can check for our response here : https://t.co/DTSNmGldJf. Hope this helps. ^CB,Tue Nov 07 09:49:16 +0000 2017,Tue Nov 07 09:57:25 +0000 2017
167970,@AmazonHelp I was supposed to be refunded a 50 dollar gift card I’ve called 5 Times and each person hasn’t done what they said they’d do. It’s now been over a month,167969,"@155075 I am so sorry about that! A member of my team would like to look into this issue with you in real-time. Please contact us here: https://t.co/muokwvUGDi
^LS",Fri Nov 24 20:58:12 +0000 2017,Fri Nov 24 21:00:01 +0000 2017
1298960,@115821 Its on its way home @115821 looks like ill need to make other arrangements #fail https://t.co/g2y8VtYfPR,1301216,@423579 I'm sorry you received the wrong item! Have you reviewed refund or replacement options here: https://t.co/Y5jpI9ys9c? ^SH,Thu Oct 26 23:43:21 +0000 2017,Fri Oct 27 00:14:26 +0000 2017
1143435,Hello @120533! Possible de discuter en MP?,1143434,"@389121 Bonjour, bien sûr.
Veuillez initier la discussion en DM :) . ^BR",Tue Oct 24 13:03:23 +0000 2017,Tue Oct 24 13:07:02 +0000 2017
385400,@AmazonHelp Yes i have shared the information thrice now.. Nobody knows where the product is and delivery people are updating false status on tracking..,385401,"@207247 As you've shared your details, we'll work on it and get back to you. ^HN",Tue Oct 10 10:54:06 +0000 2017,Tue Oct 10 11:20:32 +0000 2017
354676,"@AmazonHelp Yes. I've also removed ""road"" and tried moving different parts of the address to different lines.",354678,"@200300 If you could, please, Google the business name and then copy and paste the address as shown. ^BE",Tue Oct 31 02:12:13 +0000 2017,Tue Oct 31 02:23:00 +0000 2017
2820492,@AmazonHelp Es que no se si la cague o no…,2820491,"@786127 Juanjo, ¿podrías comentarnos cuál es la situación para poder ayudarte? :) ^DQ",Mon Nov 27 06:29:45 +0000 2017,Mon Nov 27 06:33:00 +0000 2017
1749460,"Un anniversaire sans cadeau grâce à @115821.fr
Il devait arrivée hier et a finalement été livré aujourd'hui en notre absence à un ""résident""",1749458,@527292 2/2 Avez-vous récupéré le colis?^FT,Tue Nov 07 17:30:27 +0000 2017,Tue Nov 07 17:52:01 +0000 2017
1326946,@AmazonHelp I don’t understand what the “time stamp” is that i have to copy and paste underneath my social media username.,1326948,@429601 Please copy the link to your initial Tweet and past it in the portion of the page asking for the URL to the Twitter message. Thank you. ^DO,Sat Nov 25 21:16:13 +0000 2017,Sat Nov 25 21:26:29 +0000 2017
447260,@115850 your call center support sucks! Got hung up twice in 5 mins. They are not even ready to understand the issue.,447259,@220944 Looks like you've had an unpleasant experience with us. Could you please elaborate what went wrong? We would like to help. ^SM,Thu Nov 30 19:34:26 +0000 2017,Thu Nov 30 19:46:00 +0000 2017
2565604,@AmazonHelp 😢😢😢😢no puedo instalar  o descargar la app en mi pantalla  Solo en mi cel😢😢😢,2565605,"@727878 Acá puedes ver cuáles son los dispositivos compatibles, Noemí: https://t.co/3E9PTjgmkN. ^JQ",Fri Nov 17 01:07:00 +0000 2017,Fri Nov 17 01:15:00 +0000 2017
677631,@AmazonHelp Do we have any option to transfer Amazon pay balance from one amazon account to another? This is a much needed feature!,677630,"@281648 I understand your concern that you want to transfer Amazon pay from one account to another account. Unfortunately, Amazon Pay Balance is nontransferable. Please refer to the link here: https://t.co/T3OIWCRX7n for more details on Amazon Pay policy. ^SY",Thu Nov 23 06:17:57 +0000 2017,Thu Nov 23 06:48:28 +0000 2017
1513372,.@116316 mein neuer #EchoPlus hat einen VIEL zu intensiven BASS! Kann man da was machen? Wird es bald einen Equalizer geben? @115833,1513370,@471159 Equalizer Funktion gibt es aktuell leider nicht. Hast du bereits mit unseren Spezialisten im Kundenservice gesprochen? Gruß ^MI,Fri Nov 03 17:54:20 +0000 2017,Fri Nov 03 18:06:03 +0000 2017
1484056,"Is doch Bullshit, wenn Prime Video ne Serie auf deutsch hat, aber nicht im O-Ton! D= (Lie to Me)",1484055,"@464622 Danke für dein Feedback. Ich gebe deinen Wunsch nach der OV von ""Lie to Me"" gern weiter - kann allerdings nix versprechen. ^DS",Mon Oct 16 21:23:33 +0000 2017,Mon Oct 16 21:30:02 +0000 2017
2877730,The mail carrier shoved 4 blu-rays into my 6x6 inch mail box today. I guess I’m going with Amazon lockers here on out for movie orders.,2877728,@567563 Sorry to hear about this. It's not what we would expect from our carriers. Are the Blu-Rays okay? Can you let us know who the carrier was? You can find the carrier info on your order here:  https://t.co/Y5jpI9gRhE ^MI,Tue Nov 28 07:04:45 +0000 2017,Tue Nov 28 07:08:34 +0000 2017
823576,"@AmazonHelp It’s in transit, says it’s coming Monday. I was only told my payment didnt go through on the sunday before the book was to come out though?",823574,"@259388 Thank you for confirming, Alyssa! Did you choose Release-Date Delivery for your pre-order? https://t.co/sYMe3QZv3E ^FD",Thu Oct 12 23:37:47 +0000 2017,Thu Oct 12 23:50:38 +0000 2017
2245436,"@115830 hi, i bought a laptop and after further checking (i normally trust what i get from Amazon) i realised i wasnt delivered what i paid for. The ram is different and it shows in terms of freezing constantly and shutting down. This is really affecting my uni work. https://t.co/WmdrIjlcr2",2245434,@654440 I'm sorry you didn't receive the correct item! You can find return/replace options for the laptop here: https://t.co/rd2SV4o0l8 ^KH,Sat Nov 25 15:03:03 +0000 2017,Sat Nov 25 15:08:30 +0000 2017
511729,@115830 rubbish delivery service over and over again. And again.,511727,@237645 Oh no! Did we miss the delivery date listed here:  https://t.co/Y5jpI9gRhE ? ^TL,Fri Dec 01 22:47:49 +0000 2017,Fri Dec 01 22:59:00 +0000 2017
261246,@AmazonHelp The carrier is Amazon shipping! And it says out for delivery. Do you make your delivery drivers work till midnight?,261244,@178201 Please reach out to us by phone so we can investigate this further with you: https://t.co/qy3J24VGxb ^GR,Thu Oct 05 21:36:49 +0000 2017,Thu Oct 05 21:40:31 +0000 2017
873808,"Good job @115821 , I go on holidays on the 28th and my parcel could be 7 days late 👏🏼",873804,@327453 Hello Darcy. We are sorry to learn about this. Was the product purchased from Amazon directly or from a third party seller? ^JJ,Fri Oct 20 20:28:12 +0000 2017,Fri Oct 20 20:50:01 +0000 2017
269812,@AmazonHelp The only mail i received is this.. and i don't any card with 89 ending https://t.co/2Z1OKyD6h4,269811,@180352 Sorry for the trouble. Could you please confirm if you've shared your details in the above link? ^HN,Tue Sep 26 18:56:26 +0000 2017,Tue Sep 26 19:17:55 +0000 2017
2463890,"@117795 what is with all the packaging for a few small batteries? Come on Amazon, totally unnecessary https://t.co/XlgE9c6Btg",2463889,"@601411 Hi Steve, you can reach out to us directly via the Prime Now app, with your photo and we can pass your feedback along.^KI",Wed Nov 15 09:09:14 +0000 2017,Wed Nov 15 09:32:24 +0000 2017
988097,"@149473 @AmazonHelp 
One fails to pickup return item and keep on lying 'customer cancelled pickup' https://t.co/bJW9YCXY0O",988098,@354113 Sorry to know you're having trouble with pick-up. We certainly did not expect this to happen. 1/2 ^PS,Sat Oct 14 10:45:01 +0000 2017,Sat Oct 14 10:52:00 +0000 2017
2570102,@AmazonHelp From homitt direct https://t.co/6lW7JzKoYY,2570104,@728902 Oh no!.  Our Logistics team will want to review this.  Please fill out this form at your convenience: https://t.co/A2zbjmZbfb ^CH,Mon Oct 30 17:37:09 +0000 2017,Mon Oct 30 17:44:40 +0000 2017
1800831,@AmazonHelp Yes ^HC checked their as well,1800832,@541096 Please contact us by phone to discuss this issue using the number found here: https://t.co/jzvkhdlrK5. ^ST,Wed Oct 18 01:53:19 +0000 2017,Wed Oct 18 01:59:00 +0000 2017
16865,@AmazonHelp U people only do tweets...not a single call n concerns raised by u...even your pickup guy was not ready to collect the Blasted item https://t.co/RB7dp22oxe,1960834,@119703 I understand your concern. Could you let us know if you've shared the details using the secure link provided earlier? ^AP,Thu Oct 19 04:26:01 +0000 2017,Thu Oct 19 06:02:28 +0000 2017
198374,Recién llegaron / Just arrived; @116875 @4770 https://t.co/IiSsmCCVib,198372,@162635 ¿Ya los estrenaste? 😀 ¿Qué te han parecido? 🙂 ^JQ,Wed Oct 04 20:27:09 +0000 2017,Wed Oct 04 20:31:35 +0000 2017
2389788,@AmazonHelp im hoping for the earliest delivery,2389789,@632917 We ship products to be delivered by the delivery estimates. Appreciate your understanding. ^MP,Tue Nov 14 10:01:46 +0000 2017,Tue Nov 14 10:28:27 +0000 2017
367414,@AmazonHelp No that's the problem. Surely you have this information? Why are you asking me questions about why Amazon has failed? You have my order no.,367420,@203037 We can't access your acc here for security reasons. Is the status of the tracking undeliverable: https://t.co/aaDyEz1VgE? ^JJ,Mon Oct 09 11:03:53 +0000 2017,Mon Oct 09 11:16:28 +0000 2017
109853,@115830 (prime) waited in all day for my order..... it’s not showing up today is it? Not great! Prime not showing up on time again https://t.co/8FXWyhElYC,109852,"@140391 I certainly understand your concern! It's possible you can still receive your item today, If you don't have it by 8pm, please let us know so we can research this further with you. ^HC",Wed Nov 22 20:03:00 +0000 2017,Wed Nov 22 20:06:04 +0000 2017
350254,@115850 how long does it take to dispatch an order? Bought a pen set (import from US) on 3rd October n still no updates.,350252,@199327 Suggest you to wait till the estimated delivery date. ^SG(2/2),Sun Oct 08 07:50:51 +0000 2017,Sun Oct 08 10:14:00 +0000 2017
2316824,@115850 Why lie if you cannot deliver package on time? I never requested for delay delivery. Infact I'm a Prime member and need this delivery on urgent basis! https://t.co/g05dDJt9Ib,2316823,"@205502 Sorry to know you're having trouble with the delivery of your order, certainly not intended. Kindly connect with our team here: https://t.co/TdDksLo6Mf. We'll look into it. ^PS",Mon Nov 13 06:16:25 +0000 2017,Mon Nov 13 06:44:53 +0000 2017
444419,"@AmazonHelp it has been 48 hours, clearly i am being ignored",444421,@149078 We are still looking into this for you and will update as soon as we can. ^KI,Wed Nov 22 09:45:21 +0000 2017,Wed Nov 22 10:00:36 +0000 2017
2465581,#AmazonIndia horrible service back to back 2nd time experience,2465575,@705575 I'm sorry for your recent experiences with us. We'd like to know what went wrong. Could you please tell us more about it? ^AP,Wed Nov 15 09:29:03 +0000 2017,Wed Nov 15 09:48:53 +0000 2017
279163,"@AmazonHelp https://t.co/ZmO6GiOmzz, with priority international shipping!",279164,@182574 Can you contact us here: https://t.co/hApLpMlfHN? ^MC,Fri Oct 06 09:28:48 +0000 2017,Fri Oct 06 09:31:31 +0000 2017
173470,"@AmazonHelp Everything was listed as Prime and ordered in the normal shipping window. If something requires extra processing time as it is likely to miss out on next day delivery, it shouldn’t really be listed as Prime, should it?",173472,"@156610 I understand where you're coming from, Andy. We do try to account for processing times when we send your estimated delivery date via e-mail. Here's how these dates are calculated: https://t.co/YGVozH44sU ^FD",Fri Nov 24 23:11:38 +0000 2017,Fri Nov 24 23:21:28 +0000 2017
375825,"WHAT IS THIS HELL I’M IN @116618 😡

@36691 @36314 @36692 @AmazonHelp https://t.co/cZ0REJOBq0",375824,@205131 Oh no! Have you tried deleting the app and then reinstalling it? Here are some more helpful options: https://t.co/RIrGDbQ8PM ^GM,Mon Oct 09 01:45:16 +0000 2017,Mon Oct 09 02:23:01 +0000 2017
239462,"@172897 @115821 Thanks for checking in - yeah, I got a replacement pack today and it was the Mediterranean AGAIN!",239461,"@172896 We're terribly sorry about the chronic issue, George! When you contacted us last did we take action to escalate the issue? What options or insight did we provide with your last contact with us? Please let us know. ^JD",Sat Nov 25 02:29:14 +0000 2017,Sat Nov 25 02:36:00 +0000 2017
83482,@AmazonHelp This is what it says! It doesn't make sense because it says it will be delivered the next day but the same day it was 'delivered' https://t.co/DBjgUldaos,83484,@134342 Have you had a chance to look around to see if your order was delivered to a safe-place or to a neighbour on your behalf?^PJ,Thu Nov 30 14:02:33 +0000 2017,Thu Nov 30 14:08:00 +0000 2017
1178013,@115821 where do I file a claim for an item that was listed as delivered but was never included in the package received?,1178012,@397055 Oh no! So sorry you haven't received your item! You can contact us here: https://t.co/hApLpMlfHN for refund/replacement ^AD,Tue Oct 24 21:23:39 +0000 2017,Tue Oct 24 21:27:32 +0000 2017
1467447,@115850 I need help with order number 404-5275068-6092333,1467449,"@460616 Sorry for any inconvenience with your order, Ishan. Please reach us from here: https://t.co/rS49hgaADF we'll assist you. (1/2) ^SV",Thu Nov 02 19:48:57 +0000 2017,Thu Nov 02 19:51:31 +0000 2017
2889194,Do you know why most listings on amazon.ca are currently showing most items not arriving until Dec 6th even when using 1 or 2 day shipping? @AmazonHelp,2889195,@184560 You can see how delivery estimates are calculated here: https://t.co/MRvSMv4xOQ ^AF,Tue Nov 28 13:52:11 +0000 2017,Tue Nov 28 14:05:00 +0000 2017
441011,"Not_Satisfied
Order Id-4__credit_card__
Your courier representative never called me,even its return and i reordered it
@115850
@12339",441013,"@219631 is cancelled, we wouldn't have an option to reinstate it. In case of any concerns with regard to the (2/3) ^KA",Wed Oct 18 13:13:09 +0000 2017,Wed Oct 18 13:33:36 +0000 2017
2881850,@AmazonHelp Even if i pay extra?,2881852,@799624 It seems that the item you're purchasing isn't eligible for same day delivery. More info here:https://t.co/rfeSGkq31E.^CN,Tue Nov 28 10:41:43 +0000 2017,Tue Nov 28 10:47:00 +0000 2017
180546,@AmazonHelp ORDER # 405-3723509-3357943,180544,"@158451 Please don't provide your order details, we consider it personal information. Our page is visible to public. (2/2) ^ZH",Wed Oct 04 12:31:18 +0000 2017,Wed Oct 04 12:34:40 +0000 2017
776035,"@115850 selling CRAP #Awfulservice #extremelybadexperience, selling Sadak Chaap maal. sent defective mobile to my sis on her birthday",776034,@305429 https://t.co/r8OjOjMdND and we'll look into this for you. (2/2) ^VM,Thu Oct 12 03:11:59 +0000 2017,Thu Oct 12 03:28:55 +0000 2017
2595440,Muy buena la transmisión de #AmazonPrimeVideo @123813 #HereWeGo,2595438,"@734904 ¡Hola, Rulo94! Nos alegra que estés disfrutando la transmisión, ¿cuál otro programa has logrado ver desde nuestra plataforma? ^LC. https://t.co/UJPwGurtDn",Fri Nov 17 03:20:13 +0000 2017,Fri Nov 17 03:31:37 +0000 2017
1522574,@AmazonHelp Okay ive emailed 🤞 thanks for your help!,1522576,@473135 No problem. Let us know what happens! ^DA,Fri Nov 03 21:24:49 +0000 2017,Fri Nov 03 21:28:00 +0000 2017
1548396,First time grocery shopping on Amazon. 2 hour delivery and so convenient #primenow https://t.co/Y8EKVNPwmM,1548395,@479338 Thanks for trying something new with us! So convenient that the hard part is figuring out what to do with the free time you won't be spending at the grocery! 😊 ^EA,Sun Nov 26 02:48:10 +0000 2017,Sun Nov 26 02:54:25 +0000 2017
542233,"@AmazonHelp Well you can not search for best ratings, years etc but I wanted to watch ""American Gangster"" and searched for the same and it gave me some random results so the only option you have is navigate through all the crime movies which is quite a  pain.",542235,"@245838 I apologize for the Inconvenience, Rajesh. I'll ensure to forward your experience as a feedback to the concerned team internally for a review. ^NK",Sat Dec 02 16:57:19 +0000 2017,Sat Dec 02 17:23:28 +0000 2017
2671360,"@AmazonHelp @115850 yesterday was scheduled pickup, till date no trace, only false assurances, terrible experience in recent times.",2671359,@569741 I apologize for this experience. We have responded to you here: https://t.co/BqGE3HUajH. Kindly check. ^MP,Tue Oct 31 09:46:39 +0000 2017,Tue Oct 31 10:10:31 +0000 2017
547972,@AmazonHelp Yes. Multiple times in the last few weeks.,547971,@247496 I'm very sorry to hear that. Please contact us here:  https://t.co/JzP7hlA23B for further assistance. ^AP,Sat Dec 02 17:50:28 +0000 2017,Sat Dec 02 18:01:34 +0000 2017
2706776,"@AmazonHelp 助かりました…！！！
Amazonさんありがとうございます！！！",2706778,@760165 とんでもないことです。ご不明な点がありましたら、ご遠慮なくお問い合わせください。 EK,Mon Nov 20 00:02:23 +0000 2017,Mon Nov 20 00:07:00 +0000 2017
562947,"👊 to @115821 &amp; @118706 

Package was supposed to arrive on 12/7, received it today. 5 DAYS EARLY!!",562946,"@251777 👊 I'm glad to hear we've been able to deliver so much faster than expected, thanks! 😃 ^JR",Sat Dec 02 23:30:09 +0000 2017,Sat Dec 02 23:34:26 +0000 2017
2763475,"@117093 i placed an order but didn’t receive it, customer support in germany doesn’t speak english, anyone can help me out?",2763473,"@773055 Hi, was the order placed on Amazon.de? We certainly will try to help if possible ^CR",Tue Nov 21 08:22:39 +0000 2017,Tue Nov 21 08:25:00 +0000 2017
2212214,"When you don’t even have Amazon Prime but money is being taken out of your bank account for it. WHy. 

Why do y’all do this to me all the time? @115821",2212213,"@646548 Oh my! We want to help resolve this. Please reach out to us here so we can look into this together: https://t.co/Y5jpI9gRhE
Marvel H",Fri Nov 10 04:39:26 +0000 2017,Fri Nov 10 04:44:30 +0000 2017
224619,"@12370 Ouille, petit soucis, la livraison sur la 2DS XL Pokeball est pas possible en Martinique :/ https://t.co/rrT3AvvZmd",224618,"@169666 Oops, excusez la faute de frappe 😓Veuillez consulter cette page d'aide : https://t.co/XeshHFZUze
^ARC",Thu Oct 05 03:29:55 +0000 2017,Thu Oct 05 05:33:56 +0000 2017
2291450,@AmazonHelp I’ll call in or chat or something then.,2291452,@412851 You can reach an agent via this link: https://t.co/hApLpMlfHN. Thanks for contacting us. ^JJ,Sun Nov 12 11:21:16 +0000 2017,Sun Nov 12 11:43:30 +0000 2017
1493772,"@AmazonHelp Hi, have done that but it’s none of those things. It may well still be in the back of the drivers van but it is urgently needed!",1493774,@466876 What is the tracking on the 2nd parcel? Was it supposed to be delivered with the 1st or is it still out for delivery? ^PK,Fri Nov 03 10:51:02 +0000 2017,Fri Nov 03 11:02:31 +0000 2017
1031770,@115821 https://t.co/SLRm8vxiKH,1031769,@364136 I'm sorry for the delay. Was a new delivery date provided? ^JF,Sat Oct 14 17:49:11 +0000 2017,Sat Oct 14 18:02:02 +0000 2017
2856684,@AmazonHelp Just been on trying to order the same product to substantiate your statement and I cannot see it. Regardless this advice is appreciated however irrelevant after the fact. Poor show Amazon. Close call but that will be the end of Xmas shopping from yourself. Too risky.,2856686,@793993 We're always looking for ways to improve. Please tell us your thoughts here: https://t.co/hApLpMlfHN. Just select Prime or Something else&gt; More non-order questions&gt; Give Amazon feedback&gt; Opportunities for improvement ^ST,Mon Nov 27 21:36:39 +0000 2017,Mon Nov 27 21:47:29 +0000 2017
797514,@115851 let me know how to send @115850 gift card to you I'm feedup with this joker's I've 3072 inr balance need to transfer you,797511,"@158494 As requested previously, please fill in your details in the form provided so we could fix this. ^JC",Thu Oct 12 14:36:12 +0000 2017,Thu Oct 12 15:03:05 +0000 2017
1860949,@AmazonHelp 教えて頂いたように電池交換したら直りました。お騒がせいたしました。有難うございます。,1860948,@556247 とんでもないことでございます。直ったとのことで安心いたしました。引き続きご利用くださいませ♪ TN,Wed Nov 22 06:41:27 +0000 2017,Wed Nov 22 06:44:00 +0000 2017
427298,@AmazonHelp Didn't think it could get much worse... At least I actually received it? #fail #amazonprime https://t.co/iL96gvBF2g,427301,@216638 I can see why you're frustrated! Do you notice a trend in courier when these issues arise? What info did we provide previously? ^CS,Tue Oct 10 15:35:43 +0000 2017,Tue Oct 10 15:42:51 +0000 2017
1398273,@AmazonHelp And my second order is marked delivered directly to customer where as i dint get it... whats going on....,1398275,"@309051 Seems like an incorrect tracking update, could be an error. Please connect with us via the link provide earlier. ^MS",Mon Oct 16 17:33:37 +0000 2017,Mon Oct 16 17:54:28 +0000 2017
2353891,"@AmazonHelp Low and behold, it hasn’t arrived. And now all I get is this not very “helpful information,” and it no longer tells me if it’s been dispatched/is out for order etc. So I shall make use of that link you provided before. https://t.co/0Wt3CzChVl",2353892,@680146 I'm really sorry for the frustration Shelley. Can you please tell us who the carrier is on the order? You can find that here: https://t.co/aaDyEz1VgE Thanks! ^AJ,Mon Nov 13 21:04:08 +0000 2017,Mon Nov 13 21:09:35 +0000 2017
635771,@AmazonHelp @115821 - My credit card is being charged every 15 minutes for the same purchase - 1 book that was purchased 2 weeks ago. Hours on the phone and no resolution or addressing the problem. Nice way to start #BlackFriday2017 #fail,635770,@270764 Hey! Thanks for contacting us. I'm sorry that you're having credit card issues and that you have spent hours on the phone trying to see what's going on. What response did you receive when you called us? We would really like to get this taken care of for you. ^VR,Wed Nov 22 16:49:14 +0000 2017,Wed Nov 22 17:09:47 +0000 2017
2805127,@AmazonHelp Por isso eu te amo. Se a Amazon existe graças a Deus porque existe.,2805129,@782402 Muito obrigado pelas suas palavras! Saiba que o amor é mútuo. 🙈 Tomara que você consiga aproveitar as nossas promoções! :D ^CR,Wed Nov 22 02:37:23 +0000 2017,Wed Nov 22 02:39:30 +0000 2017
774216,@AmazonHelp @115850 @115821 @AmazonHelp still no resolution ...,774217,@304954 We've sent a correspondence to your registered email Id here: https://t.co/NTkrxpsbHJ. Kindly check. ^PS,Fri Oct 13 08:12:22 +0000 2017,Fri Oct 13 08:34:00 +0000 2017
2948186,"@AmazonHelp Now just got call from @115850 #localCourier , they assured me to delivery done by 2300 , lets C it'll happened or not.",2948188,@814236 I'm sorry about the delay. Kindly share your details so that we'll check this for you. ^SG,Wed Nov 29 16:51:26 +0000 2017,Wed Nov 29 17:23:00 +0000 2017
786803,@AmazonHelp 後ほど調べたいと思います,786802,@307694 恐れ入ります。よろしくお願いいたします。ET,Thu Oct 12 09:46:58 +0000 2017,Thu Oct 12 09:48:29 +0000 2017
2588664,@116875 no me canso de felicitarlos por su excelente servicio. Me hacen quedar perfecto con mis regalos. En serio Gracias!,2588663,"@733369 ¡Isabella, es todo mucho cariño! ❤ ^DA https://t.co/Cqhi7blN5s",Mon Oct 30 18:38:48 +0000 2017,Mon Oct 30 18:59:01 +0000 2017
1733896,@AmazonHelp I have spent enough time calling and emailing but to no avail.,1733898,@523623 We'd want to take a closer look on this issue. Please fill this form: https://t.co/beaaDm0muc and we’ll contact you soon. ^MN,Tue Nov 07 13:21:11 +0000 2017,Tue Nov 07 13:37:05 +0000 2017
370337,"@AmazonHelp AMZL US, Tracking # TBA478287640000",370339,@203704 We would like to investigate this experience further. Please provide your order details here: https://t.co/fJINw1gdz8 ^ST,Sun Oct 08 22:27:17 +0000 2017,Sun Oct 08 22:37:32 +0000 2017
1422807,@AmazonHelp Yup. I don't understand why this is so hard! Why can't I sell on Amazon?,1422808,@309803 Have you set up two step verification on the accounts? ^JJ,Mon Jun 12 06:43:25 +0000 2017,Mon Jun 12 07:04:00 +0000 2017
2790469,"@115830 so annoyed, 2 packages that were meant to be delivered today, both say delivered and handed to resident, yet no one in the house has received anything!!😡",2790468,"@331071 I'm so sorry you don't have your packages, Abbie! We'd like to look further into this with you. Please reach out to us here: https://t.co/JzP7hlA23B, so we can see what we can do to help out. ^WJ",Tue Nov 21 20:13:00 +0000 2017,Tue Nov 21 20:23:00 +0000 2017
394885,@115850    i didn't got cash back till now https://t.co/qDRAmvIp2O,394882,"@209572 I'm sorry you've not received the cashback for the order. Please share the relevant details here: https://t.co/beaaDm0muc we'll look into it and reach out to you. Also, please don't provide your order details, as we consider it to be personal information. ^AP",Sat Nov 25 05:02:57 +0000 2017,Sat Nov 25 05:29:28 +0000 2017
1255685,@AmazonHelp I have been trying this from morning your automated system is unable to find the order and the call get ended why don't you just call me,1255686,@159105 Sorry for the trouble you're having. Please fill this form: https://t.co/GIJyeYqKE0 and we'll contact you. ^MP,Thu Oct 26 11:40:18 +0000 2017,Thu Oct 26 12:07:35 +0000 2017
788194,@AmazonHelp So it’s not like it’s an old stick just seems random it’s always plugged into my tv I’ve not moved it at all or dropped it,788195,@202405 Can you contact us here: https://t.co/JzP7hlA23B? ^MC,Thu Oct 12 12:27:46 +0000 2017,Thu Oct 12 12:52:37 +0000 2017
2544887,@AmazonHelp No please look above on the thread.,2544888,@723376 Let's try signing in to the Amazon Music app using the same account you used when purchasing the music. Keep us updated! ^AB,Sun Nov 26 20:50:37 +0000 2017,Sun Nov 26 20:56:34 +0000 2017
285603,@AmazonHelp Son ustedes mismos: https://t.co/Jy2EK52ZEI,285605,@184037 Puedes buscar el contacto del transportista a traves de este enlace: https://t.co/mEKBC5rf63 . ^MB,Fri Oct 06 14:23:10 +0000 2017,Fri Oct 06 14:30:01 +0000 2017
2706744,Quais as chances de um livro que é lançamento entrar nas promoções de black friday da @117086 ??,2706743,"@760155 Olá, Taynah! Você pode conferir os livros com desconto no site: https://t.co/iJwv6fNl5I ^CR",Sun Nov 19 23:14:52 +0000 2017,Sun Nov 19 23:40:54 +0000 2017
426301,@AmazonHelp Than simply track the order id and get delivered to the given address.,426302,"@216398 Thank you for your feedback, Ashutosh. We will for sure get this forwarded to the concerned team internally. ^KS",Tue Oct 10 14:04:49 +0000 2017,Tue Oct 10 14:33:00 +0000 2017
990761,@AmazonHelp its been more than 48hours your media escalation team asked for it,990760,"@354691 We're working on it, we'll get back to you as soon as we have an update. ^VR",Sat Oct 14 10:54:31 +0000 2017,Sat Oct 14 11:23:29 +0000 2017
2886581,"Dear @115830, I placed an order on Monday and opted for “One Day Delivery” as a Prime member and earliest delivery available is Thursday. I think that would make it “Three Day Delivery”. #Amazon #Prime",2886580,"@632925 My apologies for the delay, Andrew. Please visit us here for more information: https://t.co/s1TBt37wCO ^RB",Tue Nov 28 12:19:58 +0000 2017,Tue Nov 28 12:22:00 +0000 2017
2280043,@115850 No one got back to me. Pathetic Service again?,2280042,@583393 You must have received a correspondence from our end. Kindly check the same here: https://t.co/DTSNmGldJf. ^JS,Sat Nov 11 19:58:59 +0000 2017,Sat Nov 11 20:12:29 +0000 2017
936653,@AmazonHelp Too easy. Thanks 😊👍🏻,936655,@214488 You are very welcome 😊 Have a nice day! ^LG,Sat Oct 21 18:13:18 +0000 2017,Sat Oct 21 18:19:34 +0000 2017
1530922,@AmazonHelp This is what i get https://t.co/ScSlKQaCuA,1530925,@474948 We'd like to look into this further with you. Please reach us by phone or chat here: https://t.co/oGDklGgbCZ ^JN,Tue Oct 17 01:57:27 +0000 2017,Tue Oct 17 02:22:38 +0000 2017
2795269,@AmazonHelp I have a package coming via Purolator tomorrow &amp; I won't be home. Looks like Purolator hasn't picked up from facility yet; can my package be repackaged/sent via Canadapost???,2795266,"@780024 Hey Becky, we are unable to change carriers for deliveries. Have you contacted Purolator to see if they can delay the delivery? ^BE",Tue Nov 21 22:11:38 +0000 2017,Tue Nov 21 22:25:32 +0000 2017
2768306,"Commande passée sur Amazon à 15h21 hier, expédiée par @AmazonHelp à 00h15 via Chronopost et colis reçu en fin de matinée (11-12h). Ça fait plaisir de recevoir un colis dans les temps. Voilà ce que ça fait d'éviter les services de ColisPrivé :). Le client va être content, Merci !",2768305,"@443236 Bonjour, je suis ravie d'apprendre que vous avez reçu le colis dans les délais☺👏 Profitez en bien 😉-Fati",Tue Nov 21 11:38:45 +0000 2017,Tue Nov 21 11:47:00 +0000 2017
1366059,Massively let down by @115830 ended up having to cancel order and buy from somewhere else. Bloody inconvenient and totally wasted my time,1366058,"@438016 Hey Emma, without giving any personal info, can you tell us what happened?^MA",Sat Nov 25 12:27:39 +0000 2017,Sat Nov 25 12:30:29 +0000 2017
259387,@AmazonHelp Anyone capable of handling a missing $476.95 camera lens? Box was empty - incompetent employee #3...,259384,@177680 I'm very sorry for this experience. Was this item shipped and sold by Amazon or a Third-Party seller? Who was the carrier? ^DO,Thu Oct 05 20:28:33 +0000 2017,Thu Oct 05 20:31:25 +0000 2017
2979567,@AmazonHelp December 1. But my past experience with Amazon tells me that you hav always delivered before time and that is y this time I started calling customer care so that my product is at least a day prior to the date shown. I was very hopeful as Amazon always fulfills on time,2979568,@821739 We would do our best to get the package delivered at the earliest. I would request you to please wait till the estimates. ^KK,Thu Nov 30 05:03:57 +0000 2017,Thu Nov 30 05:28:56 +0000 2017
128150,Waits 2 weeks for an @115821 order that never arrives. Ask for a refund. They agree. Buy item from another vendor. Original vendor decides to resend canceled order &amp; they both arrive tomorrow. https://t.co/pDl82Rlfvj,128149,@144788 Oh no! I'm sorry you have a duplicate order on the way! You can easily arrange for a return of the additional order here: https://t.co/Nu2tZJ01mq ^BN,Fri Nov 24 04:17:20 +0000 2017,Fri Nov 24 04:25:00 +0000 2017
812179,"This is the message the sender has got.@115850 .
Please resolve https://t.co/jNutTwU3QO",812178,"@313073 Please don't provide your order details, we consider it personal information. Our Twitter page is visible to public. ^VN (2/2)",Thu Oct 12 19:21:17 +0000 2017,Thu Oct 12 19:51:00 +0000 2017
1279803,@AmazonHelp thoroughly disappointed in Amazon on both customer support and delivery services. Prime just doesn’t seem worth it these days.,1279802,"@419461 I'm sorry we've let you down. Without any personal or account details, can you tell us what's happening? ^TR",Thu Oct 26 16:47:09 +0000 2017,Thu Oct 26 16:50:37 +0000 2017
229052,"@115821 @115850 @1404 y amazon is making fraud with people, price suddenlu Increases wen u checkout. https://t.co/sLtAmteUyz",229051,@170629 That's odd!  Let us check this out for you. Please reach us via: https://t.co/r8OjOjMdND and we'll look into this for you. ^VM,Thu Oct 05 08:20:31 +0000 2017,Thu Oct 05 08:36:50 +0000 2017
616892,"@115821 Here’s four Prime orders where you missed two-day commitments, because you had the USPS deliver them:

111-5902853-2925841
111-6482683-2028253
111-3284221-9227437
111-3284221-922743",616891,"@180181 Hello Bret, we do not have access to your account details on here, have you contacted us yet to report these delivery issues? ^BD",Wed Nov 22 13:54:55 +0000 2017,Wed Nov 22 14:08:00 +0000 2017
156758,@AmazonHelp So this isn't a permanent change?,156760,"@152001 That's correct, Ben! We haven't changed our shipping policies. ^TK",Fri Nov 24 17:32:21 +0000 2017,Fri Nov 24 17:47:33 +0000 2017
728074,@115850 #AmazonMagic #AmazonFake  took money 12000 and then cancelled order..  Making customers fool.  12000 is not small amount https://t.co/CllpgqV54F,728071,@294417 You should have received an email communication for order cancellation. Kindly check it here: https://t.co/TGtn4IB6Ah ^RW,Wed Oct 11 07:22:43 +0000 2017,Wed Oct 11 07:43:54 +0000 2017
21904,"@AmazonHelp 1. Does it work without being plugged in to power? 
2. If yes, what is battery life? 
3. Can it be used for receiving and making calls?",21908,"@120773 It doesn't have a built in battery, so plugging in to an electric socket is a must. You can use the ""Drop in"" feature 1/3 ^RW",Wed Nov 01 08:09:47 +0000 2017,Wed Nov 01 08:48:01 +0000 2017
425173,@115850 I am reconsidering if buying an Mi phone or any other electronic device from @115850 worth it or not. It has been pathetic response from both @115850 and @138673,425172,@216159 That's quite a comment. Could you tell us if any of your concerns went unattended so that we can assist you accordingly? ^SF,Mon Nov 20 06:59:00 +0000 2017,Mon Nov 20 07:21:26 +0000 2017
326700,"@AmazonHelp I have, the damaged item was replaced but I called requesting a replacement for the missing parcel I was told that wasn't allowed.",326702,"@193842 Most missing parcels show up within 36 hours. If it doesn't show up in that time frame, please contact us for options.  ^AF",Sat Oct 07 17:07:35 +0000 2017,Sat Oct 07 17:16:45 +0000 2017
1603135,ちっちゃいインクカートリッジ💢💢💢Amazonの過剰梱包💢💢💢💢,1603134,@492008 ご迷惑をおかけしております。梱包についてのご意見は、こちらからお送りいただければ幸いです。 https://t.co/scSKdCAq6m EK,Sun Nov 05 07:11:56 +0000 2017,Sun Nov 05 07:17:29 +0000 2017
1007037,"@AmazonHelp Ahh okay I re-read it. So orders less than $25, only the regular items will ship",1007038,"@358303 That is correct, Daniel. Please let us know if you need anything else! ^AD",Sun Oct 22 20:27:54 +0000 2017,Sun Oct 22 20:31:25 +0000 2017
2132856,"@120540, hai bucato la consegna, mi mandi email chilometrica e anonima, dicendo di aspettare 6 giorni prima di contattarti. Meno male che sei famosa per la customer care...",2132854,@627588 L'articolo è stato spedito? Qual era la data di consegna prevista indicata al momento dell'ordine? ^MP,Wed Nov 08 20:01:16 +0000 2017,Wed Nov 08 20:20:00 +0000 2017
1207979,How long does an @115830 prime package take? Was ordered on Monday night wth,1207978,@403640 Hi Amin. What date was provided via the confirmation email? What does the latest tracking advise- https://t.co/Jr1kcqQUJY ? ^TP,Wed Oct 25 09:59:31 +0000 2017,Wed Oct 25 10:07:10 +0000 2017
715442,@AmazonHelp はいまた分からなかい事があれば是非🤗🤗,715443,@291185 お気軽にお知らせください。TN,Wed Oct 11 08:53:19 +0000 2017,Wed Oct 11 08:56:00 +0000 2017
2944267,@115821 I’m interested in amazon flex. How can I get started?,2944266,@813354 Hello Malik! Interested in Amazon Flex you say? Let's get some more info on that here: https://t.co/cB88GusrW6 ^JZ,Wed Nov 29 15:05:25 +0000 2017,Wed Nov 29 15:11:00 +0000 2017
2471038,@706757 @706758 @706759 @116316 Still no shipping confirmation. Hello @116316!!!!,2471037,@706756 Let my colleagues check this: https://t.co/cDHy5WiCek Kind regards ^MF,Wed Nov 15 11:19:11 +0000 2017,Wed Nov 15 11:25:27 +0000 2017
2522337,"@AmazonHelp Hey so, my order says ""arriving tomorrow"" but its 3am for me, can it be that it will arrive today but didnt refresh yet?",2522335,@718362 Thank for reaching out to us! You can check updated information for your order here: https://t.co/Y5jpI9gRhE  ^MO,Thu Nov 16 02:00:48 +0000 2017,Thu Nov 16 02:05:00 +0000 2017
2149574,I got my little sister`s baby shower gift today in the mail.❤Super happy with it @115821..Thank you!✨,2149573,"@631764 You're welcome, Amanda! ^KL",Thu Nov 09 00:35:57 +0000 2017,Thu Nov 09 00:39:33 +0000 2017
436892,@115821 I gave package feedback and heard nothing from you. This is a serious issue!,436891,"@218757 I'm sorry you haven't heard back! Please contact us via phone/chat here: https://t.co/hApLpMlfHN, so we can look into it. ^WJ",Tue Oct 10 17:21:07 +0000 2017,Tue Oct 10 17:25:00 +0000 2017
1390965,@AmazonHelp Scappo urlando giuro 😂,1390966,@443522 Fuggi finchè sei in tempo 😱👻 ^BC,Sat Oct 28 12:38:50 +0000 2017,Sat Oct 28 12:44:31 +0000 2017
609525,@AmazonHelp C’est réglé. Merci 😉,609527,@264894 Heureuse d'apprendre cela :) merci pour le partage 👍 Bonne journée,Thu Nov 23 07:16:30 +0000 2017,Thu Nov 23 07:25:00 +0000 2017
617009,@115850 @AmazonHelp can you guys help me whats going on with my order delivery? Your courier partners are playing GURGAON-SONIPAT-GURGAON 😡 @115851 https://t.co/xaV55arSoa,617007,"@266389 I get your concern, Govind. We ship the products to meet the estimates. Could you confirm If we have missed the estimated delivery date for the order? ^NK",Wed Nov 22 14:00:33 +0000 2017,Wed Nov 22 14:14:27 +0000 2017
1016397,"@AmazonHelp you have issued me a refund for a mariah vinyl I ordered which arrived in pieces, are you seriously expecting me to send it back",1016394,"@348723 Looks like we may have overlooked something, Deane! Please give us another chance and reach out here: https://t.co/JzP7hlA23B ^CN",Sun Oct 22 19:09:55 +0000 2017,Sun Oct 22 19:27:31 +0000 2017
1323916,@115850 @115821 your service is also too worst and I connected but no solution on theri. And also you will sell defective product 🚫❌ https://t.co/CKIpvAHS0I,1323915,@206653 Sorry about the unpleasant experience. Please share your details here: https://t.co/GIJyeYqKE0 &amp; we'll get this fixed. ^BS,Fri Oct 27 10:32:24 +0000 2017,Fri Oct 27 10:43:29 +0000 2017
349370,@AmazonHelp I place 2 order 4__credit_card__ &amp;                         4__credit_card__ I select wrong delivery address by mistake. Fix it,349371,"@199158 I understand your concern, please contact us here: https://t.co/rS49hgaADF so that we can assist you accordingly. (1/2) ^ VH",Sun Oct 08 08:11:15 +0000 2017,Sun Oct 08 08:40:27 +0000 2017
1216226,@AmazonHelp Je viens de le faire par e-mail &amp; espère une solution rapide. Comment peut-on mettre un noeud sans se rendre compte qu'il y a pas le papier?,1216228,@405389 Vous pouvez soumettre une évaluation sur l'emballage reçu via le lien suivant: https://t.co/lk935G8fa9 ^BR,Wed Oct 25 17:42:30 +0000 2017,Wed Oct 25 18:00:00 +0000 2017
1719678,@AmazonHelp Thanks for showing your concern but my issue is still not resolved nor I have received the product I had purchase.Had alreadyshared the details in links for 10 times,1719679,"@520555 We'd really like to help, Rohit. I'm afraid we haven't received your details yet. I insist you do the needful. ^JC",Wed Nov 08 09:41:10 +0000 2017,Wed Nov 08 10:07:04 +0000 2017
1592443,@AmazonHelp what happ sir about me complaint.because already more than 1 month.iam waiting for this,1592445,"@119214 I'm sorry to know about the delay in reaching you, Dhinesh. Please reply to the email we've sent to you. (1/2) ^SV",Thu Nov 09 01:34:21 +0000 2017,Thu Nov 09 01:47:27 +0000 2017
2811105,"@AmazonHelp I contacted yesterday regarding a separate delayed order and got the ""free month"" reply. Today's issue is new but on a VERY time sensitive order. I run over 250k thru amazon yearly for personal and business. Very disappointing! Happening a LOT lately!",2811103,"@783916 I'm sorry to hear that Matt, have you noticed a pattern there, are the orders that are late always being delivered with the same carrier? What is the status of your current order: https://t.co/Y5jpI9ys9c ? ^MA",Wed Nov 22 07:48:46 +0000 2017,Wed Nov 22 07:57:32 +0000 2017
947282,@120533 Reçu un bon de 10 € utilisable uniquement en Allemagne. Par contre ma CB FR enregistrée apparaît sur @116316; Cherchez l’erreur!,947281,"@344643 Bonjour, vous n'arrivez-pas à utiliser votre bon de réduction c'est bien cela ? ^SN",Sat Nov 25 11:04:16 +0000 2017,Sat Nov 25 11:21:30 +0000 2017
269870,まじかよAmazon最高じゃん,269869,@180367 |・ω・*) ｿｰｯｯTY,Fri Oct 06 01:22:31 +0000 2017,Fri Oct 06 01:29:05 +0000 2017
2922553,@AmazonHelp In bed sick. Checked tracking on item 2 arrive by 9p. See pic. 2 mean dogs. Not a sound 3rd problem with AMZL. Now they lie 2! 1 https://t.co/VrJJswg81S,2922551,@808797 I'm so sorry for the trouble! I would like to have someone look at this directly with you. Please reach out to us here: https://t.co/xY3kroykkX ^LA,Wed Nov 29 01:51:16 +0000 2017,Wed Nov 29 02:04:00 +0000 2017
145789,"@AmazonHelp Pare che non serve, lo diranno al corriere",145790,"@149067 Va bene. Il nostro Servizio Clienti resta a tua disposizione, qualora ne avessi bisogno. ^ZC",Tue Nov 28 17:31:02 +0000 2017,Tue Nov 28 17:41:28 +0000 2017
757678,"@AmazonHelp Carrier
AMZL US",757681,"@301076 We're so sorry! I'd like a member of our Social Media team to look into this further, so we can get this escalated. 1/2 ^ZW",Wed Oct 11 19:56:26 +0000 2017,Wed Oct 11 20:06:54 +0000 2017
2896071,@8623 @115821  help me with a representative?,2896069,@802513 I am unable to comprehend your issue. Could you please elaborate on your concern so that we could assist you accordingly? ^HS,Tue Nov 28 15:43:58 +0000 2017,Tue Nov 28 16:15:27 +0000 2017
378517,How does @115821  prime  work if I order something on 10/2 and it hasn’t even been shipped yet? I thought it would be quicker? 🤔🤷🏾‍♀️,378515,@205822 Hi there- What was the expected delivery date? What shipping method did you choose? ^NV,Mon Oct 09 04:49:17 +0000 2017,Mon Oct 09 05:17:53 +0000 2017
448757,"@115830, postal issues have meant I now have 2 of item I ordered. Looking to speak to someone about it but can’t access customer services",448756,@221322 Oh no! You can call or chat with us here: https://t.co/ZhCcKCQYfs ^ BA,Thu Nov 30 20:14:10 +0000 2017,Thu Nov 30 20:17:26 +0000 2017
2677377,"@AmazonHelp Los libros, siempre los libros. Y materiales de dibujo, sobre todo cosas de Japón ❤️🇯🇵",2677378,"@753509 🙋 Tenemos mucho en común,😅 📚✏️🎌❤️ Cuéntanos, ¿qué cosas de japón te gustan? ^HC",Tue Oct 31 15:18:59 +0000 2017,Tue Oct 31 15:36:30 +0000 2017
542239,@AmazonHelp Can see one driver throwing a package out from window at one of my neighbors house. https://t.co/AopojFAnnx,542242,@245840 I am really sorry to see this Paul. Was the package still in perfect condition? Have you raised this with us directly?^SM,Sat Dec 02 16:39:11 +0000 2017,Sat Dec 02 16:42:28 +0000 2017
2176646,"@116928 @AmazonHELP Porque mandais pedidos con @4496 :( Tengo pedido que tiene que llegar hoy (entrega garantizada), en vuestra web pone que ha salido de Getafe y en la web de Correos que esta Pre-registrado. No tiene pinta de que me llegará hoy y era urgente para mi.",2176644,"@638019 Hola Laszlo, ¿has entrado en contacto con la empresa de transportes encargada de la entrega para verificar el estado del pedido en cuestión? ^KS",Thu Nov 09 15:36:47 +0000 2017,Thu Nov 09 15:42:30 +0000 2017
575379,"@AmazonHelp Ah yes, I did mention that this issue had occurred twice in the same week, and I was simply told that I would be refunded for the last order since it was labeled as lost in transit/delivery over the phone. I just hope this doesn't continue to occur with my future orders.",575380,"@255385 Following Black Friday and Cyber Monday deals week, some parcels can take a little longer than normal. You can follow the tracking of your orders by clicking the following link: https://t.co/Y5jpI9gRhE.^BZ",Sun Dec 03 08:22:15 +0000 2017,Sun Dec 03 08:31:24 +0000 2017
454562,@AmazonHelp ご丁寧にありがとうございます。,454561,"@222872 とんでもございません。
突然のリプライにもかかわらずご返信をいただきありがとうございました！🙇‍♂️　MH",Thu Nov 30 23:13:48 +0000 2017,Thu Nov 30 23:23:29 +0000 2017
47941,@AmazonHelp It's been 9 days now.,47943,"@126321 Sorry to know you're yet to receive your refund, kindly connect with us here: https://t.co/HQhpS2qeEd. We'll look into it. ^PS",Mon Nov 06 05:50:20 +0000 2017,Mon Nov 06 06:17:30 +0000 2017
2242551,@AmazonHelp do you think it’s acceptable to leave a parcel out in the rain ‘by the back gate’ I want a replacement sent immediately #ruined https://t.co/EX6Gt3aLFD,2242550,@653776 Oh no! I'd like a member of my team to look into this with you. Please provide more details here: https://t.co/seCFNAYCSE ^VB,Thu Oct 19 17:19:27 +0000 2017,Thu Oct 19 17:24:10 +0000 2017
1672038,"@120540 come riuscite ormai a disattendere le consegne, neanche i siti più scrausi cinesi.",1672036,@508918 Hai riscontrato un ritardo per la consegna di un tuo ordine? Possiamo aiutarti? ^EA,Mon Nov 06 13:30:26 +0000 2017,Mon Nov 06 13:40:28 +0000 2017
796520,"""We tried but failed to deliver your package today."" FUCK YOU @115821 YOU LYING FUCKING BASTARDS! I WAS IN ALL DAY WAITING FOR THAT POS!",796518,@309931 I'm sorry we weren't able deliver the package! We'd like to know more. Reach us via phone/chat here:https://t.co/JzP7hlA23B ^AL,Thu Oct 12 14:26:37 +0000 2017,Thu Oct 12 14:45:34 +0000 2017
637348,"@AmazonHelp not a single response from usps. all I received from you guys was ""we do not have a delivery date"" and it was sent to KY.",637347,"@271121 Thanks for the update, Tiania. In this case, would you be able to reach out to us here via phone or chat so we can take a look at this order with you?  https://t.co/hApLpMlfHN ^GS",Wed Nov 22 19:25:21 +0000 2017,Wed Nov 22 19:31:28 +0000 2017
1623687,"@AmazonHelp Toujours ce problème d'article endommagé, le SAV est très agressif .",1623688,"@429585 désolée, vous avez la possibilité de demander le retour de l'article contre un remplacement ou remboursement depuis votre compte^KE",Sun Oct 29 22:09:22 +0000 2017,Sun Oct 29 22:15:30 +0000 2017
2907861,"@AmazonHelp Je ne trouve pas le suivi. En revanche voici le numéro de commande : 
406-6531018-8684354

J’ai d’ailleurs était étonné de recevoir une autre commande passée beaucoup plus tard.",2907860,"@805141 N'ayant pas accès à votre compte depuis Twitter veuillez contacter notre service client afin de donner suite à votre requête je vous prie via le lien suivant: https://t.co/hgIrz98cdI. Pour des raisons de sécurité, veuillez supprimer le numéro de commande SVP. ^BR",Tue Nov 28 20:22:24 +0000 2017,Tue Nov 28 20:29:28 +0000 2017
748689,@AmazonHelp  https://t.co/GeOWeewNz6,748690,@298983 We're unable to view order details via Twitter. What does the tracking indicate: https://t.co/uRidd2bH0d? ^ST,Sat Oct 14 22:50:13 +0000 2017,Sat Oct 14 22:54:51 +0000 2017
2334546,@AmazonHelp No as it's already been delivered... Figured there was nothing yall could really do at this point?,2334548,@591990 We'd definitely like to explore your options. Please use the link provided by GM so we can look into this. ^GG,Fri Oct 20 02:09:59 +0000 2017,Fri Oct 20 02:21:00 +0000 2017
2113542,@AmazonHelp I've emptied my junk mail many times over.  I had been inactive as a seller for quite some time as I was recovering from cancer surgery.,2113544,@130552 We'd like another chance to look into this for you. Please reach out to Seller Support here: https://t.co/IkrOo1rqru ^VS,Wed Nov 08 17:19:09 +0000 2017,Wed Nov 08 17:23:01 +0000 2017
964969,@AmazonHelp I have sent my details. Please call!,965172,@326613 Thank you for sharing your details. We've received them and will get in touch with you at the earliest. ^AU,Sat Oct 14 12:37:43 +0000 2017,Sat Oct 14 12:58:54 +0000 2017
2885758,"Que me compró @110623 una plancha por @115821 en el Black Friday que estaba a £99 por £23 y me acaba de llegar, y estoy super emocionado! https://t.co/mWgRRXVV8V",2885757,@800383 ¡Que maravillosa noticia Fran! Deseamos que disfrutes mucho tu producto. ¡Saludos! ^AZ,Tue Nov 28 11:36:39 +0000 2017,Tue Nov 28 11:43:25 +0000 2017
183664,"#AmazonIndia 
Paid 100 extra for 1 day delivery
Got a call it was missed delivery
Non sense
Nobody contacted me",183661,@159189 I'm sorry for the inconvenience in delivering this order. Call us here: https://t.co/vlvfJr4nN9 &amp; we'll get this sorted. ^MJ,Wed Oct 04 12:35:18 +0000 2017,Wed Oct 04 12:46:00 +0000 2017
2945430,Paid 3707 INR for below item purchased from @115850 Got it today bt the tag on item says MRP 2950 INR #Fraud #Amazon #AmazonIndia  @AmazonHelp https://t.co/ScrN154Qmm,2945436,@813611 The MRP of the product delivered might differ from the MRP mentioned on the website. This could happen owing to a variety of factors. Kindly check this link here: https://t.co/8c7nqHBUw9 for more information. (1/2)^MN,Wed Nov 29 15:24:15 +0000 2017,Wed Nov 29 15:41:40 +0000 2017
397337,@115850 I have won the prize but i did not get any message or email from amaozon of quiz 18-19 September #AmazonPayQuiz,2779150,"@776280 That is unusual, Ashar. Could you please let us know if you've received any email stating you were a winner of the quiz ? ^KS",Tue Nov 21 15:58:09 +0000 2017,Tue Nov 21 16:19:39 +0000 2017
2829021,"１度も会ってないのに配達が完了してる件…😳

#最近のAmazon https://t.co/RY06F4QSIj",2829020,@787841 ご迷惑をおかけしております。アマゾン発送商品で配達完了未着、ポスト投函も確認ができない場合、注文確認のうえご対応させていただきます。お手数ですが以下リンクよりカスタマーサービスにご連絡ください。https://t.co/J6YEizo6qC SM,Sun Nov 12 07:41:05 +0000 2017,Sun Nov 12 07:52:55 +0000 2017
1097828,@116618 many movies in your Heera subscription say they have subtitles yet on the PS4 the subtitle button won’t always show. Ex: Shivay,1097827,@379057 Do you have a list of examples that this is happening with by any chance? ^KM,Sun Oct 15 06:02:23 +0000 2017,Sun Oct 15 06:11:26 +0000 2017
547894,@AmazonHelp I have just attempted this and unfortunately the date has remained the same,547896,"@247479 Thanks, what Amazon website is your account on? Did you get an email after contacting the agent? ^JJ",Sun Dec 03 09:24:54 +0000 2017,Sun Dec 03 09:37:54 +0000 2017
1586737,@115851 looks like India does not have customer care centres that provides help while purchasing from Amazon India :(,1586736,@487720 We've responded to your concern here: https://t.co/l9W5v5H68W please check. ^KA,Tue Oct 17 07:39:22 +0000 2017,Tue Oct 17 08:01:29 +0000 2017
832109,"@AmazonHelp I did, I am tired of repeating my story for the 10th time. These drivers have to find my delivery codes they never check !",832110,@318179 Pleasee fill out the form here: https://t.co/R55eEQfhfS  ^CD,Fri Oct 13 05:35:48 +0000 2017,Fri Oct 13 05:40:28 +0000 2017
2527631,"@115821 @119625 why is suits, only till S06E10 on Prime Video India? It even shows the release date as 2017, whereas the show is in its 7th season, and season 6 has 16 episodes. When are the rest going to be available? And why has it not, been already made available. Shame",2527630,"@125408 Also, thank you for flagging the release year, I've escalated it to the concerned team internally. 2/2 ^AP",Thu Nov 16 04:28:13 +0000 2017,Thu Nov 16 04:56:00 +0000 2017
1672278,@AmazonHelp Is there a specific contact email/number besides us speaking on here?,1672280,"@508968 Hi, you can get in touch with us here: https://t.co/oGDklGgbCZ &amp; we'll look into this for you. ^TS",Mon Nov 06 08:37:49 +0000 2017,Mon Nov 06 08:40:25 +0000 2017
527626,@AmazonHelp  Im really getting mad. Im out $30 . first you say you cant send my package because of payment even tho u took it and i have proof . you you cancel my Prime membership that i also have proof. why are you stealing my money,527624,"@242139 We only charge for items once they have been confirmed as dispatched. The pending amounts you are seeing are known as authorisations, which are held by the bank. More info can be found here: https://t.co/izgVLqBJiQ.^SM",Sat Dec 02 08:10:32 +0000 2017,Sat Dec 02 08:26:26 +0000 2017
2703157,@AmazonHelp please can someone reply to me. Five replacement kindles and none of them work. I want to escalate this as far as possible now.,2703156,"@601721 I'm sorry to hear your replacement Kindles are not working. Can you tell us more about what you're trying to do and the error messages you are getting? Which Kindle device do you have? Kindle E-Ink: https://t.co/VdLQqragyT
Kindle Fire: https://t.co/awbqbLA8vR  ^AF",Sun Nov 19 21:37:21 +0000 2017,Sun Nov 19 21:44:26 +0000 2017
550551,"@AmazonHelp Your carriers picked up the wrong package at my address, and I don’t purchase the package through Amazon.",550550,"@248253 When you contacted in, what options were discussed regarding the wrong packing being picked up? ^DO",Sat Dec 02 18:58:26 +0000 2017,Sat Dec 02 19:02:31 +0000 2017
2137438,bad experience from @115850 today.ordered a phn and got a msg saying phn delivered w/o actually delivering the phn.tracking:210166704258 https://t.co/HJrYwnN3VH,2137437,@628726 consider it to be personal information. Our Twitter page is public. (3/3)^AU,Thu Oct 19 08:23:25 +0000 2017,Thu Oct 19 08:38:30 +0000 2017
2722380,@115833 Is there any way to get the echo to pick original songs by default rather than covers? Using Unlimited.,2722379,@763758 We would love to work with you on this in real time. Contact us by Phone or Chat:   https://t.co/JzP7hlA23B ^CH,Tue Oct 31 18:08:54 +0000 2017,Tue Oct 31 18:24:29 +0000 2017
89178,"@AmazonHelp Ja, danke. Paket ist aktuell in Zustellung.",89179,@135288 Wunderbar :) Schönes Wochenende! ^BL,Fri Dec 01 15:18:35 +0000 2017,Fri Dec 01 15:24:52 +0000 2017
1972830,I have ordered motorola g5s plus but i haven't got the cash back . Pl. Resolve this issue as early as possible. @115850 @115821 https://t.co/Vth3NKwjyF,1972829,"@584318 We've responded to concern here: https://t.co/U976ph3mJb; kindly refer. Also, Please don't provide your order details, we consider it personal information; our Twitter page is visible to public. ^VN",Sun Nov 26 09:45:25 +0000 2017,Sun Nov 26 10:23:00 +0000 2017
155141,@AmazonHelp  I definitely don't have Amazon.in Prime music since I'm in the US. Any help would be appreciated since I'm at my wits end.,155144,@151578 Here are additional helpful tips: https://t.co/bwljNRcLIa We are unable to check account details we are unable to escalate issues from a social media platform. If the above tips do not help reach out to us again by phone or chat from here:  https://t.co/hApLpMlfHN ^CH,Fri Nov 24 23:12:49 +0000 2017,Fri Nov 24 23:30:00 +0000 2017
2877815,@AmazonHelp Hello! Can you please DM me so we can get this situated :),2877817,@798787 You should be able to DM us there now. ^MI https://t.co/1XyLaGkcaN,Tue Nov 28 08:22:11 +0000 2017,Tue Nov 28 08:26:49 +0000 2017
2457767,@AmazonHelp Do you have any guide on how to use product images on site as an amazon affiliate?,2457765,@703955 Thanks for reaching out to us today.  You can find tools to use product images on your Amazon Affiliate site here: https://t.co/ZZL9oHXguU  ^FJ,Wed Nov 15 05:27:23 +0000 2017,Wed Nov 15 05:36:25 +0000 2017
205975,"@115821 Ces conditions tiennent, ou pas ? https://t.co/ARlvxFCD01",205974,"@164789 Bonjour,
Pourriez-vous me fournir le lien qui mène vers la page détaillée de l'article que vous avez choisi?
^MD",Mon Nov 06 13:23:42 +0000 2017,Mon Nov 06 13:28:36 +0000 2017
1616464,@136314 Hi. Is there a way to renew prime membership with unlimited music?,1616462,"@460487 Hey there! Since the Prime membership and Music Unlimited are two separate subscriptions, you will need to renew them separately. ^NM",Sat Nov 25 12:50:41 +0000 2017,Sat Nov 25 13:06:55 +0000 2017
138267,"@AmazonHelp No resolution has been done from your side.Already contacted via this link 2-3 times.
Here is the Tracking #
184123617427",138269,"@147143 Please don't provide your order details, we consider it to be personal information. Our page is visible to the public. ^GD",Fri Nov 24 11:57:23 +0000 2017,Fri Nov 24 12:16:00 +0000 2017
2825579,"@AmazonHelp wenn ich AmazonPrime abschließe um ein Paket per Premiumversand asap zu bekommen, dass dann aber nicht passiert, bekomme ich von Euch die Kosten für Prime erstattet?",2825578,"@280557 Hey Theresa,  ich kann verstehen, dass es ärgerlich ist, wenn das Paket nicht rechtzeitig kommt. Leider habe ich über Twitter keinen Einblick in dein Amazon Kundenkonto. Meldet dich bitte bei meinen Kollegen vom Kundenservice: https://t.co/ohyvGrpvrY ^AM",Mon Nov 27 09:48:54 +0000 2017,Mon Nov 27 10:03:27 +0000 2017
983310,"@AmazonHelp i keep getting ""attempted delivery"" mails, when no one has been here to deliver my package. What shipping service do you use?",983309,@353118 Sorry to hear this. Please contact us directly here: https://t.co/JzP7hlA23B and we can look into it. ^PK,Sat Oct 14 09:28:18 +0000 2017,Sat Oct 14 09:31:27 +0000 2017
1327043,So @115821 is 0 for 3 with deliveries yesterday and today. Brick and mortar purchasing looks better and better every day.,1327041,@429623 I'm sorry for the frustration! Have these all missed the delivery dates through the same carrier: https://t.co/PCtircFm5C? We'd like to assist. ^SJ,Sat Nov 25 20:43:14 +0000 2017,Sat Nov 25 20:48:28 +0000 2017
1409083,@AmazonHelp No it was not related to this order.,1409085,@276994 Was this a promotional credit awarded to your account via Amazon or from a different site? ^WM,Wed Nov 01 22:57:51 +0000 2017,Wed Nov 01 23:00:28 +0000 2017
1013778,@AmazonHelp. So how do I get the #money back now unless you can email transfer.,1013783,@359877 Once canceled the refund will usually complete within 3 to 5 business days. An email will be sent to confirm. ^CH,Tue Oct 24 01:15:25 +0000 2017,Tue Oct 24 01:33:17 +0000 2017
751307,@AmazonHelp Sure thing! Thanks!,751308,"@299571 We've received your details, we'll get back to you at the earliest. ^SC",Sun Nov 05 03:18:52 +0000 2017,Sun Nov 05 03:43:29 +0000 2017
1435700,"What's wrong with u @AmazonHelp ,one side u showing order placed n other u messaged payment failed, while my amt deducted. Deplorable https://t.co/3h9EUYYiH2",1435699,@453312 Please don’t provide your details as we consider them to be personal information. Our Twitter page is visible to public. ^YP,Thu Nov 02 13:59:46 +0000 2017,Thu Nov 02 14:10:29 +0000 2017
124718,"@AmazonHelp Raised complaint 4 times...on top of it, I got a message saying my product has been delivered when I've been complaining for last 12 hours that it's not... Are you kidding me! And the customer support team can still not promise to deliver today!",124717,"@143936 I’m sorry about this experience, Rahul. Do not worry. Please share your details here: https://t.co/GIJyeYqKE0 and I'll get in touch with you. ^MK",Fri Nov 24 01:55:38 +0000 2017,Fri Nov 24 02:04:00 +0000 2017
2814467,"@AmazonHelp Amzl US, if that's what you mean and most current tracking says today at 8pm. Said the same thing yesterday",2814469,"@784672 This isn't at all the experience we strive to provide, truly sorry! We would very much like to look into this, at your convenience please provide some additional details using the form provided here: https://t.co/N7BC7RZOvj ^CH",Mon Nov 27 02:52:50 +0000 2017,Mon Nov 27 03:03:00 +0000 2017
2350924,@115830 have Amazon Logistic drivers ever waited more than 2 seconds for someone to answer the door before dumping your expensive goods on the doorstep for anyone to take? 😡,2350923,"@414863 Oh no! I apologize about this poor experience with package handling. We'd love to assist any way we can with this. Please reach out to us here: https://t.co/35kbVBzG9i 
Please keep us updated. ^GP",Mon Nov 13 17:16:13 +0000 2017,Mon Nov 13 17:50:27 +0000 2017
2135618,@18977 🎉Tellement en joie ! Merci mon Flo! Merci @120533 ! #LaFêteEstFinie #UnJourDavance#Happy #Simple https://t.co/BVD51Xn5Cm,2135617,@628293 😍 !!,Thu Oct 19 08:05:24 +0000 2017,Thu Oct 19 08:27:00 +0000 2017
2914514,".@115821, please stop losing my packages! Two have gone missing in the last month and yesterday's shipment looks like it may join them!",2914512,@247382 Oh no! I'm sorry your packages have been lost! Who's the carrier assigned to your current order? You can view that here: https://t.co/Y5jpI9gRhE Are you noticing this to be a trend with a certain carrier? Please let us know! ^KL,Tue Nov 28 22:52:42 +0000 2017,Tue Nov 28 23:02:54 +0000 2017
1710791,@AmazonHelp Amazon 😕,1710792,@518266 We'd like to have a specialist take a look into this with you. Please provide details here: https://t.co/exR4tvmRkp ^TR,Tue Nov 07 01:54:57 +0000 2017,Tue Nov 07 01:57:35 +0000 2017
1012292,@115821 I’m highly upset I ordered eyebrow pencils and I got spectra gel? Really you guys https://t.co/RNyqIo25Je,1012293,"@359525 I'm sorry to see you've received the wrong item! Just to confirm, was your order said to be shipped by Amazon or a third- (1/2)",Sun Oct 22 18:02:51 +0000 2017,Sun Oct 22 18:08:42 +0000 2017
2122316,@116439 why does it take so long to load up initially or even just click an app? Is there something I’m doing wrong?,2122315,@625258 Have you attempted these troubleshooting tips: https://t.co/uInYMyKVw5 ? Let us know if that resolves the issue. ^TH,Wed Nov 08 15:34:55 +0000 2017,Wed Nov 08 15:41:30 +0000 2017
593388,@AmazonHelp I have a quick question for you.,593386,"@260496 Of course, Simon! How can we help? ^HC",Sun Dec 03 18:01:14 +0000 2017,Sun Dec 03 18:07:24 +0000 2017
539744,"@AmazonHelp Um euch Euer kollektives Versagen mal zu verdeutlichen. Ihr habt mir gesagt der Fire-Stick hat eine Option die er nicht hat. Ich habe ihn deshalb nochmal gekauft. Ihr habt mich belogen. Ihr scheint das nicht zu verstehen, stattdessen solche Sachen... https://t.co/Ejj5JhGs6a",539743,@245182 Hallo Alex. Gerne würden wir die ganze Sache nochmal persönlich mit dir besprechen. Wäre ein Anruf bei dir noch möglich? Lieber Gruß ^SI,Sun Nov 26 21:21:59 +0000 2017,Sun Nov 26 21:46:55 +0000 2017
277594,"そして、メイトに無かったからAmazonで頼んだ٩(๑❛ᴗ❛๑)۶💕💕💕
届くの楽しみー(*´꒳`*)❤️ https://t.co/RvvPUyuEBO",277592,"@182308 Amazonをご利用いただき、ありがとうございます🙇
お届けまで待ちきれないところかと思いますが、今しばらくお待ちください😊✨ RI",Fri Oct 06 07:43:50 +0000 2017,Fri Oct 06 07:50:31 +0000 2017
2200730,@115830 I ordered a set of three suitcases on Black Friday. Only one has turned up. Can you fix this?,2200727,@643622 Were you provided 3 separate tracking numbers or were all three marked as shipping together? Let us know! ^ZW,Sun Nov 26 14:15:57 +0000 2017,Sun Nov 26 14:18:33 +0000 2017
2601453,"@115821 Dear Team,
I have received a mail from your side regarding my matter, but after that I didn't received any updates. So let me know about its solution ??",2601452,@146139 Please reply to the email you've received from our social media team and we'll reach out to you. ^AR,Fri Nov 17 08:00:07 +0000 2017,Fri Nov 17 08:06:00 +0000 2017
2632969,"@743431 @120533 J'ai commandé 2 colis

Un livré par La Poste, un par Colis Privé

Et c'est celui de La Poste qui est arrivé ce midi dans ma BaL, pas l'autre :')",2632967,"@133252 Bonsoir,
Je suis désolée d'apprendre cela. Avez-vous contacté notre SAV pour leur faire part de la situation?
^MD",Fri Nov 17 18:55:49 +0000 2017,Fri Nov 17 19:04:40 +0000 2017
2893137,@AmazonHelp So you can’t understand it either? I’ve checked everywhere and no parcels to be found. The card clears offers alternates none of which have been ticked! Frustrated!,2893139,@801888 Please reach out here: https://t.co/JzP7hlA23B and we can look into this with you! ^AD,Tue Nov 28 15:38:53 +0000 2017,Tue Nov 28 15:44:00 +0000 2017
603206,Mail doesn’t run on sundays but Ik I get packages on Sunday’s sometimes and amazon said my order was delivered where is it????,603205,@263289 We're excited for you to receive your package! Which carrier was assigned to your order? You can check for this here: https://t.co/Y5jpI9gRhE ^BH,Sun Dec 03 22:08:21 +0000 2017,Sun Dec 03 22:22:00 +0000 2017
2371327,Lol what do you do if someone steals your amazon package from your front door?,2371326,@684233 If that were to happen I would say reach out to us in real time by phone or chat using this link: https://t.co/hApLpMlfHN so that we can go over some options ^CH,Tue Nov 14 00:23:44 +0000 2017,Tue Nov 14 00:34:24 +0000 2017
436950,@AmazonHelp in great india sale amazon pay cashback of 10%,436952,"@218764 Thanks for the revert, Kunal. Could you let us know what went wrong so that we can assist you? ^NK",Tue Oct 10 17:21:51 +0000 2017,Tue Oct 10 17:51:44 +0000 2017
2586303,"Hey @AmazonHelp, I paid for one day delivery on an item (Q63032615993) and it did not arrive the following day. Can I have my one day delivery fee refunded, please?",2586302,@732839 I'm sorry for the delay! Please call or chat in for available options here:  https://t.co/JzP7hlA23B ^SG,Fri Nov 17 00:51:26 +0000 2017,Fri Nov 17 01:01:00 +0000 2017
961468,"@115850 @AmazonHelp Struggling for return my package from 25.09.17, but the same not picked yet. Number of times talked had with CC but ..",961466,@348159 https://t.co/5p7JdZlcy4 so that we can get in touch with you. (2/2)^VM,Sat Oct 14 01:49:58 +0000 2017,Sat Oct 14 03:00:00 +0000 2017
1576345,"@AmazonHelp Pas spécialement, je m'interroge seulement sur le fait que ce soit envoyé par colis privé et non plus la poste ?",1576347,"@485653 Le choix du transporteur peut dépendre de critères hors de notre contrôle parfois (localisation du dépôt, disponibilité)^KD",Tue Oct 17 07:44:43 +0000 2017,Tue Oct 17 07:49:34 +0000 2017
2153016,Amazonさんや、全然返金されてないんですけどー,2153014,@632645 失礼いたします。当サイトの返金までにかかる日数は、お支払い方法によって異なります。（添付画像） 返金状況は注文履歴よりご確認ください。https://t.co/SuByj2QkOV RI https://t.co/1SYNxWbhXF,Sun Oct 29 04:04:14 +0000 2017,Sun Oct 29 04:13:57 +0000 2017
1383877,"@AmazonHelp 丁寧にありがとうございます！
確実に11月1日に届くわけではないってことですよね？？",1383879,@442055 重ねてのご案内となり恐縮ですが、ご案内している「お届け予定日内」でのお届けとなります。恐れ入りますが、お届け予定日を目安に到着をお待ちください。TN,Sat Oct 28 08:41:57 +0000 2017,Sat Oct 28 08:50:01 +0000 2017
2599661,@AmazonHelp No just says https://t.co/YSfWzNb8sl,2599660,@443443 The charge seems to be an authorization charge. This charge will be redirected to  back into your account according to your banks timeline. Take a look at this link:https://t.co/JBadOQu0VP ^CR,Fri Nov 17 06:32:55 +0000 2017,Fri Nov 17 06:41:29 +0000 2017
530055,"@AmazonHelp Oh , so let people see what your Flash sale is like ! 
How you people fool And cheat in name of Flash sales 
Truly disheartened by your Service Amazon.",530057,@242746 We will take this instance as feedback and share it internally. We'll ensure to work on it. ^CB,Sat Dec 02 09:51:04 +0000 2017,Sat Dec 02 10:06:00 +0000 2017
1047928,"Hi @AmazonHelp I was suppose to get a package today, but Canada Post messed up. I'm leaving tommorow and I need that package. :(",1047926,@367685 Oh no! Contact us here: https://t.co/Q7Ftz6nj80 so we can look into this with you! We're here to help! ^AD,Fri Oct 13 00:06:24 +0000 2017,Fri Oct 13 00:16:00 +0000 2017
526120,"@AmazonHelp Hi! The party is next Saturday &amp; the delivery date is somewhere between 12/5 &amp; 12/8! If all goes well, my sparkly boots should arrive just in time, but I am only a little nervous since they weren’t eligible for Prime! 😬✨ Is the estimated date typically accurate? https://t.co/ZoAtHEe8Uq",526122,"@241733 Even if it isn't eligible for Prime, we always strive to meet the delivery date on time! We'll send you an e-mail just as soon as your sparkly boots ship, Cherylyn! ^BN",Sat Dec 02 06:54:50 +0000 2017,Sat Dec 02 07:08:28 +0000 2017
1436630,"Order a birthday present on prime delivery the 1/11 to get a notification it wont be here till next week, 7/11 #CheersGuys! @AmazonHelp",1436627,@453513 I'm sorry to hear this! What was the delivery date given in your confirmation e-mail here: https://t.co/B7EoRaGatj? ^KP,Thu Nov 02 14:17:14 +0000 2017,Thu Nov 02 14:28:00 +0000 2017
183342,"@AmazonHelp Si, pero en el sitio no hay opción para cancelar la orden. Tampoco encontré una opción para explicar el problema. Solo opciones predefinidas",183341,"@128317 Alvaro, el producto, ¿es vendido y gestionado por Amazon o es vendido por un vendedor externo? ^^DA",Wed Oct 04 10:59:24 +0000 2017,Wed Oct 04 11:02:00 +0000 2017
180507,@AmazonHelp Nothing. I was waiting for a reply. I've got someone else on chat now. Pretty frustrating,180506,"@158445 Apologies, please keep us updated. ^JJ",Wed Oct 04 11:34:45 +0000 2017,Wed Oct 04 11:42:00 +0000 2017
633674,"@AmazonHelp Delivery expected 23-28 November, but not yet packed as of now. Pretty obvious will not meet timeline. Packing 5 cds has taken 8 calendar days and counting. Seems very inconsistent.",633676,"@270200 We'll ship your order in time to be delivered by the estimated delivery date, in this case by November 28th. You'll receive an e-mail with all the details as soon as your order is shipped. ^EA",Thu Nov 23 11:37:39 +0000 2017,Thu Nov 23 11:44:33 +0000 2017
1205826,@AmazonHelp No delivery date provided but as amazon prime i thought it would be quicker than this. It is silly that we pay extra for prime.,1205829,@403193 What does the latest tracking advise?: https://t.co/aaDyEz1VgE ^PK,Wed Oct 25 09:05:15 +0000 2017,Wed Oct 25 09:08:16 +0000 2017
930127,@AmazonHelp Remboursement comme à chaque fois,930129,"@340677 Sachez que c'est grâce à vos remontées qu'on pourra améliorer notre service, nous ne manquons jamais d'en faire part au transporteur afin que ça ne se reproduise plus, et je vous prie encore une fois de nous excuser pour toute gêne occasionnée.
^KE",Mon Nov 20 20:58:58 +0000 2017,Mon Nov 20 21:09:00 +0000 2017
622577,@AmazonHelp it wont fulfill my requirement @115850  this experience made me to remembered for rest,622579,@147824 We're sorry to hear about the problem with the product received. Kindly share your details through the secured link provided earlier so that we can make the things right for you. ^SM,Wed Nov 22 17:37:51 +0000 2017,Wed Nov 22 18:03:28 +0000 2017
827900,Amazon u don't have to send me a giant box to package a tiny item 😱 @115821 https://t.co/Cg88nC7hq9,827899,@317219 We're always striving to improve customers' experiences!  You can leave direct feedback here: https://t.co/0lu7S2jArO ^TG,Sun Oct 08 22:55:48 +0000 2017,Sun Oct 08 23:05:24 +0000 2017
2495468,@AmazonHelp My email is __email__ let me know if you need anything else.,2495470,"@712213 We're unable to review account or order details over Twitter, but we do want to help. Will you tell us about what happened? ^DW",Mon Oct 30 01:02:59 +0000 2017,Mon Oct 30 01:28:01 +0000 2017
379948,@AmazonHelp I have reported all 4 times @115850. But today I faced 4th such instance. Please improve your service. I am a Prime Member.,379950,@206133 Report this in the link shared above &amp; necessary actions will be taken to make things right. 2/2 ^MJ,Mon Oct 09 07:49:31 +0000 2017,Mon Oct 09 08:24:55 +0000 2017
1838926,"@AmazonHelp No good: that link just takes me to contacting the seller again (and they don't reply), not you... Which is why I've done out via Twitter!",1838927,"@197787 That link does give you the option to contact us, so we can assist. In section 3 you should have the 3 contact options ? ^TD",Wed Oct 18 06:48:46 +0000 2017,Wed Oct 18 07:03:00 +0000 2017
71834,"@115817 the Amazon package I'm waiting for is at the local delivery hub, ,supposed to be delivered today. Notified of a carrier delay, and delivery will be rescheduled. Whhaatis a carrier delay?",71833,@132119 Carrier delays can be caused by different factors. Is there any further information on the carriers own website tracking? ^MI,Thu Nov 30 10:13:01 +0000 2017,Thu Nov 30 10:18:00 +0000 2017
2663404,@AmazonHelp For more clarity look into this image from another iOS device which is iPhone 5s https://t.co/vtIrJuIHP6,2663405,@286680 I'll be sure to pass your comments as feedback to our concerned team for review. ^GS,Tue Oct 31 08:39:35 +0000 2017,Tue Oct 31 09:11:00 +0000 2017
928358,@115821 I order only 1 product on Amazon on 15th October now today is 21st October still I didn't get the order..... wtf,928357,"@340275 That's strange, Rahul. Did we miss the order estimates? ^NK",Sat Oct 21 14:53:34 +0000 2017,Sat Oct 21 15:07:58 +0000 2017
1290391,@AmazonHelp 9pm. Surely you don't want to be associated with this sort of late delivery? DPD &amp; Royal Mail were better - more expensive eh???,1290390,@421768 Thanks for the info. Please contact us here so we can investigate this with you: https://t.co/qy3J24VGxb ^GG,Thu Oct 26 20:21:48 +0000 2017,Thu Oct 26 20:25:28 +0000 2017
2139190,@AmazonHelp UK. Found customer services only after starting a return! Why not make them easy to find,2139192,@629141 Thanks for the feedback. ^KM,Thu Oct 19 09:12:59 +0000 2017,Thu Oct 19 09:27:00 +0000 2017
649649,"@AmazonHelp Amazon.ca says pkg by Nov 12.  Based on all the stories I'm reading on Social Media platforms, I'm more than concerned at their lack of delivery &amp; communication.  I fear you are not partnered with a company in keeping with your high standards &amp; that your're not dealing w/ it.",649648,@274430 I'm sorry the package is late. We would like to document this experience on your account and look into your options with you here: https://t.co/dNXwBZPiM6 ^AF,Wed Nov 22 21:14:31 +0000 2017,Wed Nov 22 21:18:00 +0000 2017
2529536,@AmazonHelp Was meant to be here today but now they are saying December 11th. Why take pre orderes if you can’t fulfil them,2529538,"@720148 Hi, sorry to hear about the delay! Have we given a reason behind it? ^TS",Mon Oct 30 09:30:01 +0000 2017,Mon Oct 30 09:41:40 +0000 2017
122065,Gracias @116875 https://t.co/H1DA3I9xJq,122064,"@143202 ¡Hola, Jesus! Con mucho gusto 😃 ¿Recibiste este producto hoy? ^LC",Thu Nov 23 23:38:30 +0000 2017,Thu Nov 23 23:44:00 +0000 2017
314746,@AmazonHelp yes he ask me to send a copy of my credit card by fax or mail....,314747,@191153 Have you been able to send this info as requested? ^NV,Sat Oct 07 11:16:19 +0000 2017,Sat Oct 07 11:27:00 +0000 2017
1211124,@AmazonHelp Im a Prime member. I placed an order on 10/20. Found today it was cancelled. Chat/Cust. Supp isnt really helpful. What do i do?,1211123,@402584 Hi Tom- Sorry about your order being canceled. What were you advised when you spoke with us directly? ^NV,Wed Oct 25 12:07:10 +0000 2017,Wed Oct 25 12:09:03 +0000 2017
715448,@AmazonHelp it was supposed to arrive today. At least I'll get it Thurs. Hope it's signed like I ordered #TurtlesAllTheWayDown @127390 🐢🐢 https://t.co/EXFw2pacB9,715446,@204991 Please keep us posted when your order arrives! We'd love to hear how it is! ^GM,Tue Oct 10 23:44:52 +0000 2017,Tue Oct 10 23:57:03 +0000 2017
1366956,@115828 i preordered AC Origins and dont have game today you say out of https://t.co/a8gOxBaxPA ITS A PRE ORDER,1366954,@438214 So sorry about the delay! Can you tell us what the tracking say here: https://t.co/Y5jpI9gRhE ^LS,Fri Oct 27 22:00:20 +0000 2017,Fri Oct 27 22:12:37 +0000 2017
1681770,@137341 Your device is way too unreliable for joy. My kindle crosses a year under warranty &amp; goes caput. You can't do anything about it. Joy! Where?,1681768,@363740 Apologies for the trouble. Kindly connect with us here:https://t.co/vlvfJr4nN9 and we'll look into it. ^PB,Mon Nov 06 15:45:49 +0000 2017,Mon Nov 06 16:24:29 +0000 2017
2200707,"If anyone has hot flashes and fevers like me due to autoimmune issues, @462233 is a god sent for warding off dehydration! 💧

Also thank you @115821 Prime Now for being there while I was on modified bed rest 🙏🏻 https://t.co/dnXJ6NgON9",2200706,@277869 We'll always be here for you when you need us! I hope you feel better soon. 🙂 ^KI,Sun Nov 26 14:16:24 +0000 2017,Sun Nov 26 14:20:31 +0000 2017
1762292,@AmazonHelp it was sold by a third party on Amazon but they even said it was real when i asked before purchasing. https://t.co/7LSjRZkkGK,1762294,@530257 I'm very sorry for the troubles with this order! Have you considered filing a claim? https://t.co/gXe7qeweDv ^FR,Tue Nov 07 20:44:21 +0000 2017,Tue Nov 07 20:53:31 +0000 2017
427383,@AmazonHelp Still nothing guys. Worst customer service I've ever encountered. Where can I send a formal complaint?,427384,@216648 Hi Stephen- An email was sent on the 11th of Oct from our team to you. Have you received this? ^NV,Thu Oct 19 10:30:46 +0000 2017,Thu Oct 19 10:46:30 +0000 2017
1380610,@AmazonHelp Hoy https://t.co/NyK0kg33Gy,1380608,"@229449 Hola Ricardo, lamentamos mucho lo sucedido, ¿ya has intentado contactar a la compañía de transportes encargada de la entrega? ^HC",Mon Nov 06 22:02:45 +0000 2017,Mon Nov 06 23:38:04 +0000 2017
2292110,"On Tues, I ordered stuff from @115821 to be delivered Sat (2day shipping delayed bc of holiday). No notification/reason why, but now my stuff may not arrive til Wed. Why am I paying extra for Prime if it's not shipping that way? #NotHappy",2292109,"@515583 I'm sorry for the wait! We don't have account or order access via Twitter, but we'd like to help! Who was the carrier for this shipment? You can find this information here: https://t.co/Y5jpI9gRhE Let us know! ^KN",Sun Nov 26 15:55:46 +0000 2017,Sun Nov 26 16:07:00 +0000 2017
1223527,"@AmazonHelp En série Stanger Things et narcos ! Startup pas mal aussi mais le top The man is high castle production amazon, la meilleur ;)",1223525,"@407057 Ah oui! vous avez raison, j'ai vu que cette série a été nominé l'année dernière. 😍 Ça me donne envie de la démarrer dès ce soir 😉 Et en films ? ^ARC",Thu Nov 16 14:48:36 +0000 2017,Thu Nov 16 15:12:08 +0000 2017
595739,@AmazonHelp It says to contact seller for details! First time I emailed they said they would send again and now they haven’t replied!,595738,"@261164 I'm sorry that you're having trouble with an order from a Third-Party seller. If it has been more than two business days since you have heard from the seller, you can file an A to Z Claim, here: https://t.co/wSkIOZlDwp  ^SP",Sun Dec 03 18:49:48 +0000 2017,Sun Dec 03 18:53:00 +0000 2017
746726,"@AmazonHelp Ok...will keep that in mind. But sir, you need to look at your courier service properly.",746725,"@298513 We'll be sure to forward your comments internally for improvements. Also, could you confirm contacting our support team? ^VN",Wed Oct 11 16:52:22 +0000 2017,Wed Oct 11 16:58:26 +0000 2017
1735562,"@115821 Your customer service is atrocious. All I'm trying 2 do is find out about my return, shldnt take 18 minutes 4 an answer",1735560,@524027 I'm sorry for the issues when contacting. You can check the status of a return in the return center: https://t.co/BavbgDIM2k ^AN,Tue Oct 17 19:33:24 +0000 2017,Tue Oct 17 19:38:01 +0000 2017
1263938,@115821 I already wrote d mail twice and called on cc. But d problem remains.Never expected this from amazon. Bad courier service at Jaipur.,1263937,@198558 I'm sorry about the situation. Kindly share your details here: https://t.co/GIJyeYqKE0 and I'll look into this. ^SG,Thu Oct 26 11:42:53 +0000 2017,Thu Oct 26 11:57:00 +0000 2017
2615150,I've used @115821 happily for years and years with no issues - until Amazon Flex started delivering. Three orders botched in last week. Get on it @115851,2615147,"@739226 Hi Steven, sorry to hear about the delivery issues you are experiencing. Without revealing any account information, can you advise what happened? ^JC",Fri Nov 17 13:34:37 +0000 2017,Fri Nov 17 13:57:00 +0000 2017
2042042,@AmazonHelp Is refund has to be issued first before the bank can process it!,2042043,@603814 Let's take a closer look at this with you. Please click here: https://t.co/hApLpM3Ejd so we can further assist. ^NM,Wed Oct 18 23:25:06 +0000 2017,Wed Oct 18 23:33:42 +0000 2017
2300553,Hey @120533 attention à vos clients qui vont se faire avoir..... https://t.co/fZYny36qFG,2300551,"@667705 Bonjour, merci de nous l'avoir signalé,  pourriez-vous  nous transmettre l'émail reçu vers: __email__ afin qu'on puisse le vérifier je vous prie ? 
^KE",Sun Nov 12 16:50:24 +0000 2017,Sun Nov 12 16:59:00 +0000 2017
419178,@AmazonHelp Yes I have reported .they replied with the message of sorry we can't help,419180,@214975 Sorry about that. I'd like to help you. Please share your details here: https://t.co/JzRdscmdH9 ^AK (1/2),Tue Oct 10 05:36:01 +0000 2017,Tue Oct 10 05:59:29 +0000 2017
1664062,"Hi @AmazonHelp I’ve got a problem with my order, could you help? Thank you.",1664060,@507173 Hi Heidi- How can we help? ^NV,Mon Nov 06 09:56:34 +0000 2017,Mon Nov 06 10:05:09 +0000 2017
483029,@AmazonHelp I have an urgent delivery due 30th Nov. Carrier was not able to deliver twice despite me leaving mobile number and delivery instructions and I'm trying to contact them so I can either pick it up or find out what the issue is,483031,"@229889 Here is the list of carriers and their contact information: https://t.co/zFh6UmTXYr  
The carrier delviering your item can be found here, https://t.co/aaDyEz1VgE
If you still have trouble contacting the carrier, pleace contact us  https://t.co/JzP7hlA23B

-RD",Fri Dec 01 14:56:30 +0000 2017,Fri Dec 01 15:18:28 +0000 2017
2063279,@115830 FYI...cardboard + rain + snow = damaged Christmas present + one unhappy customer https://t.co/VRoYtTm3R2,2063280,"@610229 Oh no! I'm so sorry to see this! We'd like to take a look into this with you. When you get a moment, please contact us via phone or chat: https://t.co/JzP7hlA23B ^SW",Thu Nov 30 20:08:07 +0000 2017,Thu Nov 30 20:12:00 +0000 2017
1317506,@AmazonHelp Thank you to your online chat team for helping me sort this out my order should be dispatched today and arrive tomorrow before 1 o'clock,1317507,"@256157 No problem, enjoy the weekend! ^BM",Fri Oct 27 09:36:56 +0000 2017,Fri Oct 27 09:50:28 +0000 2017
665167,@AmazonHelp how to unlock my amazon account?,665166,@278530 You should have received an email from our account specialist team. Please revert to that email. They'll get back. ^JS,Fri Oct 13 16:14:32 +0000 2017,Fri Oct 13 16:50:31 +0000 2017
1157261,The @116439 has to be one of the worst streaming devices on the market.  #alwaysfails #wasteofmoney,1157259,@202707 I'm sorry for the poor experience! Are you seeing an error screen? What seems to be the problem? ^WT,Sun Oct 15 18:11:39 +0000 2017,Sun Oct 15 18:18:38 +0000 2017
1268234,"@AmazonHelp Je cherche encore.

La livraison n'indiquait également que ""1 jour ouvré"". https://t.co/fpph65VvAd",1268235,"@416949 Je vous comprends, mais pour cet article spécifiquement la livraison en 1 jour ouvré n'est malheureusement pas possible. ^AR",Thu Oct 26 13:53:46 +0000 2017,Thu Oct 26 14:06:00 +0000 2017
1596991,@AmazonHelp Non car la fille ne sait pas si l article est toujours dispo. Je suis très en colère.,1596992,@490602 Pourriez-vous me communiquer un lien direct vers la page de l'article en question s'il vous plaît ?,Tue Oct 17 10:08:07 +0000 2017,Tue Oct 17 10:20:00 +0000 2017
253947,@AmazonHelp @120533 @132988 J’arrive pas à l’enlever,253946,"@176366 Bsr, je suis sincèrement désolée pour ça, je vous prie de le signaler à notre SAV via: https://t.co/hgIrz98cdI afin d'y remédier",Thu Oct 05 17:56:19 +0000 2017,Thu Oct 05 18:02:29 +0000 2017
2797190,@AmazonHelp  携帯決済での買い物時には時間指定は出来ますか？,2797189,"@780484 携帯決済でお支払いいただく場合でも、お届け日時指定便をご利用いただくことが可能です。よろしければ、以下のヘルプページをご参照ください。
「携帯決済を利用できない場合」 https://t.co/B88dpEWJdH YM",Tue Nov 21 14:15:53 +0000 2017,Tue Nov 21 22:45:30 +0000 2017
995494,@AmazonHelp hope this time it helps ..my order was not delivered and intimation was also not received i came to know it 2 mths later..terrible experienc,995496,"@355808 If the details were shared, we'll work on it, will communicate with you very soon. Appreciate your understanding. ^MP",Sun Oct 22 16:30:40 +0000 2017,Sun Oct 22 16:51:31 +0000 2017
1121266,"Really bummed my @115821 prime shipment didn't show up as scheduled today, even though it said ""out for delivery"".  New eta Thursday??",1121264,@384507 Sorry to hear your order was delayed. Was any reason provided for the change? Who is the carrier? ^NV,Tue Oct 24 06:38:07 +0000 2017,Tue Oct 24 06:40:53 +0000 2017
243208,@115850 What's your problem ? https://t.co/iWyKCgdppU,243207,@173751 Please don’t provide order details as we consider them to be personal info. Our Twitter page is visible to public. (2/2)^BS,Thu Oct 05 14:21:33 +0000 2017,Thu Oct 05 14:32:31 +0000 2017
319758,"@AmazonHelp 注文した後全くアプリを触ってなかったので取り消した可能性は低いと思うんですよね
メール等は一切届いてないのでどうしたらいいですかね",319760,@192225 (1/2)恐れ入りますが、メッセージセンターにもキャンセルに関するメールは届いていませんでしょうか？　メッセージセンターは以下リンクからもアクセスしていただけます⇒　https://t.co/qxvc47GM40　SM,Sat Oct 07 11:42:34 +0000 2017,Sat Oct 07 11:52:51 +0000 2017
1403479,"@116928 @AmazonHelp hoy estreno vuestro servicio de envío Amazon Logistics y es una bazofia, ni hora aprox de entrega, ni teléfono de contacto, ni nada. Y las 18.30 y entrega pendiente en la misma BCN capital. #aixiNO",1403477,"@446300 Lamento el inconveniente, ¿has contactado con Servicio al Cliente para reportar lo sucedido? ^KS",Mon Oct 16 16:35:25 +0000 2017,Mon Oct 16 16:45:32 +0000 2017
980701,"Amazon, dopo un mio tweet, ha deciso di farmi un regalo. 🎁 grazie mille, mi avete fatto sorridere! @AmazonHelp https://t.co/zysCgwgEqj",980700,@314340 E noi abbiamo sorriso con te! ☺️Buon Weekend! ^ZC https://t.co/QsKJBjRP7y,Sat Oct 14 07:51:43 +0000 2017,Sat Oct 14 08:53:35 +0000 2017
1738928,@AmazonHelp 9406986788,1738931,"@443512 Don't provide your order number, we consider it to be personal info. Our Twitter page is visible to the public. ^MP 2/2",Tue Nov 07 17:20:33 +0000 2017,Tue Nov 07 17:34:00 +0000 2017
398709,@AmazonHelp So again one lousy dm and don't even answer my reply CONTEMPT for your customers,398711,@187547 We're unable to access your account via Twitter. Please reach us for real-time assistance here: https://t.co/JzP7hlA23B ^DW,Mon Oct 09 19:01:38 +0000 2017,Mon Oct 09 19:06:30 +0000 2017
1283903,@AmazonHelp Last friday the 20th! Idk if its too soon yet but im just wondering thanks(:,1283905,@420330 Refunds may take 3-5 business days to finish processing. You should see the refund on your next billing statement! ^JS,Thu Oct 26 18:10:54 +0000 2017,Thu Oct 26 18:40:39 +0000 2017
2292192,"@AmazonHelp Nein. Ganz im Gegenteil! Sie ist die Fussballverrückte hier im Haushalt 

Bei MIR müsst ihr euch entschuldigen. 

Aber was bin ich auch so doof und zeig es ihr 🤔",2292194,"@665678 Tut uns leid 😅 Manchmal muss man für seine liebsten auch mal über seinen Schatten springen - ich spreche da aus Erfahrung (diverse Musiktitel die Alexa am Wochenende bei uns abspielt, mir aber überhaupt nicht zusagen 🤣) ^MI",Sun Nov 26 16:16:00 +0000 2017,Sun Nov 26 16:25:00 +0000 2017
2478812,@115850 pickup for damaged product not yet arranged even after 10 days for replacement.No satisfactory response from customer care.,2478811,@708432 We would like to help you. Please share your details with us here: https://t.co/GIJyeYqKE0. We'll get in touch shortly. ^CB,Wed Nov 15 15:07:10 +0000 2017,Wed Nov 15 15:13:01 +0000 2017
1589979,"おはよー。サンデー。
Amazonのこれ、素敵過ぎ！何故今まで買わなかったのか後悔…。
昨日のホークスお見事でした！住んでいるところが優勝って中日以来か。 https://t.co/evpGWLHfmJ",1589978,"@488885 |・`ω・)ﾁﾗｯ
Fire TV Stickをご注文いただき、ありがとうございます！
ご満足いただけているようで、嬉しく思います(＾◇＾)
映画や音楽、アプリもご利用いただけますので、引き続きどうぞお楽しみください♪ TY",Sat Nov 04 23:02:26 +0000 2017,Sat Nov 04 23:57:50 +0000 2017
570102,"This was just awkward, @115821 https://t.co/zEub25CsGV",570100,"@253816 Hi Elaine. We'd like to get your packaging feedback on this order to the appropriate people. Please visit us here, if you have a moment: https://t.co/j8564tLLjk ^AM",Sun Dec 03 03:14:43 +0000 2017,Sun Dec 03 03:27:00 +0000 2017
1717559,@AmazonHelp Left at  message at the link provided,1717561,@520084 Thanks for keeping us updated! Please let us know if you need anything else.  ^AG,Sun Oct 29 01:34:52 +0000 2017,Sun Oct 29 01:41:00 +0000 2017
1202767,@AmazonHelp Nella cassetta non c'è. E per prendere un pacco non serve la firma del destinatario?!? Altrimenti chiunque così può prendere qualsiasi cosa!,1202769,"@402580 Non posso verificare l'ordine da Twitter, ti suggerisco di contattare il Servizio Clienti da qui: https://t.co/emR6MY7WTW. ^MP",Wed Oct 25 13:44:16 +0000 2017,Wed Oct 25 13:54:15 +0000 2017
2529707,@115850 delivery boys in #Hyderabad cancelling and returning goods as per their whims and fancies,2529708,@216892 I've noted your comments and have forwarded your feedback internally so that they are aware of this issue. 1/2 ^AH,Mon Oct 30 09:26:57 +0000 2017,Mon Oct 30 09:43:03 +0000 2017
1568915,"@149087@ @132994 very disappointed by your seller @115850 CC executive does not know the minimum disency to talk to customer, brand new defective phone taking ages to replace and no hand to hand replacement despite confirmation about the defect by Amazon, #notaflagship",1568914,@484020 We're sorry for the unpleasant experience. Please share your details here: https://t.co/GIJyeYqKE0 and we'll help you. ^ZH,Tue Oct 17 05:43:20 +0000 2017,Tue Oct 17 05:46:00 +0000 2017
1357632,@AmazonHelp how do you make sure your drivers deliver to a new build property? 2nd time and I don't have my items AGAIN. Others find it.,1357630,@435662 I'm sorry your items haven't arrived. Please contact us directly to explore options here: https://t.co/JzP7hlA23B ^JF,Mon Oct 16 14:15:38 +0000 2017,Mon Oct 16 14:43:00 +0000 2017
1895319,"@AmazonHelp カスタマーサービスには既に問い合わせております。
配送業者の方が住所が分からないらしく、
そもそも住所変更した覚えはありませんが、
念のため確認したところやはり問題ありません。
Googleマップで検索してもかなり高精度で位置表示されるため、なぜ特定出来ないのか分かりません。",1895321,@564936 お手数をおかけしまして申し訳ございません。誠に恐れ入りますが、Twitter上ではお客様のご注文を確認できないため、万が一、カスタマーサービスのご案内にご不明な点がございましたら、あらためてお問い合わせくださいますようお願いいたします。　SM,Tue Oct 31 12:22:00 +0000 2017,Tue Oct 31 12:36:00 +0000 2017
651519,@AmazonHelp Before I go through all that I just want to know if I can list my items. What's so hard about getting that?,651518,@274948 Here is the list of available selling categories and the approval requirements for each category: https://t.co/16jVaFwHvi ^TK,Tue Oct 31 12:29:42 +0000 2017,Tue Oct 31 12:37:35 +0000 2017
1095944,@378624 @115850 Contact number : 9857153233 https://t.co/8WB38rQ9yo,1095945,@378623 Please elaborate your concern here so that we could assist you accordingly. ^GS,Sun Oct 15 04:46:55 +0000 2017,Sun Oct 15 05:17:00 +0000 2017
2518068,"@AmazonHelp hello! I have an order that I think was supposed to ship out today, but it’s just kind of hovering above the icon on the tracker",2518067,@717280 We strive to make sure orders are shipped in time to be delivered by the date shown at checkout. What is the expected delivery date shown in your orders: https://t.co/Y5jpI9gRhE? ^JP,Thu Nov 16 00:19:17 +0000 2017,Thu Nov 16 00:22:30 +0000 2017
980001,"@AmazonHelp わかりました。
丁寧な説明ありがとうございます。",980000,@352385 恐れ入ります。どうぞよろしくお願いいたします m(_ _)m HM,Fri Nov 03 05:07:23 +0000 2017,Fri Nov 03 05:12:24 +0000 2017
2399810,Quando fai un ordine su Amazon e ti parte l'ansia di ricevere il pacco. ❤️ #Amazon #ansia #love,2399809,@690536 Intendi così?😂😂❤️ ^VE https://t.co/AfqIvCYtzX,Fri Oct 20 11:18:54 +0000 2017,Fri Oct 20 11:47:07 +0000 2017
1247282,Baby Roo loves his @115821 boxes. https://t.co/IJSkAvQldZ,1247281,@412639 What a purrrfect fit! 😍 ^HC,Thu Oct 26 01:15:56 +0000 2017,Thu Oct 26 01:24:58 +0000 2017
2803312,Hey @115821 we love the convenience of shopping your site &amp; do it regularly but this is ridiculous. Why not slap the label on the pouch &amp; send it on it’s way. Heck add your amazon prime sticker too if that’s important. https://t.co/i6hqF3BJLG,2803311,@781964 Hey Megan! Thank you for bring this to our attention! We're always looking to improve. You can help us by sending your packing feedback: https://t.co/OQvl3hYqe9. We apprciate it. ^LS,Wed Nov 22 01:42:42 +0000 2017,Wed Nov 22 01:48:56 +0000 2017
180383,@AmazonHelp So why does it say FREE DELIVERY? I'm logged into the app and it appears on all products sold through your Global Store. Very misleading,180385,@158427 Thanks for highlighting Lee. We will look into this further. ^TP,Wed Oct 04 11:53:16 +0000 2017,Wed Oct 04 12:16:37 +0000 2017
2613267,I love @115821 !!! Finished my Adopt-A-Family shopping in one hour to give back during the holidays!,2613266,@586169 ❤️  Happy to hear we helped in spreading the holiday cheer 🎄🎁,Fri Nov 17 12:36:50 +0000 2017,Fri Nov 17 12:59:10 +0000 2017
1427861,"@115850 Diwali, I have opted for prime membership hoping that delivery of goods will be faster. To my surprise, it is  getting delayed and",1427860,@451678 here: https://t.co/vlvfJr4nN9 for further assistance. 2/2 ^KH,Mon Nov 06 15:02:52 +0000 2017,Mon Nov 06 15:42:00 +0000 2017
2795345,"@AmazonHelp Hi, I would like you to respond to a message that is circulating on Whastapp networks where you pay $ 500 is true or false",2795344,@780041 Hi Ivan! Can you provide us with a screenshot or link to this? ^WT,Tue Nov 21 21:58:40 +0000 2017,Tue Nov 21 22:01:30 +0000 2017
723273,アマゾン詳しい人誰かいない？？😫,723272,"@293193 |ω・)
何か、Amazonのご利用でご不明な点がございましたか？TY",Wed Oct 11 02:54:07 +0000 2017,Wed Oct 11 03:05:31 +0000 2017
2928461,"The @115821 @117634 unlimited program seems to not provide access to a lot of the books I would want to read. Effectively, a deal breaker. @115850 @137341",2928460,@810153 Sorry to know about the access restriction on the unlimited program. Please reach out to our support team from here https://t.co/TxK11znixD and they would do the needful to help. ^KK,Wed Nov 29 04:58:42 +0000 2017,Wed Nov 29 05:13:30 +0000 2017
1227991,"@AmazonHelp I posted that when it was “updated” to tomorrow. Unsure how it makes from origin to KY, then whoops! Never saw it in OH?",1227988,@237117 Have you contacted the seller regarding the late delivery? You can review seller communication here: https://t.co/WIwLCQ0Hkd ^VB,Wed Oct 25 18:12:47 +0000 2017,Wed Oct 25 18:26:49 +0000 2017
40432,"So, the @117634 cloud reader doesn't support the book I've just bought and they do not offer an app for linux. I'm installing wine...",40431,@124861 You can contact our Kindle Support for assistance by clicking here: https://t.co/alb5LR1Z44. See you soon! ^VE,Wed Nov 01 14:50:38 +0000 2017,Wed Nov 01 15:14:27 +0000 2017
131701,@AmazonHelp trying to order the Switch on amazon UK and it says in stock but won’t let me add to basket!?,131699,"@145700 Can you let me know if you are getting an error message when you try? Or is the ""Add to Basket"" button not showing for you at all? ^KI",Fri Nov 24 07:22:23 +0000 2017,Fri Nov 24 07:34:26 +0000 2017
2113054,@115821 Kindly check the details based on my order number and provide the solution immediately it’s already long delayed,2142011,"@623097 I'm sorry Anil, I'll not be able to access your account details from here. Please share your details in the above link. ^HN",Thu Oct 19 06:53:21 +0000 2017,Thu Oct 19 09:41:52 +0000 2017
384860,"@115850 I'm having problems with my order, could you sort it out",384861,"@207115 here : https://t.co/rS49hgaADF, so that we can assist you further and resolve the issue at the earliest possible. (2/2) ^AM",Mon Oct 09 10:42:05 +0000 2017,Mon Oct 09 11:29:31 +0000 2017
2265535,@AmazonHelp I don't know how to fill that form i give uh my order I'd help me its urgent,2265534,"@219977 As this is a social media platform, we can't view your account/order details. 
Please click on the link &gt; sign in to your account, and share your details from the link provided earlier to assist further.^AR",Sat Nov 11 04:54:58 +0000 2017,Sat Nov 11 05:02:28 +0000 2017
823567,@116618 Can you not play Amazon Live Video on a screen cast or screen mirror?,823565,@314451 Great question! You can mirror your display with most devices that support Miracast. For more info: https://t.co/Ld1iXDd9Xr ^TK,Thu Oct 12 23:49:45 +0000 2017,Thu Oct 12 23:55:35 +0000 2017
2300791,@AmazonHelp And now your CS dept want my wife to repack this shower of shite and take time out of her day to return it for a refund?! What are you going to do. glue it together and resell it?!,2300790,"@635894 I'm so sorry for the challenge! We shouldn't accept broken glass to be returned for a refund. Please give us another chance to help, call or chat with us here: https://t.co/JzP7hlA23B ^MH",Sun Nov 12 17:10:26 +0000 2017,Sun Nov 12 17:24:56 +0000 2017
2122334,For the first time didn't get a response from you @115850 ! https://t.co/VP4V7xlH8U,2122332,@625263 May I know which contest you're referring to? ^EM,Thu Oct 19 04:24:40 +0000 2017,Thu Oct 19 06:39:30 +0000 2017
1375720,"@AmazonHelp @119038 Hi, I have a Spanish Amazon Prime account. After linking it with my Twitch one, will I get charged anything? Cheers.",1375718,@440240 The answers you seek can be found here:  https://t.co/IKWjX0QHDK  ^CH,Sat Oct 28 01:37:33 +0000 2017,Sat Oct 28 01:51:00 +0000 2017
1786161,"@116875 Hola. Quiero comprar unas memorias solo que me marca: ""Pueden aplicarse tarifas de importacion""  puesto que dice que el vendedor es de amazon USA . Osea que me va a salir mas caro o ahi como puedo saber cuanto dinero me va a aumentar antes de finalizar la compra",2837092,"@789637 ¡Hola Luis! Cuando realizas una compra de un producto importado se pagará un depósito del monto estimado de los derechos de importación, tasas e impuestos en el momento que se hace el pedido. Puedes verificar más información aquí: https://t.co/Ksz5MmBMVp. ^MZ",Mon Nov 27 14:56:13 +0000 2017,Mon Nov 27 15:17:05 +0000 2017
12505,@AmazonHelp How do I disable notifications indicated by the bell icon in upper left corner of iOS Kindle app?,12503,"@118501 We'd like to help in real-time! When you have a free moment, please reach out to us here: https://t.co/hApLpMlfHN ^HM",Wed Nov 01 01:19:49 +0000 2017,Wed Nov 01 01:39:48 +0000 2017
2739340,"@AmazonHelp So 2/3 items came 10m ago checked the third and says been delivered so clicked on it and it said it came 10m with the other 2 items but it hasn't, any idea why? (The item that hasn't turned up is the one in first image) https://t.co/agvoWbVgaj",2739338,@228133 Hello Dylan! Thanks for reaching out today. I'm sorry that the item is missing from your delivery. Please try these steps in hopes of finding: https://t.co/Aca8rCaj1O ^TM,Mon Nov 20 17:14:22 +0000 2017,Mon Nov 20 17:23:26 +0000 2017
248700,"Fuck you @115850 , when I was looted by your seller by sending a defected laptop and refusing to send me a new product by saying 1/n",248698,@175082 Sorry for the trouble. Please contact us here: https://t.co/vlvfJr4nN9 and we'll help you with this. ^SQ,Thu Oct 05 16:01:55 +0000 2017,Thu Oct 05 16:31:30 +0000 2017
393072,@AmazonHelp I don't know,393071,@189689 The seller is listed under each item ordered on the Order page. It will show right under the title. ^KN,Mon Oct 09 17:03:22 +0000 2017,Mon Oct 09 17:10:28 +0000 2017
416955,@AmazonHelp He obviously hasn’t returned my messages,416957,"@214481 (2/2) Once met, we can then file the claim. Here are the instructions on how to do so: https://t.co/Ow1ADwAFjZ ^DW",Tue Oct 10 03:05:01 +0000 2017,Tue Oct 10 03:22:28 +0000 2017
485348,"After years of buying, first time I ship with Amazon Logistic and it's just a quick way to throw away my money, 800 $ lost in merchandise and you just can not be held responsible. What good policies, guys, great work. @115821 @116928, that was a Black Friday in deep",485347,"@230469 Hi, can you tell us a bit more about the issue without sharing any personal or account information? ^JJ",Fri Dec 01 15:02:22 +0000 2017,Fri Dec 01 15:06:38 +0000 2017
1680969,@AmazonHelp Your phone support is horrendous. Total garbage,1680968,"@511109 Hi, sorry to hear that you had a bad experience. Can you tell us more without sharing any personal or acc info? ^JJ",Mon Nov 06 16:01:35 +0000 2017,Mon Nov 06 16:04:30 +0000 2017
18933,@AmazonHelp When will be the earliest?? 1 more month?,18935,"@120227 I get your disappointment. As informed earlier, we've escalated the issue and will get back to you with an update soon. ^MO",Tue Nov 07 14:24:27 +0000 2017,Tue Nov 07 14:46:26 +0000 2017
280181,"@AmazonHelp @115850 @115851 you are not helping me out , i want a written apology with my name from your help support head",280179,"@158370 As intimated earlier, kindly revert to the email from our support team and they will assist further. ^AB",Fri Oct 06 08:07:46 +0000 2017,Fri Oct 06 10:05:31 +0000 2017
2733992,"After so many delayed @115850 Prime orders, I'm just tired. It's been months since since I might have recieved an order on the date commited. In Mumbai! Is @118702 any better at honouring delivery commitments?",2733990,@766294 Sorry to know about the trouble with your recent orders. I'd like to take a closer look at this. Please fill in your details using the link: https://t.co/JzRdscmdH9 and I'll get in touch with you soon. ^AK,Mon Nov 20 16:27:45 +0000 2017,Mon Nov 20 16:42:26 +0000 2017
11594,Bit of a piss take really now @115830 - was promised it by 9pm today. https://t.co/QKJ9a5DIki,11592,@118232 Oh no! Let's talk about this in real time. Please call or chat with us here: https://t.co/wMcUf6lHpn ^BA,Wed Nov 01 00:54:02 +0000 2017,Wed Nov 01 01:08:38 +0000 2017
1665292,@AmazonHelp Arriving early: Rewy Mini Rugby Wireless Portable Bluetooth Speaker With USB &amp; TF Card Sloü will be delivered by AmzAgent(8919426646).,1665295,@507420 Sorry for the hassle with delivery. We certainly didn't expect this to happen. Please report this to our support team here:1/2 ^RI,Tue Nov 07 12:14:45 +0000 2017,Tue Nov 07 12:30:35 +0000 2017
555310,@AmazonHelp There were many in which I participated. Where can I find the winners list on the app? No specific tab?,555309,@249651 You can find the winners list of all contests here: https://t.co/nQ1CCPJYu0 ^NR,Sat Dec 02 20:47:09 +0000 2017,Sat Dec 02 20:49:30 +0000 2017
1121640,@115830 Missed package delivery by 2mins and really needed it today! PLEASE can ask driver to redeliver today trackingID Q63029286413 🙏🏾🙏🏾,1121639,"@384567 Oh no! We can't access your account via Twitter, but an agent here https://t.co/JzP7hlA23B can. They can discuss options. ^LB",Sun Oct 15 13:22:40 +0000 2017,Sun Oct 15 13:24:24 +0000 2017
909477,"@AmazonHelp So when you said you'll look into it, did you think about a timeframe",909478,@336030 You should have received an email communication for the same. Please check here: https://t.co/Mlk0vyqfNO ^RW,Sun Oct 22 06:09:29 +0000 2017,Sun Oct 22 06:16:28 +0000 2017
2530701,"@AmazonHelp Gracias, voy a ello.",2530700,@453787 Puedes mantenernos al tanto de la situación. ^VL,Mon Oct 30 10:40:04 +0000 2017,Mon Oct 30 10:41:38 +0000 2017
2840210,@AmazonHelp Et voilà qui est fait ;),2840211,@790376 Reçu 5/5 . Pensez à checker vos e-mails. ^BR https://t.co/Q5t0JB943R,Mon Nov 27 20:26:02 +0000 2017,Mon Nov 27 20:29:15 +0000 2017
533321,@115850 dear team in my whole purchasing from u this is my first complaint against your product and im extremely feeling robbed this time.. kindly help me https://t.co/gZ3ic40d1u,533320,"@243550 That's quite a comment. Please allow our support team to assist you with this by reaching out to them here: https://t.co/rS49hgsbvd. Also, please don't provide your order details, we consider it to be personal information. Our page is visible to the public. ^BV",Sat Dec 02 11:08:04 +0000 2017,Sat Dec 02 11:30:00 +0000 2017
2069761,@AmazonHelp No someone went into my account. How could they do that without knowing my email and password?,2069763,@612090 I'm sorry for the issue with your account. We'd like to look into this with you: https://t.co/vgp1RcZePj ^JA,Thu Oct 19 01:57:41 +0000 2017,Thu Oct 19 02:01:29 +0000 2017
2361862,@AmazonHelp Dal 15 al 17 ma non è ancora stato spedito. Mi è stato consigliato di rifare l’ordine in modo che così mi verrà spedito subito 😑,2361864,"@681985 Da qui non posso fare verifiche ma, se la consegna è prevista tra il 15 e il 17, ti spediremo l'articolo perché venga consegnato entro la data indicata. Il nostro Servizio Clienti resta comunque a tua disposizione per chiarimenti: https://t.co/Ehg0lpvGBP. ^EA",Mon Nov 13 21:40:01 +0000 2017,Mon Nov 13 21:46:00 +0000 2017
562974,@AmazonHelp @115821 https://t.co/dAR8QQ8yaY,562973,"@251783 We'd like to have a member of our team investigate this for you. When you have a moment, please provide us with more details here: https://t.co/yHIcFRIxji ^AC",Sat Dec 02 23:11:41 +0000 2017,Sat Dec 02 23:26:34 +0000 2017
1052382,"@115850 with my folded hands in request to you guys, can you explain what is going on? It has been a while since I requested this refund 😞 https://t.co/1I6qGzVvRN",1052381,"@176522 I understand your concern, please contact us here: https://t.co/rS49hgaADF so that we can assist you accordingly. ^SY",Mon Oct 23 08:25:34 +0000 2017,Mon Oct 23 08:52:00 +0000 2017
899496,@AmazonHelp Warum gibt es auf dem iPad seit dem neuesten Update der App nur noch die vertikale Darstellung?,899494,@333555 Mit jedem Update können sch auch Funktionen ändern. Liebe Grüße ^MF,Sat Oct 21 00:35:13 +0000 2017,Sat Oct 21 04:21:54 +0000 2017
1702178,@AmazonHelp Which we cannot afford to do,1702183,@222540 You can print pre-paid return mailing labels for the items in the Online Return Center here: https://t.co/EDScpVkMnM ^FJ,Mon Nov 06 21:39:05 +0000 2017,Mon Nov 06 21:59:54 +0000 2017
1655689,"@AmazonHelp It is staying that,I should have done minimum payment or should be a prime member to write a review.",1655690,@505269 we'll reach out to you soon. 2/2 ^AP,Mon Nov 06 04:57:20 +0000 2017,Mon Nov 06 05:10:00 +0000 2017
1217439,What the hell is wrong with amazon when i m telling them that my bank denies filing charge dispute with the reference number @AmazonHelp,1217436,@119794 a charge dispute with the refund reference number. Appreciate your understanding. ^SG(2/2),Wed Oct 25 14:02:06 +0000 2017,Wed Oct 25 14:27:00 +0000 2017
1315490,Seriously how did the order get cancelled when it didn't even leave out for delivery. Unethical behavior @115850 https://t.co/Sy9PYTwvnc,1315492,"@427320 Sincere apologies for this. However, when an order is canceled, it is followed by an automated email with the 1/3 ^RS",Fri Oct 27 07:31:14 +0000 2017,Fri Oct 27 07:45:00 +0000 2017
179118,@AmazonHelp Ha ha. Thanks. All I know is that I love reading :),179117,@158234 That's great! I'd really like to know what's next for the shelf. Keep us posted when you find a new one to dive into. ^AB,Wed Oct 04 07:10:59 +0000 2017,Wed Oct 04 07:34:26 +0000 2017
1611160,@AmazonHelp @115850  my replacement  still not despatched by u.  What i do very poor experience  with Amazon.  Shall  i enjoy  empty box of Nokia 6 https://t.co/KOQ6Ol8xDA,1611161,@323284 provided here: https://t.co/0rioV4Ph8z? (2/2) ^MO,Wed Nov 08 13:10:17 +0000 2017,Wed Nov 08 13:21:42 +0000 2017
1263405,@AmazonHelp  https://t.co/WcaY8ZNdtz,1263407,@415888 I'm sorry for the miscommunication in regard to the order issue. Kindly share your details 1/2 ^AP,Fri Oct 27 07:57:03 +0000 2017,Fri Oct 27 08:20:00 +0000 2017
1106454,@AmazonHelp どうもご丁寧にありがとうございます。,1106453,@381136 とんでもないことです。ご不明な点などございましたら、ご遠慮なくお知らせください。ET,Sun Oct 15 09:09:45 +0000 2017,Sun Oct 15 09:13:00 +0000 2017
2274207,"システム内部にエラーがありました。問題はすでに記録済みで、今後調査を進める予定です。ご迷惑をおかけして申し訳ございません。 

Amazonさん。。。なんとかして。。",2274205,"@661501 ご迷惑をおかけしております。現在も問題が解決されておりませんでしょうか？
継続している場合は、確認のため、お客様のご利用環境、スクリーンショットなどお送りいただければと存じます。お手数おかけしますが、よろしくお願いします。TY",Fri Nov 10 15:27:14 +0000 2017,Sat Nov 11 00:28:00 +0000 2017
986856,@AmazonHelp I made purchases using that card last week. Also tried 3 others. Same. Your customer services said can’t change details as it was a preorder,986857,@353862 Have you changed the billing address on your account recently? Try removing and readd a card w/ the new billing address. ^MJ,Sun Oct 22 11:50:23 +0000 2017,Sun Oct 22 12:02:00 +0000 2017
381706,@AmazonHelp @115850 i want my refund back against order number #408-0910267-8989113,381707,"@206514 Please don't provide your order details, we consider it to be personal information. Our page is visible to the public.(2/2) ^SY",Mon Oct 09 10:14:07 +0000 2017,Mon Oct 09 10:38:24 +0000 2017
2477378,@AmazonHelp Esto debía ser una taza. https://t.co/6FsE8dkF3p,2477380,"@708120 Comprendo, ¿el pedido era gestionado directamente por Amazon o por un vendedor independiente dentro del sitio web? ^KS",Wed Nov 15 14:42:58 +0000 2017,Wed Nov 15 14:48:30 +0000 2017
1674825,"@119625 plz add Hindi audio feed for ""Man In The High Castle"". Such a good show. Hindi feed will increase viewership.",1674824,"@509585 That is a good idea, Pankaj. We will have this feedback forwarded to the concerned team internally. ^KS",Mon Nov 06 13:50:05 +0000 2017,Mon Nov 06 14:09:08 +0000 2017
584622,I’m like take your shit back and give me back my money or replace the damn things and they refused to!! So wtf am I prime member for @115821,584621,"@257949 Without giving out any personal information, would you be able to elaborate a bit on this so we can help?^SM",Sun Dec 03 14:19:36 +0000 2017,Sun Dec 03 14:23:00 +0000 2017
2477478,yay it's finally here!! thanks @AmazonHelp https://t.co/jajCib3aI2,2477476,"@656727 Hi Ashley, glad to hear your order has arrived. Thanks for letting us know :) ^BZ",Wed Nov 15 14:12:54 +0000 2017,Wed Nov 15 14:28:32 +0000 2017
179233,"@128308 @12379 #Amazonfarji I have not received my product till now, #Amzagents not responding properly. @120320",274623,@181610 Sorry to know you are yet to receive your product. Please report this to our support here: https://t.co/R3EfhzgU8B. ^PS,Fri Oct 06 05:10:40 +0000 2017,Fri Oct 06 06:08:00 +0000 2017
2538974,@AmazonHelp @115851 pls read and act on the tweeter responses. Everything is highligted and i have already written the issues here. I am fed up and exhausted. @115821,2538975,@722085 Apologies for the ordeal. Please confirm if you've replied to our email so we can work on it and get back to you at the earliest. ^PS,Fri Nov 17 04:54:32 +0000 2017,Fri Nov 17 05:01:01 +0000 2017
2464867,@AmazonHelp hi ordered a pair of overalls earlier in the week and they’re supposed to be here tomorrow and they still haven’t shipped. help https://t.co/oZ4bgznJ7w,2464865,@705403 It's isn’t uncommon for items to be shipped out and delivered in the same day! Do keep in mind we can deliver up until 21:00. ^SA,Sun Oct 29 19:14:16 +0000 2017,Sun Oct 29 19:16:32 +0000 2017
1101926,@AmazonHelp I missed the return window,1101927,@380009 Was there a problem with your order? ^TP,Tue Oct 24 08:48:40 +0000 2017,Tue Oct 24 08:53:24 +0000 2017
609457,@115821 @AmazonHelp Can someone popular RT this or something?,609455,@264877 We're unable to offer remorse returns on all electronic products including mobiles phones. We've a replacement only policy for defective products. Appreciate your understanding. ^SU,Wed Nov 22 12:31:34 +0000 2017,Wed Nov 22 12:42:00 +0000 2017
380701,@115830 I received a amazon.fr gift card but need the balance on my https://t.co/BDVJqZF8Wf account. How can I do this?,380700,@206302 Amazon.fr gift cards can only be used on Amazon.fr and are not transferable. ^PK,Mon Oct 09 09:02:32 +0000 2017,Mon Oct 09 09:05:00 +0000 2017
1490275,"@AmazonHelp The delivery was estimated for yesterday (sat 25). Now it says ""Now expected November 26 - November 28""",1490276,"@466106 I understand there are two separate orders/deliveries. Please let us know the carriers and the new delivery dates for each, so that we can look into this for you. The information can be found here: https://t.co/bMpUk8NuYN",Sun Nov 26 18:46:57 +0000 2017,Sun Nov 26 18:58:00 +0000 2017
663766,@115821 When will you guys have #BlackFridayDeals on shoes?,663765,"@270739 We're happy to assist! Which one of our websites/marketplaces do you use to shop with us? If you're using our UK website, you can find our posted deals here: https://t.co/lqXZHON3ni, and then narrow down your results by selecting a department. ^JR",Thu Nov 23 02:12:35 +0000 2017,Thu Nov 23 02:23:54 +0000 2017
1002567,"@357316 @115850 Amazon Transportation Services, their own!",1002565,@357315 We want to know what went wrong. Please connect to our support team here: https://t.co/vlvfJr4nN9 &amp; we'll help you. ^BS,Sat Oct 14 12:16:07 +0000 2017,Sat Oct 14 12:54:37 +0000 2017
1737131,@AmazonHelp @115851 @115821  Must improve the service quality. Not happy with the poor resolution model they have. #StopUsingAmazon,1737132,@519715 Thank you for your feedback. We'll be sure to share your feedback to our concerned team internally. ^AM,Wed Nov 08 11:23:46 +0000 2017,Wed Nov 08 11:47:24 +0000 2017
1780152,Hey @117795 why do I pay for membership that includes free 2-day shipping when things take 3 Days? https://t.co/cJSTPl6z7Z,1780153,@534834 (1/2) I'm sorry for the trouble. Two-Day Shipping refers to the transit time in business days once an order has shipped out.,Tue Oct 17 22:50:40 +0000 2017,Tue Oct 17 23:02:28 +0000 2017
1206893,Really sad that my #creakers book is unreadable on my kindle as the font is so small and no way to zoom in. What can I do @AmazonHelp,1206890,"@403407 Hi, what device are you using? Have you tried enlarging the font size? You can also return within 14 days. ^JJ",Wed Oct 25 09:19:02 +0000 2017,Wed Oct 25 09:23:51 +0000 2017
1338558,"@AmazonHelp You keep failing to deliver things I urgently need for no reason! Won't be continuing with Prime, as I can't get things next day",1338556,@432225 Oh no! I'm so sorry to hear this! Have you had a chance to reach out to us via phone/chat here: https://t.co/JzP7hlA23B? ^KP,Mon Oct 16 13:07:20 +0000 2017,Mon Oct 16 13:23:00 +0000 2017
967258,@116316 könnt ihr mir da vielleicht helfen? https://t.co/92mIGzRRpL,967256,"@349578 Hi, läuft denn bei dir wieder alles? Gruß ^AK",Sat Oct 14 01:27:16 +0000 2017,Sat Oct 14 04:46:29 +0000 2017
60269,@AmazonHelp Day 3....STILL NO DELIVERY! Anyone else think this is pathetic? #Retailfail #EpicFail #PoorExperience #AmazonFail @115830,60267,"@129777 I'm sorry we let you down. Have you called us to report the delivery issue? If so, what options did we provide? ^CO",Wed Nov 01 20:54:18 +0000 2017,Wed Nov 01 21:03:35 +0000 2017
2682231,"@AmazonHelp Its just that in spite of ordering it within the first week of invitations being open, I have to wait for so long...",2682233,"@754531 I do understand your concern, however please wait till the estimated delivery date as mentioned. (1/2)^MN",Tue Oct 31 17:10:18 +0000 2017,Tue Oct 31 17:25:36 +0000 2017
948858,@AmazonHelp explain how I order on prime yesterday and it's not due to arrive til Monday? What happened to 2-day shipping? 😡😡😡,948857,@140519 information about our shipping rates here: https://t.co/VbVjcwIU6D We hope this helps! ^HC,Sat Oct 14 00:54:54 +0000 2017,Sat Oct 14 01:06:00 +0000 2017
2671826,"@AmazonHelp C'est déjà fait. Je met uniquement en lumière vos pratiques douteuses et à la limite du légal. Bonne journée,",2671828,@752322 Votre remboursement devrait être finalisé dans les 5 à 7 jours ouvrés et apparaître sur votre prochain relevé bancaire ^ME,Tue Oct 31 11:14:49 +0000 2017,Tue Oct 31 11:26:27 +0000 2017
977753,@AmazonHelp I never said to match price with others. I am talking about price protection. Anyways the response suggests Amazon is no different,977755,"@229484 sellers. Further, I'll pass along your comments to our team internally. (2/2) ^GK",Sat Oct 14 08:14:54 +0000 2017,Sat Oct 14 08:51:26 +0000 2017
603210,Getting fed up with @115830 and Amazon Logistics claiming they tried to deliver a package but the doorbell didn’t ring the knocker didn’t knock and when you check the letterbox there is no card.   #cancelledordednow,603209,"@263291 I'm sorry you haven't received your package yet! Have you reported this to us directly: https://t.co/oGDklGgbCZ? If so, what options and insight did we provide? ^GM",Sun Dec 03 22:03:26 +0000 2017,Sun Dec 03 22:20:00 +0000 2017
425135,@AmazonHelp Sent. Kindly resolve this on immediate basis.,425134,@134321 Thanks a bunch for dropping your details. We shall do our part and reach out at the earliest. ^CB,Fri Nov 17 15:17:20 +0000 2017,Fri Nov 17 15:34:35 +0000 2017
682533,"@AmazonHelp Sure, will do that in future, ill remove my tweet. Already, you can fetch all details useing ord#. But still filled  the form given. Plz chk",682532,@215297 Thanks for the update. I've checked and we've received your details. We'll get back to you at the earliest. ^HA,Fri Oct 20 09:42:07 +0000 2017,Fri Oct 20 09:50:01 +0000 2017
1660828,"マビック エスポア 
アマゾンで5000円だったから注文したけどまさか一日経たないうちに届くとは...被り心地もgood https://t.co/EcKWfDQQgN",1660826,@506623 アマゾン公式です。ご利用ありがとうございます。(⋈◍＞◡＜◍)。✧♡ ET,Mon Nov 06 05:48:06 +0000 2017,Mon Nov 06 06:04:29 +0000 2017
9147,"@115850 order ID ending with 5148337, I paid ur delivery guy 1000 Rs for a 690 Rs order, asked him to add 310 to wallet, Y s it not done?",9149,@117638 Sorry to know about the payment issue. I'd like to have a closer look at the issue. Please share your details (1/2) ^KA,Tue Oct 31 04:06:28 +0000 2017,Tue Oct 31 04:34:36 +0000 2017
225260,Selected evening express #primemember package due to arrive 2nd Oct hasn't arrived yet. Customer care has no answer @116316 #amazonprime https://t.co/gaSb519I96,225258,@169810 Please get in touch with our customer service: https://t.co/YuPK6dhEDG My colleagues will check your delivery. ^AV,Thu Oct 05 06:18:54 +0000 2017,Thu Oct 05 06:23:29 +0000 2017
180072,"@115850 @130474 @12295 @122089  product nahi mila, lekin delivered sms aya 😣 #IndiaPost https://t.co/cBLp2rd0TV",180070,@158379 we'll be happy to help. 3/3 ^SH,Wed Oct 04 11:03:34 +0000 2017,Wed Oct 04 11:23:36 +0000 2017
172304,"And after reseting the password, several times, it says it is incorrect. Come on folks, make it work or shut it down. Hey @115851 any comments on this terrible product/service? -Of course not. https://t.co/OmDqvOkfLj",172302,"@146157 Hi! Let us help you to access your account, please contact us by phone here: https://t.co/jzvkhdlrK5 Take Care! ^DA",Fri Nov 24 21:53:42 +0000 2017,Fri Nov 24 22:26:04 +0000 2017
2420298,@AmazonHelp Yes I have. That's why I'm stuck with e-waste disposal for the fake product I received.,2420300,@695257 I'm sorry to hear about the trouble you've had with your order. Kindly share your 1/2 ^KH,Sun Oct 29 16:06:37 +0000 2017,Sun Oct 29 16:20:00 +0000 2017
2219940,amazonで何も買った記憶ないけど、不在票が入ってたよぅ！,2219939,@648440 リプライ失礼いたします。注文履歴にも記載がなく、ご記憶のない場合、恐れ入りますが以下リンクよりカスタマーサービスにご連絡ください。ご対応できることがないか、確認を承ります。https://t.co/J6YEizo6qC HM,Fri Nov 10 12:14:25 +0000 2017,Fri Nov 10 12:39:00 +0000 2017
2226782,"@AmazonHelp ありがとうございました😊✨
https://t.co/AO9VYJRUuq",2226783,@264539 こちらこそ、お付き合いいただきありがとうございます！そして改めておめでとうございます！🎉にゃんこ様の姿も見れて嬉しいです😍 スタッフ一同、幸せのおすそ分けをいただいた気分です😊✨ 今後も引き続きご愛顧いただけるよう頑張ってまいりますので、何卒よろしくお願いいたします。YM,Wed Nov 15 05:33:00 +0000 2017,Wed Nov 15 05:56:00 +0000 2017
2897589,"meu box do scott pilgrim chegou hoje,eu to tao feliz @117086 te amo https://t.co/qh79RsZR2V",2897588,@802829 Nós também te amamos Scott! E estamos super felizes por você ter nos informado essa ótima noticia! Espero que curta muito os livros! Um grande abraço! ^NP,Tue Nov 28 16:58:06 +0000 2017,Tue Nov 28 17:05:00 +0000 2017
278987,@AmazonHelp DidNt resolve..,278989,@182540 I'm sorry for the hassle. Please reach out to our support team here:  https://t.co/vlvfJr4nN9. We will look into it. ^SB,Fri Oct 06 08:53:32 +0000 2017,Fri Oct 06 10:43:00 +0000 2017
1412400,@115850 why I can't have Amazon pantry items ship to Chittorgarh-312001??,1412402,@122921 Amazon Pantry feature is currently only available in specific cities. I'll be sure to forward ^MP (1/2),Mon Oct 16 16:52:53 +0000 2017,Mon Oct 16 17:26:27 +0000 2017
609341,"@AmazonHelp So far I've been lucky that things have arrived on time (for the most part - the item I'm currently waiting on is more than the 2-day prime shipping for some reason. Ordered Sunday and arriving ""late"" today?). It does make me nervous for my holiday purchases...",609343,@159383 Please let us know if it arrives by 8p today! We want to make sure you get your order! ^MW,Wed Nov 22 12:59:29 +0000 2017,Wed Nov 22 14:51:32 +0000 2017
2043381,@115821 locked me out of my prime account for weeks! No solution,2043379,"@604264 I'm sorry to hear this! When you spoke with us, did we offer to submit your information over to our Account Specialists? ^KP",Wed Oct 18 23:19:29 +0000 2017,Wed Oct 18 23:23:42 +0000 2017
710645,"@AmazonHelp Take it on urgent.
I will b on traveling from sat. That's why I raised that product.
If not came b4 Friday than it will b disappointment",710646,@246259 I kindly request you to wait till then. (2/2)^AU,Wed Oct 11 05:50:47 +0000 2017,Wed Oct 11 06:47:00 +0000 2017
600318,"Hey @120533 @117634 Quand pourrions nous télécharger des app sur Kindle en France ??
Car j’aimerai beaucoup faire mes sudoku dessus!",600317,"@262370 Bonjour, cela est possible sur les tablettes Kindle (Fire par exemple). Par contre, l'installation d'applications n'est pas possible sur les liseuses. ^KD",Sun Dec 03 20:35:37 +0000 2017,Sun Dec 03 20:44:25 +0000 2017
2700901,@115821 what's going on with your app? #technicaldifficulties,2700900,@758710 Hi Eve! I'm sorry for any troubles you're experiencing with the app. Will you tell us more about what's going on? ^AB,Sun Nov 19 20:30:24 +0000 2017,Sun Nov 19 20:33:35 +0000 2017
2767524,@AmazonHelp Merci 😍😍😍😍 je suis en train d'installer les applications,2767525,@683416 Géniale 😍 C'est Noël avant l'heure chez vous on dirait 😄 ^ARC,Tue Nov 21 12:38:44 +0000 2017,Tue Nov 21 12:45:45 +0000 2017
2102727,Amazon music unlimitedの無料体験入ってみた🐶 すごい、聴ける曲増えた、、、,2102726,"@620917 Amazon Music Unlimitedをお試しいただき、ありがとうございます🎵
どうぞ存分にお楽しみください😊✨ RI",Wed Nov 08 11:13:42 +0000 2017,Wed Nov 08 11:21:03 +0000 2017
2154038,"@AmazonHelp Je vais faire ça, merci",2154037,@632900 Merci à vous ! ^AR,Mon Nov 20 16:18:23 +0000 2017,Mon Nov 20 16:20:30 +0000 2017
2931434,Hey @116618 why isn’t episode 9 of #Lucifer on the app yet? I thought it was every Tuesday?,2931433,"@810822 Hi, thanks for letting us know. I have raised this with the Amazon Video team so they can look into this. Keep an eye on the website.^ES",Wed Nov 29 07:26:10 +0000 2017,Wed Nov 29 07:43:52 +0000 2017
2924578,my cremation kit hasn’t came yet wtf @115821,2924577,@809254 I'm sorry to hear this. What's the delivery date and most recent tracking shown here: https://t.co/Y5jpI9gRhE? ^LI,Wed Nov 29 02:52:55 +0000 2017,Wed Nov 29 02:57:00 +0000 2017
2667386,@115850 @379 @228164 My order is not diliver stil now i pay extra charge for oneday dilivery,2726778,"@764664 I'm sorry to learn about the delay with the delivery. Have you reported this to our support team? If not, please connect with them here: https://t.co/T6y6Xlutbs and they'll sort this for you. ^VN",Mon Nov 20 13:24:20 +0000 2017,Mon Nov 20 13:48:00 +0000 2017
1576286,@115850 how do I contact Amazon Hubli? https://t.co/DtmtdiejiA,1576287,@485644 Apologies. You may reach out to our support team here: https://t.co/vlvfJr4nN9 and we’ll be glad to help you 1/2 ^NK,Sat Nov 04 17:38:48 +0000 2017,Sat Nov 04 17:58:00 +0000 2017
2734329,"Two times in a row I've been let down by @115821 now. First they claim to have handed me a package when actually it was left outside. This time they didn't even bother to attempt delivery and I didn't get my package. 
So what am I paying for with prime??",2734328,@200615 I'm so sorry to hear about the delivery issues you've experienced recently! Can you please review the order: https://t.co/q4LAMZ3tbE and let us know which carrier is supposed to deliver the package? ^JS,Mon Nov 20 19:20:24 +0000 2017,Mon Nov 20 19:36:58 +0000 2017
1266288,@115850 @146956 @51167 @134046 @118341 @15352 @115821  https://t.co/aIGE69L9HI,1266286,"@416507 Apologies for the unpleasant experience you've had. We'd like to look into this, kindly drop in your details 1/2 ^EM",Mon Oct 16 06:01:33 +0000 2017,Mon Oct 16 06:14:27 +0000 2017
1020249,@AmazonHelp Amazon warehouse deals. Purchased an action cam. Missing lens cover. Mounting accessories and such. That non-specific enough?,1020251,@361423 We understand the frustration. A return can be set up in Your Account on the order detail page: https://t.co/Y5jpI9gRhE. ^EP,Sun Oct 22 22:44:58 +0000 2017,Sun Oct 22 22:48:30 +0000 2017
2923587,"@AmazonHelp I want to send this order to Chile, where I live",2923590,@809004 The Prime shipping does not apply to international orders. ^TL,Wed Nov 29 02:40:23 +0000 2017,Wed Nov 29 03:06:26 +0000 2017
1421870,"@AmazonHelp (2/2) be here today, so I was a bit confused when I got a status saying there was a delay?",1421873,"@155634 Apologies, although rare, delays can happen for various reasons. Have you been given a new delivery date? ^JJ",Thu Nov 02 09:19:13 +0000 2017,Thu Nov 02 09:23:25 +0000 2017
2275900,"Hey @115821, we’d love to leave you packaging feedback, but first we need to receive the actual package 😔 https://t.co/iVDZ1I9xsw",2275899,"@363400 Hello, I am sorry this was sent to you. Is the order in question delayed ? What is the current tracking information for the parcel ?  https://t.co/Y5jpI9gRhE ^CR",Sat Nov 11 08:09:41 +0000 2017,Sat Nov 11 08:26:03 +0000 2017
2825657,"Hi @119625 when will we see DHEERAN ADHIGAARAM ONDRU tamil film in prime ???
Can u make it fast please...😐",2825656,@787148 we will continue to add new content. Keeping checking https://t.co/FYM9PIZOR8 where we highlight the latest movies and TV shows we have available. ^RI,Mon Nov 27 09:05:37 +0000 2017,Mon Nov 27 09:59:29 +0000 2017
288609,"@AmazonHelp yes I did, when I try to view or edit the order it won't let me change the payment option, even if I add a new one",288611,@184764 Thanks for the information. We've responded to your DM. ^GG,Sat Nov 25 03:44:18 +0000 2017,Sat Nov 25 03:52:00 +0000 2017
1843588,From last 5 days only fake promises are done by amazon customer executive i think we should not done the shoping from this rediculus webside i purched iphone 8 plus but the sound is not working properly but no any response from amazon.in so i thought no one should purchase aythng https://t.co/GNwHJq9Fqf,1843586,@552387 Please don’t provide your order details as we consider them to be personal information. Our page is visible to public. 2/2 ^AH,Sun Nov 26 07:07:42 +0000 2017,Sun Nov 26 07:46:57 +0000 2017
2698957,"So apparently, Amazon has their own third party shipping service they use called AMZL that is complete garbage.... https://t.co/BBLtAi7ZmD",2698956,"@741300 I'm sorry! This isn't the kind of experience we want you to have with us! We'd like to ensure this is looked into and addressed. 

Please provide details of your delivery experience here: https://t.co/P2JOkKopNY ^WT",Sun Nov 19 19:59:15 +0000 2017,Sun Nov 19 20:10:31 +0000 2017
2452836,@AmazonHelp I had a word with your team also but they couldn't resolve issue.. They directly informed me they have a Prime team but they can,2452837,@702767 prime membership here: https://t.co/xqI7t7zLuE. Keep us posted if the issue still persists. (2/2)^SQ,Sun Oct 29 18:45:09 +0000 2017,Sun Oct 29 19:07:39 +0000 2017
304591,@AmazonHelp Now my account has been locked for security reasons know to amazon only,304592,@188728 click on skip sign-in and share the details. (2/2) ^MO,Mon Nov 06 11:46:17 +0000 2017,Mon Nov 06 12:26:29 +0000 2017
830525,"@115850 @AmazonHelp still not getting response very poor service 
No one contact me.",830526,@179062 Our teams are working on your issue right now and will provide you an update at the earliest. (1/2) ^SF,Fri Oct 13 02:18:24 +0000 2017,Fri Oct 13 03:53:55 +0000 2017
2881861,@AmazonHelp Gracias :) Es importante,2881864,"@799625 Entiendo Fani, si lo deseas puedes contactar con nuestro Servicio al Cliente por medio del enlace para ayduarte en la gestión: https://t.co/3VUNgKvI9r ^JD",Tue Nov 28 09:43:49 +0000 2017,Tue Nov 28 09:49:01 +0000 2017
375842,@AmazonHelp where is my SNES Classic preorder??????????????? Ordered on 8/22!,375840,@205133 I'm sorry for this wait. What is the delivery estimate given for this order: https://t.co/Y5jpI9gRhE ^DO,Mon Oct 09 01:50:37 +0000 2017,Mon Oct 09 02:21:00 +0000 2017
327020,"@AmazonHelp Figuras de star wars, además de productos para el hogar o videojuegos",327021,"@193933 Y cuéntanos, ¿cuántas compras has hecho con nosotros? 🙊📦 ^LG",Sat Oct 07 17:39:22 +0000 2017,Sat Oct 07 17:41:41 +0000 2017
2532795,@AmazonHelp No. Nothing received this morning after finding out about this screw up and after my call with the help line.,2532797,"@720617 Hi, please get in touch with us here: https://t.co/oGDklGgbCZ &amp; we'll look into this for you. ^TS",Mon Oct 30 12:28:54 +0000 2017,Mon Oct 30 12:34:18 +0000 2017
349738,@115850 No use of prime membership. Cancel n revert my money. Wasted so much valuable time in Amazon. Revert money. Good bye 👋🏼,349737,"@199219 this, please share detailed information on the link here: https://t.co/GIJyeYqKE0. We'll look into it. 2/2 ^PS",Sun Oct 08 08:45:49 +0000 2017,Sun Oct 08 09:09:28 +0000 2017
644868,@115830 i had the most stupid and impolite chat with your customer service ten minutes ago. You should check your employees.,644866,"@273054 I'm sorry for the poor experience. Make sure to fill out the survey sent after your chat, as this goes to their leadership for review. Was the rep able to help resolve your issue for you? ^VS",Wed Nov 22 18:01:09 +0000 2017,Wed Nov 22 18:06:02 +0000 2017
2490640,@AmazonHelp How do I access live chat? I click contact us but only gives me phone or email options.,2490639,@171449 I'm sorry the chat option wasn't available! Have you tried using a non mobile browser to access the contact us page: https://t.co/JzP7hlA23B? ^EP,Wed Nov 15 17:24:08 +0000 2017,Wed Nov 15 17:28:55 +0000 2017
2383329,@AmazonHelp Confirmation done for both order no.s. Please proceed further process.,2383330,@665264 Please reply to the email sent by our specialist teams for further insight on your order. ^VM,Tue Nov 14 07:54:12 +0000 2017,Tue Nov 14 08:51:00 +0000 2017
229971,@AmazonHelp So you mean the iPhone 8 quiz contest is over and results are already announced?????,229970,"@170799 The contest has ended. However, the results aren't announced. ^NR",Wed Oct 04 20:28:15 +0000 2017,Wed Oct 04 20:46:00 +0000 2017
1288921,"@115830 you need to sort your drivers out, one of them just claimed to attempt delivery but nobody attempted to deliver anything, so for no reason my parcel has been delayed by another day, very dissappointing",1288920,@421454 Terribly sorry for the delay! Let's take a closer look in real time at this with you here: https://t.co/JzP7hlA23B ^JZ,Thu Oct 26 19:43:25 +0000 2017,Thu Oct 26 19:46:33 +0000 2017
2308300,@AmazonHelp USPS says it left shipping partner facility in Kenosha WI at 3:23 A.M yesterday. That was the last update.,2308302,@669570 I understand your concern. Orders can be delivered up to 8:00 PM. Let us know if we miss our promise. We're here for you! ^SK,Thu Oct 19 21:44:43 +0000 2017,Thu Oct 19 22:45:27 +0000 2017
352129,Amazon refund service is worst @115850,352127,"@199745 My sincere apologies for any inconvenience with the refunds, elaborate your issue &amp; we'll help you accordingly. ^MJ",Sun Oct 08 10:40:58 +0000 2017,Sun Oct 08 12:33:30 +0000 2017
2369604,@AmazonHelp No they were no help at all they just told me to buy the item and then didn’t apply the correct promotion,2369603,"@683842 We'd like to help! Without giving personal or account details, could you tell us a bit about what's going on? ^DG",Tue Nov 14 00:01:58 +0000 2017,Tue Nov 14 00:07:26 +0000 2017
1526906,Thankyou to the agent at @115830 who said supervisor will call me regarding my damaged watch which arrived a day late! #noshow #liars #fu,1526905,@474141 I apologize for the experience. Please give us a second chance. Contact us here: https://t.co/GtabLUSaUf ^BA,Fri Nov 03 21:59:14 +0000 2017,Fri Nov 03 22:02:38 +0000 2017
1079396,@AmazonHelp That was not a solution. It was a excuse. You are having poor policy towards customer. Then what is meaning of that mail?? I need my money to my bank account.,1079397,@374607 The provided information is best currently. We will not be able to offer additional insight on it. ^RW,Tue Oct 17 09:45:13 +0000 2017,Tue Oct 17 10:08:00 +0000 2017
2528839,¡Qué nervios! Ya van a ser las 12:00 am y van a comenzar las ofertas del #BuenFin2017 en @116875 ¡para comprar un chingo de cosas!,2528838,"@719997 ¡Hola @719997! Nosotros también estamos súper emocionados y nerviosos. Esperamos que puedas conseguir muchas ofertas 🙈
¡Saludos!
^FQ https://t.co/TsjSilWmmA",Thu Nov 16 05:44:48 +0000 2017,Thu Nov 16 06:00:44 +0000 2017
166446,"@115851 @AmazonHelp @115850 #JEFFBEZOS  have you founded amazon india to cheat and harass innocent people of India???

Why there is no action on bad behavior of customer care??

Be honest!!! Corrupt people can earn money but not respect!!!",166447,"@147113 We'll be able to take necessary actions once we receive your details via secured link. Further, we'll not be able to provide any insight until you submit the form with requested details. Appreciate your understanding. ^MJ",Fri Nov 24 20:20:09 +0000 2017,Fri Nov 24 20:32:03 +0000 2017
739101,"Purchased Haldiram cookies combo pack from @115850 . Packets did not have MRP printed on it.
#LegalMetrology",739099,@296765 Kindly reach our support team here: https://t.co/vlvfJr4nN9. We'll have it checked. ^GS,Wed Oct 11 12:58:44 +0000 2017,Wed Oct 11 13:01:00 +0000 2017
787635,"@AmazonHelp For starters how about a delay in the pick up of a product for return by 10 days, which was delivered a day late and was defective.",787642,@307868 I’d like to help you; please fill this form: https://t.co/beaaDm0muc and I’ll contact you soon. ^SY,Thu Oct 12 10:23:20 +0000 2017,Thu Oct 12 10:31:02 +0000 2017
1806508,"Best music app! Amazon music is awesome!!! Thank You! I'm hooked :)

@115821 
@AmazonHelp",1806507,@542746 ♪♫♬ That's music to our ears! ^SA,Tue Nov 14 23:45:14 +0000 2017,Tue Nov 14 23:56:38 +0000 2017
1501796,Bestelle nie wieder ein spiel bei @116316,1501795,@468587 Was ist denn passiert? ^SK,Fri Nov 03 15:27:52 +0000 2017,Fri Nov 03 15:32:27 +0000 2017
2692716,@756892 @115830 I sent them a message through the customer services thing. Let's see if they confirm my guess that it was no longer in stock but still on the site.,2692714,"@756891 I'm sorry for the delay! W/o posting account into, would you be able to link us to what was ordered so we can take a look? ^DD",Sun Nov 19 17:13:36 +0000 2017,Sun Nov 19 17:20:26 +0000 2017
2692789,My copy still hasn't arrived. Pre-ordered to arrive on 11/15. 4 days later no one can tell me why or where it is or when I can expect to receive it. @115821 https://t.co/iqci43UAOc,2692785,"@756901 Oh no! I'm sorry we've missed the promised date! We'd like to help the best we can. Just to confirm, was the book said to be shipped by Amazon or a third-party seller? You can view this under the item name listed here: https://t.co/Y5jpI9gRhE. ^HC",Sun Nov 19 16:59:47 +0000 2017,Sun Nov 19 17:04:00 +0000 2017
21568,"@AmazonHelp Ohhh so this how u treat a prime customer...unless u provide me resolution don't reply on this and also I am tagging big people from Amazon to look into it...stop send me tweets with empathy...I don't need it...m the customer, I'll go somewhere else",21567,"@120701 As the details are shared from the link mentioned earlier, we'd get back to you soon with an update. ^BS",Tue Oct 31 14:26:11 +0000 2017,Tue Oct 31 14:55:31 +0000 2017
429053,"@AmazonHelp Unsure, and I believe the email was accidentally emailed. Regardless, I'll just wait. no harm done. thank you for your help",429054,"@217035 OK. Just keep us posted on this delivery, Kevin! We want to make sure it arrives safe and sound!! ^FR",Tue Oct 10 20:39:41 +0000 2017,Tue Oct 10 20:47:28 +0000 2017
574982,amazon届くの早すぎ,574981,@255272 (;´▽｀A`` TN,Sun Dec 03 07:13:07 +0000 2017,Sun Dec 03 07:17:54 +0000 2017
66200,@AmazonHelp It was implied it would have all been sorted on Saturday?,66199,"@131141 Hi Sarah, I am sorry to hear that this still hasn't been resolved please follow this link: https://t.co/tkLCr7Vo9T  and fill out the form, someone from our team will be in contact to assist you. Please let us know how you get on. ^HS",Wed Nov 22 08:31:42 +0000 2017,Wed Nov 22 08:56:26 +0000 2017
1380277,なんでかしらんがアマゾンから有料動画の請求きてんだが。,1380276,@441305 該当のメッセージは、https://t.co/st4oU5QbhPからお送りしたものではございません。当サイトの名をかたる架空請求詐欺が増えております。記載されている連絡先には、ご連絡なさらないようお気を付けください 。 YM,Sat Oct 28 05:01:32 +0000 2017,Sat Oct 28 05:09:00 +0000 2017
2676437,"@AmazonHelp that's ok, i am on chat with Amazon guy, I want my order today as a promise of Prime member",2676439,@753303 We are positive that your order will be delivered. Do keep us posted in case of any issues.  ^SU,Tue Oct 31 13:56:08 +0000 2017,Tue Oct 31 14:19:00 +0000 2017
2485622,@AmazonHelp Amazon logistics Mais le seul vrai problème c est votre service client téléphonique !,2485621,@710010 Vous m'en voyez sincèrement navrée. Votre dossier est-il actuellement pris en charge par notre service client s'il vous plaît? ^SA,Wed Nov 15 15:39:47 +0000 2017,Wed Nov 15 15:47:54 +0000 2017
1028962,@AmazonHelp 6 times scheduled for pickup. 3 went to wrong add &amp; 3 times the right add but never came and no comm.,1028960,"@363467 I'd like to take a closer look into this, please share your details on the link here: https://t.co/GIJyeYqKE0. We'll help. ^PS",Mon Oct 23 03:34:42 +0000 2017,Mon Oct 23 03:53:00 +0000 2017
1710827,Hey @115821 is it common practice to ship an expensive rifle scope in an envelope? #afraidtoopen,1710825,@518276 We're always looking to improve! Was your item damaged? You can leave feedback on our packaging here: https://t.co/TH7UAFZey5 ^AR,Tue Nov 07 01:22:27 +0000 2017,Tue Nov 07 01:37:23 +0000 2017
575971,"@AmazonHelp It says amazon shipping, was supposed to be prime! https://t.co/12FPO9RoW9",577038,"@255524 Hi Julia, did you receive an email from us about the order at all?^PJ",Sun Dec 03 09:17:04 +0000 2017,Sun Dec 03 09:21:00 +0000 2017
2269155,"@AmazonHelp Desde https://t.co/LaDU7Q452l  Lo necesito, de verdad!!!! No puedo vivir sin el....",2269153,"@660328 Entiendo Vanessa, por favor reporta lo sucedido con nuestro Servicio al Cliente mediante el siguiente enlace: https://t.co/OjvUxwnzPe. ^AZ",Sat Nov 11 10:14:57 +0000 2017,Sat Nov 11 10:40:30 +0000 2017
404050,I spend soo much $$ buying books for my Kindle and have now realized my Prime membership gives me thousands of free reads. 😭 ILY @115821!!!,404049,@211637 Send an S.O.S. to your friends in case they don't hear from you for a few weeks! 😂,Mon Oct 09 20:59:04 +0000 2017,Mon Oct 09 21:13:00 +0000 2017
1271579,"@AmazonHelp @115850 I havnt got my refund yet...for my order no. 406-5219321-0534711, one of the red bull can was damaged.",1271580,@417690 We'd like to take a closer look into this. Please fill this form: https://t.co/beaaDm0muc and we'll get back to you.(1/2)^AU,Tue Nov 07 06:01:29 +0000 2017,Tue Nov 07 06:25:52 +0000 2017
2566966,"@124285 Juchhu, ich konnte mein Paket abholen! Luxus: es war schon offen und frei von @116316 Werbezettelchen...",2566964,@728161 Das Öffnen sollte aber dir vorbehalten sein :( War denn der gewünschte Inhalt noch drin? ^AN,Thu Nov 16 19:01:09 +0000 2017,Thu Nov 16 19:30:00 +0000 2017
25901,@AmazonHelp Still no reply...my complaint is still pending,25905,@121656 Apologies for the ordeal. Kindly reply to our correspondence here: https://t.co/8DAc10S7ww and we'll check this further for you. ^VN,Thu Nov 09 15:03:41 +0000 2017,Thu Nov 09 15:29:00 +0000 2017
570127,@AmazonHelp Order did not arrive,570129,@225155 I'm sorry your order never arrived. Please reach out to us by phone or chat and we can speak with UPS on your behalf: https://t.co/EKXRLsnxJu ^AM,Sun Dec 03 03:59:09 +0000 2017,Sun Dec 03 04:06:51 +0000 2017
2800384,@AmazonHelp No date specified for either item.,2800386,@465374 We would like to take a look at the items you pre-ordered. Can you provide links to the products on the Amazon website? ^JS,Wed Nov 22 00:31:15 +0000 2017,Wed Nov 22 00:34:24 +0000 2017
1341710,"@AmazonHelp Text said package lost, contact you, but no contact info anywhere. It's not a return. How do we contact you as you requested?",1341709,"@432942 I'm sorry your package was lost. We'd be happy to go over your options, please contact us here: https://t.co/hApLpMlfHN ^CO",Fri Oct 27 15:43:33 +0000 2017,Fri Oct 27 15:45:29 +0000 2017
462482,"@AmazonHelp Yes. The delivery date was this evening, now it’s estimated 12/1-2.",462484,@224909 I am so sorry for the delay! Please let us know if you don't receive your item on December 2nd by 8pm. ^LS,Fri Dec 01 03:18:44 +0000 2017,Fri Dec 01 03:21:29 +0000 2017
1113550,Amazonの注文履歴って到着してないのも表示されますか？？？教えて偉い人！！,1113549,@382814 失礼いたします、Amazonです。ご注文いただいた時点で注文履歴に該当の注文が表示されますので、未発送の状態でも注文履歴でその注文をご確認いただくことができます。　SM,Sun Oct 15 11:15:33 +0000 2017,Sun Oct 15 11:22:37 +0000 2017
83385,"@AmazonHelp 48 hours has gone by and I have not heard anything from Amazon after I was told that the ""teen"" group would get with me to resolve my issue. @115851 this is not good customer service. I have an upset daughter.",83386,"@134322 I'm so sorry for this frustrating experience, Gregg. It's never our intention and I'd like a member our team to look into this personally. Plea provide your information here and we'll be in touch: https://t.co/lxyG6uUYWN ^HS",Sat Dec 02 04:18:33 +0000 2017,Sat Dec 02 04:26:32 +0000 2017
1323911,@AmazonHelp Ja. Die Versandart wurde vor ca. 2 Wochen auch extra auf Premium gestellt. Trotzdem bekam ich gestern die Mail das ich sie nicht pünktlich bekommen werde.,1323913,@428945 Bitte sei so gut und melde dich trotzdem nochmal hier: https://t.co/dDmBEPionb Dann können meine Kollegen das genauer prüfen. ^MS,Fri Oct 27 10:50:00 +0000 2017,Fri Oct 27 10:57:29 +0000 2017
2470948,@AmazonHelp Hi there! Your 'Rate our Delivery Service' form does not allow respondents to 'Check all that apply' as advised as you are using radio buttons rather than check boxes so respondents can only select one option. https://t.co/q3KQvO9ql0,2470946,"@706741 Hi Owen, thanks for raising this to our attention. Have you tried it on another browser, and if so, are you still seeing the same radio buttons? ^PJ",Wed Nov 15 11:18:28 +0000 2017,Wed Nov 15 11:39:00 +0000 2017
78748,@AmazonHelp All I hear is that I should get it my dec 5th but this is a Xmas gift that I am shipping out of country it needs to be mailed by dec 1st,78749,@133566 So sorry about the delay. We do aim to deliver by the delivery date given at the time the order was placed. ^KM,Thu Nov 30 13:04:10 +0000 2017,Thu Nov 30 13:14:34 +0000 2017
232414,@AmazonHelp Please provide me link..m unable to find,232415,"@171216 Kindly refer here: https://t.co/9ndygbknjn, for more information. (2/2)^AP",Thu Oct 05 11:24:45 +0000 2017,Thu Oct 05 11:40:00 +0000 2017
1394398,I know it says until tmoro eve but I'm ac freaking out I haven't got my priority access code from @115830 yet 😭😭 @146898 #gbsolo,1394396,"@444276 Hey, Sam! I'm sorry you haven't gotten your access code. Can you let us know what product the access code is for? ^AJ",Mon Oct 16 16:20:46 +0000 2017,Mon Oct 16 16:26:35 +0000 2017
2113583,.@115821 has to be the best thing ever for Christmas shopping...,2113582,@623191 Can't beat skipping out on waiting in long shopping lines! We're glad you chose us this holiday season! 😊 ^KJ,Wed Nov 08 16:49:24 +0000 2017,Wed Nov 08 16:57:00 +0000 2017
827135,@AmazonHelp @115821 @115830 @123644 @115851  hi team please check the screen shot regarding the same https://t.co/p4rUTUYNlN,896694,"@315727 This is not a genuine offer, Parth. Please do not share your personal or financial information. For genuine offers, 1/2 ^NK",Fri Oct 13 18:20:40 +0000 2017,Fri Oct 13 18:34:00 +0000 2017
619099,"@AmazonHelp @115850 @115830 wow wat professionalism at amazon, hav been following up to resolve concern past 6 days, n guess amazon is still solving the mystery internally hw to delay it further. Shame on Amazon who insist dey r cust centric rogues of first order disgusting dey r",619098,"@197812 Apologies for the delay in addressing your concern. We'd request you to reply to the email sent by our team sharing your insights, we'll review it and get back to you. ^MO",Mon Nov 13 15:57:53 +0000 2017,Mon Nov 13 16:29:35 +0000 2017
319195,@AmazonHelp my order which was due today was not delivered... totally disappointed and unsatisfactory...very poor service,319194,@172360 https://t.co/5UW3dJpD9a so that we can get in touch with you. (2/2)^VM,Sat Oct 07 10:42:27 +0000 2017,Sat Oct 07 11:01:00 +0000 2017
2193242,@AmazonHelp I would request a call back for the same,2193243,@169989 I get your concern. Kindly reply to the email sent to you by the Social Media team &amp; we'll arrange call back for you soon. ^EM,Fri Nov 10 09:20:09 +0000 2017,Fri Nov 10 10:24:00 +0000 2017
1198528,I DONT EVEN HAVE AN @115821 PRIME ACCOUNT AND THEY CHARGED ME $107 jfkshaifkak so pissed off right now 😭👿👿,1198527,"@401606 I'm sorry for the unexpected charge! You can view and cancel your Prime membership, here: https://t.co/SIHlRjry4g ^EB",Wed Oct 25 03:37:41 +0000 2017,Wed Oct 25 04:14:23 +0000 2017
15672,"Fool me twice!  Another kindle release day, another missed ""guaranteed release day delivery""  #AMAZONFAIL",15670,@119447 I'm sorry your Kindle hasn't arrived! Can you tell us the current tracking status? https://t.co/Y5jpI9gRhE ^EZ,Wed Nov 01 01:55:19 +0000 2017,Wed Nov 01 03:26:00 +0000 2017
215152,"@AmazonHelp I simply need invoice of my orders.cant you get such a simple thing when it is available on all other apps like Flipkart,Paytm..such a basic",215154,@167119 I'm afraid you'll not be able to download invoice via the shopping app. Kindly follow the step here: https://t.co/Hv15WEdpF7 (1/2),Mon Oct 09 13:55:07 +0000 2017,Mon Oct 09 14:26:01 +0000 2017
2317840,"アマゾンミュージックなかなか良き🤤💕
エルレくっそ懐かしい😭🙏 https://t.co/9ULXPpJJIc",2317838,@671975 ぜひ懐かしさに浸ってください😁💓 EK,Mon Nov 13 09:49:00 +0000 2017,Mon Nov 13 09:58:00 +0000 2017
1824799,@AmazonHelp @7092 @115821 where is the order not received Today as well ... i want compensation https://t.co/UkIMH0oi0A,1824800,@547793 Sorry for the hassle. Please report this to our support team here: https://t.co/vlvfJr4nN9 and we'll check this. ^HN,Wed Oct 18 16:24:09 +0000 2017,Wed Oct 18 17:03:28 +0000 2017
791477,"@AmazonHelp waiting for 2 parcels, was due for delivery yday, you said you attempted delivery but didn’t, know they’re due on the 17/10/17",791475,@308730 Can you contact us here: https://t.co/JzP7hlA23B? ^MC,Thu Oct 12 12:47:29 +0000 2017,Thu Oct 12 12:59:00 +0000 2017
535771,Day 3 and no sign of my @115821 #Prime package that was guaranteed to be delivered Dec 1. This is now a matter of grit and survival. #FirstWorldProblems,535769,@244125 Oh no! We're sorry you package hasn't arrived! Were you given an update delivery date or a notice of delay? We'd like to help! ^ZW,Sat Dec 02 12:50:48 +0000 2017,Sat Dec 02 12:55:28 +0000 2017
2940217,@AmazonHelp They are still pending at the moment. I watch it over the next few days and get back in touch if both fully go out,2940216,@812614 Please do! You can also find more information on authorisations by visiting us here: https://t.co/s2fBx2lIRG ^TK,Wed Nov 29 13:31:45 +0000 2017,Wed Nov 29 13:35:29 +0000 2017
2733941,@AmazonHelp Mais merci quand même de votre intérêt à mon impatience. 😉👍,2733943,"@766286 Je vous en prie, très bonne journée. ^ASZ",Mon Nov 20 16:53:49 +0000 2017,Mon Nov 20 17:07:28 +0000 2017
764135,"@AmazonHelp Today at 2.59am I have replied to the email, do u want to prove me wrong ??",764136,"@178550 If you have responded to our email, we'll look into it and get back to you with an update. ^SQ",Wed Oct 11 22:47:04 +0000 2017,Wed Oct 11 22:58:12 +0000 2017
381973,@115850 I tried calling delivery team but they are not responding please contact me back 8867771374 and let me know status of my order.,381972,@206574 We're responding to your query here: https://t.co/lKCh6UP6QQ. ^MM,Mon Oct 09 09:56:41 +0000 2017,Mon Oct 09 10:23:34 +0000 2017
2940267,"@AmazonHelp For the 4 the time, I haven’t received any emails from you. I can come to office, login n show you if you want",2940268,@270214 Sorry that this is taking longer than expected. I would request you to respond to the last correspondence that you have received. ^KK,Thu Nov 30 06:20:12 +0000 2017,Thu Nov 30 06:43:00 +0000 2017
2969503,Just opened my package... this is how my Christmas lights came to me... do better @115821 #theybetterwork https://t.co/6dO89gLjqz,2969502,@819093 So sorry to see this! Not what we intend at all. Was the shipping box damaged at all? ^BL,Thu Nov 30 00:07:17 +0000 2017,Thu Nov 30 00:09:25 +0000 2017
2902479,"@AmazonHelp says “ Saturday, 25 November
12:03 AM
Parcel left the carrier facility
Manchester, STRETFORD GB “",2902481,"@803913 Please reach us by phone or chat at the following link: https://t.co/JzP7hlA23B 
We'll be able to look into this with you, and review our available options: ^WT",Tue Nov 28 18:45:53 +0000 2017,Tue Nov 28 18:50:33 +0000 2017
1763833,@AmazonHelp on my orders page it says an item is still arriving although i already received and picked it up?? how do i stop this https://t.co/mYbJd0cvjy,1763831,"@530636 That is odd! We can't see account info via Twitter, but if you contact us here: https://t.co/hApLpMlfHN we can look into it. ^AD",Tue Nov 07 21:02:36 +0000 2017,Tue Nov 07 21:10:01 +0000 2017
2922568,"@AmazonHelp Não tenho certeza ainda, mas acho que vou começar com o do John Green (João Verde, pros amigos) pq to mt curiosa kkkk",2922569,"@808801 Rsrs eu ia recomendar o mesmo, eu fique maravilhada com o livrinho dele, acho que você vai curtir demais. ^MB",Wed Nov 29 15:00:52 +0000 2017,Wed Nov 29 15:12:32 +0000 2017
1570263,"I have never had any issues with getting things from @115821 in the past and have always had great customer service, until now.",1570260,"@121473 I'm sorry for the frustration! Without giving account/personal details, can you please tell us what's going on? ^AC",Sat Nov 04 16:58:54 +0000 2017,Sat Nov 04 17:03:03 +0000 2017
2896067,I think @115830 is way behind on deliveries. I've got Prime membership which should get me next day delivery however everything is saying at least Thursday.,2896065,"@434809 I'm sorry about the poor experience with us, Gary! Do you have an order that is currently late? If so, what's the status and the original delivery date promised in our email confirmation? You can see that here: https://t.co/aaDyEz1VgE ^FR",Tue Nov 28 16:10:38 +0000 2017,Tue Nov 28 16:16:00 +0000 2017
1497904,@AmazonHelp Is there a specific number I can call? Because customer service don’t know what to do,1497905,@467779 Please reach out to our careers team by chat using the following link: https://t.co/B7hUIaXgAZ ^GR,Fri Nov 03 16:28:53 +0000 2017,Fri Nov 03 16:36:28 +0000 2017
30028,@AmazonHelp ご返信ありがとうございます。問い合わせさせていただきました。ご丁寧にありがとうございます。,30030,@122604 とんでもないことでございます。恐れ入りますが、カスタマーサービスからの回答をお待ちください。TN,Wed Nov 01 11:54:55 +0000 2017,Wed Nov 01 12:01:00 +0000 2017
464323,Amazon大好きっ子だしプレミアム会員なるか,464322,@225406 ありがとうございます❗Amazonプライムでは様々な特典をご用意しておりますので、ぜひご検討くださいませ( *´艸｀) https://t.co/F6zqHokWbt EK,Fri Dec 01 03:26:50 +0000 2017,Fri Dec 01 03:39:00 +0000 2017
2424539,@AmazonHelp i was wondering when my order will be shipped? My Order is # 205-0259599-2733945 hopefully you can help me greetings from the Netherlands,2424537,"@259138 You can find an estimated delivery date from Your Orders: https://t.co/ijxJ9jCwr9. If it is late, we can look into your options here: https://t.co/qy3J24VGxb ^AF",Tue Nov 14 18:51:18 +0000 2017,Tue Nov 14 19:02:47 +0000 2017
2135646,"@115821 useless delivery service, of no ones in, leave it with a fucking neighbour you useless pricks, fuck off beyond belief considering it’s already taken 3 days, why the fuck do I even bother paying for prime #cunts",2135645,@628301 I'm sorry about the delay in delivery. Have you set your save place yet? you can do so here: https://t.co/fKfeELMzpu ^TR,Wed Nov 08 17:34:25 +0000 2017,Wed Nov 08 17:42:59 +0000 2017
757695,@AmazonHelp When I went to apply to be a driver. Las Vegas wasn’t available,757697,@301079 We'd like to take a closer look into this. Please send us your details here: https://t.co/ibwqByKiuP ^LI,Wed Oct 11 19:12:17 +0000 2017,Wed Oct 11 19:26:40 +0000 2017
595715,@115830 Am currently away on a £4000 50th birthday trip in Oregon.Husband bought me a Sony DSC-HX90 as a gift. Just opened box. Charging cable that goes into camera is INCORRECT CABLE. NO photos from a £3000 50th trip!!! Advise!!!! Need camera now!! for £4000 trip right now!,595712,@261159 I'm sorry you received the incorrect cable. Please reach out to us here: https://t.co/JzP7hlA23B so we can look into this with you. We want to help! ^ZW,Sun Dec 03 18:49:31 +0000 2017,Sun Dec 03 19:00:10 +0000 2017
1103666,@AmazonHelp how many times i need to tell u the story. u aasholes,1103668,@214890 We will not be able to check your details here. Could you let us know what went wrong? ^RW,Mon Oct 16 09:05:06 +0000 2017,Mon Oct 16 09:34:30 +0000 2017
359522,"@AmazonHelp You guys are jerk..
Go die you Morons.. 
Refund my Money you Idiots",359523,@201142 will be issued to you in your original payment method. (2/2)^SQ,Sun Oct 08 17:52:16 +0000 2017,Sun Oct 08 21:02:32 +0000 2017
1871850,@AmazonHelp Really worst service I have requested to you coz of Diwali.. I will make sure I will never ever buy product from amazon..,1871852,"@343897 However, the order will be delivered for sure as per the estimated delivery date. (2/2) ^JS",Wed Oct 18 09:09:12 +0000 2017,Wed Oct 18 10:21:31 +0000 2017
2879480,@AmazonHelp Amazon India only gives false assurance. Strange Mr. Agarwal is not aware of this fraud till now.,2879481,"@799132 I get your concern about the order received, please share the details from the secured link provided earlier so we would help you with your order. Appreciate your cooperation. ^BS",Tue Nov 28 08:26:09 +0000 2017,Tue Nov 28 08:43:26 +0000 2017
999162,"@AmazonHelp Second thing is as u told MSOP not guaranteed for COD method , i reffered to your COD T&amp;C and did not find any such terms (1/2) https://t.co/XHeWmk5Ns2",999172,"@148568 I understand your concern Rahul. However, as mentioned earlier we cannot guarantee the (1/2) ^GD",Sun Oct 22 17:30:05 +0000 2017,Sun Oct 22 17:44:00 +0000 2017
98659,Los de @132703 han conseguido que el siguiente pedido de @116928  me llegue a un locker. Allí sí reparte Seur y llegan al día siguiente (que para eso tengo el prime).,98658,"@137593 Hola Rafa, ¿tienes algún pedido pendiente o algún inconveniente con la entrega? ^LG",Thu Nov 30 16:42:16 +0000 2017,Thu Nov 30 16:44:36 +0000 2017
312994,@AmazonHelp  I need a guarantee from Amazon about the product. It will be as shown in picture which I had earlier provided &amp; not a repeat,312995,"@190746 We ensure our best,  that there is no glitch on any order. Further, you always have our support on every order you place. ^CB",Sat Oct 07 10:43:22 +0000 2017,Sat Oct 07 10:56:30 +0000 2017
1100955,Hey @115830 please pay my seller funds which has been held for over 115 days! __email__ https://t.co/RrNZ0KyIUE,1100954,@379753 I'm sorry you haven't received your funds yet. What kind of insight were you given when you spoke with seller support? ^AJ,Mon Oct 23 22:53:56 +0000 2017,Mon Oct 23 22:57:00 +0000 2017
2791985,Solo puedo decir una cosa...es una chulada @116875 Prime!! exactamente 24 hrs.,2791984,"@779215 Hola, nos alegra que disfrutes de nuestro servicio. Entrenamos mucho todo el año para mejorar nuestros tiempos de entrega. 😎 Queremos saber un poco más, ¿qué recibiste? ^AA https://t.co/d4v4UzWqPx",Tue Nov 21 20:23:23 +0000 2017,Tue Nov 21 20:30:09 +0000 2017
1371842,@115821 I ordered something on Monday. Found it odd I needed to pay 1 day delivery to guarantee by Friday. Now it shows no arrival till mon,1371840,"@318787 We strive to ensure all shipments arrive by the date provided in your order confirmation, however, unforeseen delays can occur.^BV",Fri Oct 27 23:31:59 +0000 2017,Fri Oct 27 23:47:28 +0000 2017
1786652,"@AmazonHelp Me bloquearon el acceso a mi cuenta, me enviaron mail pero hasta ahora no me han llamado",1786651,@536762 ¿Cuándo enviaste la información solicitada? ^JQ,Tue Oct 17 23:31:17 +0000 2017,Tue Oct 17 23:32:26 +0000 2017
2249779,@AmazonHelp C’est le colis d’un client. C’est pas la 1ère fois que je vous interpelle sur les méthodes de livraisons de ces sociétés privé #TNT,2249781,@655520 Je vous remercie de nous l'avoir signalé. Il faut que le titulaire du compte nous contacte  afin que cela soit remonté. ^ARC,Thu Oct 19 17:42:14 +0000 2017,Thu Oct 19 17:57:01 +0000 2017
2431168,@AmazonHelp Email has been my choice as I really don't have time to be on the phone or chat handling personal matters while I'm at work.,2431169,"@312868 When you do have the time, please contact via phone or chat as this is the best method for us to assist further. We are here 24/7 to assist. https://t.co/Q7Ftz6nj80 ^TE",Tue Nov 14 21:49:04 +0000 2017,Tue Nov 14 22:12:00 +0000 2017
486069,@AmazonHelp Thankyou,486071,@230635 Glad to be of help. ^BD,Fri Dec 01 15:08:25 +0000 2017,Fri Dec 01 15:10:28 +0000 2017
1449067,@AmazonHelp can someone explain how leaving a package in an unsecured foyer for a multi dwelling is appropriate?,1449066,@456246 I'm sorry about this problem. Could you tell us the carrier of the package? You can find that info here: https://t.co/Y5jpI9gRhE ^HM,Mon Oct 16 19:25:40 +0000 2017,Mon Oct 16 19:38:29 +0000 2017
1207234,@119625 Please add Chromecast support. Even Voot has it.,1207233,"@403480 about Prime Video for other living room devices, but stay tuned. (2/2) ^VM",Wed Oct 25 09:32:17 +0000 2017,Wed Oct 25 09:41:29 +0000 2017
1155403,@AmazonHelp He intentado utilizar @49411 como punto de recogida tal y como he hecho muchas veces y ya no me aparece.,1155405,@391797 ¿Ya verificaste la siguiente información: https://t.co/0wb6HaKJVe? ^HC,Sun Oct 15 18:20:22 +0000 2017,Sun Oct 15 18:25:32 +0000 2017
1172213,"But hey @115830, it's ok.  Not an important package.  Not like it's card for my sister's wedding invites.  Just leave it wherever. https://t.co/B3KQ8TUpxr",1172211,"@395722 I'm sorry the invites were delivered to the wrong place, Eddie! Were you able to locate the delivery? Have you spoken w/us? ^FR",Tue Oct 24 19:37:21 +0000 2017,Tue Oct 24 19:45:01 +0000 2017
524892,@AmazonHelp I contacted them and we finally got it sorted out. Thanks but I don’t think I’ll do amazon trade in again.,524891,"@241391 That's frustrating, I'm sorry you had such a poor experience with the trade in program. Thank you for giving it a try, I'm glad you were able to get it resolved. ^EA",Sat Dec 02 05:39:36 +0000 2017,Sat Dec 02 05:45:00 +0000 2017
2821609,"Waited in all day yesterday but yet again 
@115830 #Prime fail to deliver  😡😡😡",2821608,"@786364 Oh, no! Have we missed the provided delivery date in Your Orders: https://t.co/aaDyEz1VgE? ^DG",Mon Nov 27 07:21:32 +0000 2017,Mon Nov 27 07:24:00 +0000 2017
1067759,"@AmazonHelp Heyy my stupid lord, how many times i need 2 say that i have wrote back on ur recentmost mail, 12 hrs back. What more?",1067760,@140964 I understand you've replied to our email. Our team has responded to the email we've received from you. Kindly check. ^AP,Fri Oct 27 06:44:47 +0000 2017,Fri Oct 27 06:49:24 +0000 2017
1521824,Amo a @116875 Es la primera vez que me llega un pedido en domingo.,1521823,"@472997 ¡El amor es mutuo, David! ¿Todo en orden con tu pedido? ^CR",Tue Oct 17 00:42:29 +0000 2017,Tue Oct 17 00:46:27 +0000 2017
1395621,@AmazonHelp Then.arrange me replacement with other packaging if same product with your updated MRP or refund me money which you have taken more from MRP https://t.co/taUftniDBd,1395623,@444537 Kindly visit the link given earlier and learn more about our pricing policies. I've shared your feedback with our team. ^ZH,Tue Oct 31 04:46:21 +0000 2017,Tue Oct 31 04:54:25 +0000 2017
5213,@115850 Customer service may problem hai. ..customers ko react nahi karte,694332,@285574 That's quite a remark. Could you please elaborate what went wrong so that we can assist you accordingly?,Thu Nov 23 15:21:47 +0000 2017,Thu Nov 23 15:27:41 +0000 2017
805611,"@AmazonHelp Ur store card service is bad. Made $800 pymnt on 7th money taken from bank, put on a hold. Told wait 1 day, 2 days now the 15th?",805610,"@311968 info when it was available? Let us know, we'd love to help out! (2/2) ^SA",Thu Oct 12 17:08:00 +0000 2017,Thu Oct 12 17:35:07 +0000 2017
224154,FAV si eres como yo que solo espera las ofertas de @116875 por #ElBuenFin,224153,"@169562 ¡Hola, Lord Carlo! Por acá estamos impacientes, ya casi es el Buen Fin 😱 ^LC https://t.co/ZoR52H4cZ9",Thu Nov 16 20:32:43 +0000 2017,Thu Nov 16 20:42:50 +0000 2017
2367957,@AmazonHelp It says it shipped today… a week after release. Next time ill go to a store to buy a preordered system. Geez… https://t.co/pwVtAeyeB3,2367959,"@683421 We aim to deliver on the delivery date given on the confirmation e-mail. Please keep us updated on the arrival of your package. If you don't receive it on the new expected delivery date, you can contact us here: https://t.co/hApLpMlfHN. ^LH",Mon Nov 13 23:34:34 +0000 2017,Mon Nov 13 23:48:30 +0000 2017
1061362,@AmazonHelp @115821 I must be confused about what 2 day shipping means. #prime #amazon https://t.co/zK9kscGgLO,1061360,@293575 Hello- 2 day shipping would begin after an item is marked as dispatched. ^NV,Mon Oct 23 13:12:42 +0000 2017,Mon Oct 23 13:20:30 +0000 2017
1748170,@115830 all my order has said all day is “dispatching now delivered before 9pm”. I leave this office in 1 hour 4 mins :(,1748167,"@526978 Oh no! I'm sorry for the trouble with delivery. Contact us here, https://t.co/JzP7hlA23B, so we can investigate this. ^TG",Tue Nov 07 15:56:56 +0000 2017,Tue Nov 07 16:01:32 +0000 2017
2848160,Amazonのワンクリックなんちゃらの設定で郵便番号入力してもエラー吐くんだがどうすればいいん？ https://t.co/c6XrxGiLaC,2848159,@792095 お手数ですが、アプリをご利用の場合、ブラウザからのご入力をお試しください。半角英数字で正しい番号を入力いただいても問題が解決しない場合は、カスタマーサービスにて状況を確認させていただきます。こちらからご連絡ください。https://t.co/NtNAX37Sr4 ET,Mon Nov 13 04:47:31 +0000 2017,Mon Nov 13 05:14:54 +0000 2017
2573820,Both @17458 and @115821 have failed me this week 🤦🏾‍♀️,2573818,"@462357 This is definitely something we do not like to hear! Without providing any personal or account information, could you give us more information about what happened? We're here to help! ^JY",Thu Nov 16 20:05:07 +0000 2017,Thu Nov 16 20:27:38 +0000 2017
1239365,"@AmazonHelp Here you go. And as I said before, it’s a residential house I’m getting it delivered to, no office to accept the packages. I’ve never had this problem before. https://t.co/EYq3Wsf91V",1239364,"@410706 When you contacted us using the link sent by DW, what options were we able to provide for your order? ^DD",Sun Nov 12 23:55:29 +0000 2017,Mon Nov 13 00:08:26 +0000 2017
423471,@169617 No thank you ..I just made a order with amazon 20 days back.my order was canceled but no refund yet. @115850  @19812  When..,423470,@215576 Thank you for sharing the details. We've received the information and we'll get back to you soon. ^AR,Tue Oct 10 10:22:06 +0000 2017,Tue Oct 10 10:57:25 +0000 2017
271570,"@AmazonHelp お仕事ご苦労さまです。
返品申し込みをさせて頂きました。
完全な誤商品というよりは商品ページの記載に問題があるのでは？という気がしておりますが、返品しますのでまあもういいかなという感じです。今日使いたかったので不信感で腹が立ってしまいました。
わざわざリプありがとうございました。",271572,@180806 この度は、ご迷惑をおかけし申し訳ございませんでした。重ねてのご案内となり恐縮ですが、ご不明な点などございましたら、カスタマーサービスまでお問い合わせくださいますよう、お願いいたします。https://t.co/bRgV1Q9gRq ET,Fri Oct 06 10:00:28 +0000 2017,Fri Oct 06 10:18:00 +0000 2017
575922,@AmazonHelp 以前１度オフにしたような気もするのですが、買い物等でよく利用していたのでうっかり設定し忘れていたのかもしれません。元々入ろうか迷っていたので、せっかくなので最大限楽しもうと思います。リプライありがとうございました。,575923,@255515 ご利用いただけるとのこと誠にありがとうございます。特典には、プライム・ビデオをはじめさまざまなサービスをご用意しておりますので、ぜひたくさんご活用くださいませ。　◆特典一覧⇒　https://t.co/a4QNwGyvvr　SM,Sun Dec 03 09:02:17 +0000 2017,Sun Dec 03 09:10:57 +0000 2017
2316987,"@115850   Taking extra delivery charge for guaranteed delivery but not deliver  product on time, worst service experience Order # 402-4592125-7729953  &amp; 402-1247383-9489136",2316986,@671779 Sorry for the delay in the delivery. Kindly drop in your details here: https://t.co/fStLAo9Tp4 and we'll work on it. Please don’t provide your order/account details as we consider them to be personal information. Our Twitter page is public. ^NS,Mon Nov 13 06:54:45 +0000 2017,Mon Nov 13 07:22:55 +0000 2017
1123332,@115850 I'm not received my order but it's show on your website that it deliver Order# 405-7714668-3126740. Orient Fan refund not came,1123333,@384921 Sorry about that. Kindly get in touch with us here: https://t.co/BgCy0QiUuj and we’ll be glad to help you. ^AG,Tue Oct 24 07:17:21 +0000 2017,Tue Oct 24 07:35:00 +0000 2017
1082359,"@AmazonHelp I'm pissed.
Also, @127390 I'M CRYING. I CAN'T BELIEVE YOUR BOOK'S BEEN OUT FOR LIKE 2 WEEKS &amp; I STILL HAVEN'T READ IT 😭💔 https://t.co/kmgjVlW6zh",1082358,"@375310 I'm sorry to see the date changed! The book is still on its way to you, if not received by Thursday, please let us know! ^AR",Mon Oct 23 19:25:04 +0000 2017,Mon Oct 23 20:19:00 +0000 2017
2761686,"@AmazonHelp I have ordered Reputation magazines vol 1 and 2 and as well as the album by Taylor Swift, and it said it will be dispatched by yesterday, but it still haven't? I'm supposed to get it by tomorrow, what happened?",2761685,"@601138 I'm sure the order will be delivered by the estimated delivery date. Incase of further query, you can connect with us here: https://t.co/vlvfJr4nN9. ^SI",Tue Nov 21 06:18:32 +0000 2017,Tue Nov 21 06:55:53 +0000 2017
1572964,"@115830 looked at item which said order within 11hrs for next day del, added item to basked 1 hr later and del is now 2 days away, why?",1572963,@344118 Hi! Here is a helpful resource that explains why the delivery estimate may change: https://t.co/cgzPY0pdgR Take care! ^DA,Sat Nov 04 13:56:16 +0000 2017,Sat Nov 04 14:07:00 +0000 2017
972851,@115821 @AmazonHelp  https://t.co/KNnqrumA0m,972850,"@350729 Please don't provide your order details, as we consider it to be personal information. 2/2 ^AP",Fri Oct 20 04:57:48 +0000 2017,Fri Oct 20 05:10:52 +0000 2017
2528249,"@115850 I can't add my mastero or rupay cards to amazon, can you help me with it?",2528246,@719851 We'll certainly help you out. Could you tell me the error that you see while adding the cards? ^AU,Thu Nov 16 05:25:39 +0000 2017,Thu Nov 16 05:36:51 +0000 2017
34500,"@AmazonHelp I am getting ""We're sorry but we encountered an error when processing your request. Please try again"" When payi with 2 dif cards",34498,@123477 Oh no! We'd like to help troubleshoot with you. Do you mind telling us which Amazon site you use? (.com/.ca/.co.uk/.de) Thanks! ^NM,Wed Nov 01 13:15:00 +0000 2017,Wed Nov 01 13:23:00 +0000 2017
2317671,"@232600 When your 1st delivery from @AmazonHelp is late then gets lost, then the 2nd delivery also fails to turn up on time - oh &amp; u pay for Prime",2317668,"@280562 Hi Dee, sorry to hear that. Please contact us here: https://t.co/JzP7hlA23B to report these delivery issues. ^JJ",Mon Nov 13 09:19:45 +0000 2017,Mon Nov 13 09:25:00 +0000 2017
1553273,@AmazonHelp Thanks,1553272,"@480565 You're welcome, Sam. If you have further questions or concerns, please be sure to let us know! We're here to help. ^TG",Mon Oct 30 14:46:27 +0000 2017,Mon Oct 30 14:52:00 +0000 2017
1112665,"@135834 @115850 It happened to me also ranjit sir..when the item is out for delivery they pit this msg usually.. amazon will deliver it, dont worry.",1112664,@382595 We're sorry for the inconvenience. Please contact our support team here: https://t.co/2t6DQoUmNZ and we'll help you. ^ZH,Sun Oct 15 09:39:26 +0000 2017,Sun Oct 15 11:07:00 +0000 2017
2930664,@AmazonHelp Variety!,2930665,"@596989 Thank you for confirming, Stacie. We'd like to take a look into this and available options with you directly. At your convenience, please get in touch with us here: https://t.co/JzP7hlA23B ^TH",Wed Nov 29 13:16:55 +0000 2017,Wed Nov 29 13:23:00 +0000 2017
1727443,"@AmazonHelp @124285 sagt ""Der Empfänger ist nicht zu ermitteln (Name nicht auf Klingel/Briefkasten)."", aber das ist Bullshit, mein Name steht da dran",1727445,"@522415 Wenn das so ist, melde dich bitte bei uns im Kundenservice, gleich über: https://t.co/ohyvGrpvrY Viele Grüße ^TR",Tue Nov 07 06:09:01 +0000 2017,Tue Nov 07 06:20:00 +0000 2017
2845478,"@AmazonHelp Pedí una Pantalla TCL, programaron la entrega para el Martes 21, luego quedaron para el jueves 23, cancelaron mi compra y han echo un relajo para poder resolver mi problema... cuanto más?",2845479,@145398 Entiendo Jero. ¿El producto era vendido por Amazon o por un vendedor tercero? ^DB,Mon Nov 27 18:11:18 +0000 2017,Mon Nov 27 18:40:54 +0000 2017
205219,@AmazonHelp two of my packages haven’t even shipped yet,205218,"@164614 Oh no! To confirm, what was the delivery estimate provided on your order confirmation e-mail for the orders? ^MB",Wed Oct 04 23:32:26 +0000 2017,Wed Oct 04 23:36:00 +0000 2017
752358,"Dear @115850, pls include the translator's name next to the author's: ""N Kalyan Raman (Translator)"". Thank you. https://t.co/QqzBhb26MQ",752357,@299815 Kindly connect with our team here: https://t.co/ZuV8lgzhfm we'll do the needful. ^SG,Wed Oct 11 14:09:50 +0000 2017,Wed Oct 11 14:26:51 +0000 2017
2434583,"@115850 This is 3rd time I have tried placing an order for a book and again the payment is not accepted😑
I would not mind if its a gift😜",2434582,@406894 Apologies that your payment wasn't successful. Have you reported this to our support team here: https://t.co/vlvfJr4nN9 ^RB,Sun Oct 29 13:51:53 +0000 2017,Sun Oct 29 14:12:54 +0000 2017
424061,"@AmazonHelp no need of all these things if i dont get my order today,i'l order same from other sites.",424063,"@202691 I get your disappointment, Tushar. We will surely help you out. Request you to fill the form which was provided earlier 1/2 ^NK",Tue Oct 10 11:52:45 +0000 2017,Tue Oct 10 12:16:45 +0000 2017
2965337,"Apparemment @120533 n'aime pas les commentaires négatifs, refus de publier mon commentaire, qui est soft en plus, il faut assumer quand on envoie un article abimé alors que le carton est intact !#lesnerfs",2965336,"@818109 Bonsoir, désolée pour cela, les commentaires doivent concerner l'article en question et son utilisation, pour les soucis de livraison notre SAV se tient à votre disposition, pour plus d'infos : https://t.co/2nMInkeYB7.
^KE",Wed Nov 29 22:10:27 +0000 2017,Wed Nov 29 22:19:33 +0000 2017
1424686,"@115833 #alexa keeps playing Tonight I’m Garth Brooks, not actual Garth Brooks when I ask for “songs by garth brooks” what do I do?",1424684,"@450985 Uh oh! Just a little off there- sorry! Let's try the steps on this page: https://t.co/gT09ME134L 
Let us know if this works! ^BL",Sat Oct 28 20:17:06 +0000 2017,Sat Oct 28 20:29:00 +0000 2017
223907,"@AmazonHelp great feck indean Festival, https://t.co/DgHnZgx5bB",223910,@169501 Pricing and offers are decision of the sellers. The constantly changing marketplace and our efforts to offer 1/2 ^PS,Thu Oct 05 08:16:54 +0000 2017,Thu Oct 05 08:40:28 +0000 2017
2667339,@AmazonHelp I have received two packages out of 3. Kindly take action against the agent whose number is mentioned on the message. Some other agent delivered instead of him.,2667338,@751423 Apologies for the trouble with the delivery agent. Could you please confirm if you've reported this to our support team in the link provided earlier?^AR,Sun Nov 19 09:32:27 +0000 2017,Sun Nov 19 09:53:53 +0000 2017
513465,"@AmazonHelp Hi, sorry I just checked my emails, I ordered it myself 😂",513467,@238169 Mystery solved! 😎 Let us know if there's anything else we can help with! ^MB,Sat Dec 02 00:20:29 +0000 2017,Sat Dec 02 00:35:55 +0000 2017
2291454,"@120533 Bonjour :) J'ai un soucis avec une commande, impossible de contacter le SAV, possible de m'aider par DM ? La bise &lt;3",2291453,"@665518 Bonjour Clémence, je vous invite à initier la conversation par DM. ^SM",Sun Nov 12 11:08:57 +0000 2017,Sun Nov 12 11:17:00 +0000 2017
2075321,"@115850 i do jio 399 pack at 16 oct by amazon pay.until I did not get cash back amount.please help 
My gmail __email__",2075322,@613754 The cashback will be credited within 7 days from the date of recharge. Request you to wait. (1/2)^SQ,Thu Oct 19 02:09:49 +0000 2017,Thu Oct 19 02:23:26 +0000 2017
877654,@AmazonHelp TYSM....!??  y couldn't u send me this link first..????  I just did to a live person now... Finally.  After two days of complaining,877656,"@328346 Apologies for this ordeal, Nisha and thank you for the heads up. Appreciate your understanding. ^HD",Fri Oct 20 19:07:27 +0000 2017,Fri Oct 20 19:33:33 +0000 2017
136975,"@AmazonHelp Thanks for wasting my time and linking me to the US support page, i'm in the UK!!",136976,@146893 Apologies you were provided the incorrect link there Adam. You can get in touch here: https://t.co/JzP7hlA23B. ^TI,Fri Nov 24 11:38:54 +0000 2017,Fri Nov 24 11:48:58 +0000 2017
62164,"Despite the massive sticker on the box that says: EXPLODES INTO FLAMES IF DAMAGED, the @115821 delivery dude still gave it a good toss. https://t.co/Y0OXVQC3wA",62163,@130237 I'm sorry your package was tossed! I'd like to report this to Amazon Logistics. Please give details: https://t.co/tDraNk7QeZ ^WJ,Wed Nov 01 21:26:50 +0000 2017,Wed Nov 01 21:38:00 +0000 2017
1477998,"@AmazonHelp Hi, I’ve got some information I wanna send who do I send it too? I think you have staff that and doing dodgy stuff",1477996,"@463193 Hello. I'm sorry for this experience. Can you tell us more without posting account, personal or order info? ^DO",Thu Nov 02 23:18:56 +0000 2017,Thu Nov 02 23:21:00 +0000 2017
179563,@128308 Does not work and you don't have customer support as well https://t.co/F3QCGd0pxG,1003664,"@357560 Sorry for the trouble, Aastha. We do have support for Fire TV Stick, please reach them here: https://t.co/KGw598bWlt ^JC",Sat Oct 14 13:00:19 +0000 2017,Sat Oct 14 13:07:30 +0000 2017
435730,@AmazonHelp What is the limit of your affirmative action? Why I am suffering? Why don't you punish Dculprit instead of making me more fool @71968,435731,@218501 I understand your concern. Our team is working on it. We'll update. ^SG,Fri Oct 13 14:04:44 +0000 2017,Fri Oct 13 14:21:32 +0000 2017
2309107,@AmazonHelp Team. It is already with SM team and CS team thru Facebook. No more forms is being filled here. Pls help resolve asap,2309104,"@669753 In that case, please respond to the email you've received from our (social media) team for further assistance. ^SU",Thu Nov 09 16:51:34 +0000 2017,Thu Nov 09 17:09:29 +0000 2017
316310,"@AmazonHelp sumthing wrong in my account, lost prime membership, no order history, cust service not taking my calls. Manisha Chandnani",316308,@191530 I'm sorry about the hassle. Please drop in your details here: https://t.co/GIJyeYqKE0. We will look into it. ^SB,Sat Oct 07 07:54:53 +0000 2017,Sat Oct 07 08:11:56 +0000 2017
1373259,"@117093 Train baggers! Casualties yesterday: bananas, apples, fresh ravioli - jammed in with 12-pk box LaCroix, other heavy cans.",1373257,"@439613 Hello! I'm really sorry that your food came that way. Please call/chat about this, we'd like to help! https://t.co/hApLpMlfHN ^RM",Sat Oct 28 00:09:41 +0000 2017,Sat Oct 28 00:18:27 +0000 2017
580675,Hey @115850 is there a way to get this retuned back? Thanks in advance 🙏 https://t.co/0zf488mMok,580674,@256800 I understand you want to return your order. You can place a return request here: https://t.co/dgreAZQ5qf. Do keep us posted. ^BV,Sun Dec 03 11:28:22 +0000 2017,Sun Dec 03 11:44:52 +0000 2017
73518,@115830 do you consider a communal area of a block of flats a safe place to leave a delivery? Especially when I am in the flat all day? Lucky my neighbours are not thieves.,73516,"@132439 I am sorry to hear this, Alan. Is this the first time this ha happened? If not have you raised this with us directly?^SM",Thu Nov 30 10:34:31 +0000 2017,Thu Nov 30 10:49:30 +0000 2017
741624,@AmazonHelp (2/2) delivery guy s contact doesn't get reach. Says number is wrong. What to do now?,741625,@297367 That's unusual. Have you reported this to our support team here: https://t.co/vlvfJr4nN9 ? ^MP,Wed Oct 11 14:23:29 +0000 2017,Wed Oct 11 14:42:25 +0000 2017
777224,"@AmazonHelp I have already did, didn't I tell you I am talking to Satish from your team. I am not getting any revert on mails",777225,@305548 Looks like we haven't received your revert. Please write back to the email send by social media team. ^SY,Tue Oct 17 05:45:54 +0000 2017,Tue Oct 17 06:51:35 +0000 2017
665179,@AmazonHelp I didn't get any link or mail from your side to reply on that. The form sent by u two days back has been successfully submitted. Have a look,665180,@278532 We have sent you a correspondence. Kindly check the correspondence here: https://t.co/8DAc10S7ww. ^VH,Sun Oct 15 04:39:12 +0000 2017,Sun Oct 15 05:46:00 +0000 2017
2488985,@115830 were is my refund for that prime account I never wanted but you still took money from 2 separate accounts for?,2488984,"@640657 Refunds can take 3-5 business days to process. Did you get an e-mail confirming that it was canceled and refunded? If not, we can look into this with you here: https://t.co/qy3J24VGxb ^AF",Sun Nov 26 19:13:35 +0000 2017,Sun Nov 26 19:15:57 +0000 2017
1912666,Grazie @120540 @AmazonHelp @14398 @34901 @117795 come farei senza di voi 🔝🤗 https://t.co/5f0JCLEJeG,1912664,@569725 Pronta per il trekking?☺️ ^CS,Wed Oct 18 14:09:12 +0000 2017,Wed Oct 18 14:21:30 +0000 2017
24999,@115821 Deducting $10.99 from my credit card every month. Tried reaching you on your toll-free number but no help.,24997,@121405 I apologize for the trouble! What options were you given when you called in and spoke with us? ^NC,Mon Oct 30 13:00:53 +0000 2017,Mon Oct 30 13:16:35 +0000 2017
2744157,@115830 not impressed with my wet book after my package was left outside today. Can I have a dry one please?! https://t.co/JIe2VjMvRB,2744155,"@268430 I'm so sorry your package was left where it could get wet! We'd love to take care of this for you, but we cannot access your account via Twitter. Could you reach out to us via phone or chat to discuss options: https://t.co/JzP7hlA23B? ^AR",Mon Nov 20 19:14:22 +0000 2017,Mon Nov 20 19:19:00 +0000 2017
2883283,"@115830 
Having now reached the date when I had to get in touch “if” my ordered item didn’t arrive.

Finding out from the carrier that you never even sent it

How can I ever trust anything you say ever again?",2883281,"@143744 Hi, sorry to hear about that. It sounds like a missort at warehouse, where the parcel is sent with another carrier than planned. Please contact Customer service for support:  https://t.co/JzP7hlA23B ^AT",Tue Nov 28 10:32:38 +0000 2017,Tue Nov 28 10:41:00 +0000 2017
1144917,Happy Diwali @115850,1144916,"@389465 To you as well, Uday. ^SK",Sun Oct 15 16:10:06 +0000 2017,Sun Oct 15 16:41:01 +0000 2017
2638489,Hi @115830 @115821 I think you need to look at your packaging! #PackagingWaste #OversizePackaging #ExcessivePackaging https://t.co/Xf1iHP1PqO,2638488,@744644 We strive to improve. Your feedback is appreciated! When you get a moment could you please provide the packaging feedback here: https://t.co/hKb0o4WOB0 ^BA,Fri Nov 17 20:36:16 +0000 2017,Fri Nov 17 20:45:26 +0000 2017
343929,"@AmazonHelp Exceptionnel, votre SAV qui s'excuse car @132988 ne répond pas vite. C'est rassurant : petit client, gros client même combat",1739891,@186759 Avez-vous eu une réponse concernant le suivi de votre colis de la part de notre SAV ? ^ARC,Tue Nov 07 16:17:22 +0000 2017,Tue Nov 07 16:21:53 +0000 2017
1161574,R u serious ?? I hv pointed an error at ur end. Instead of solving u r asking me to do dis n dat. R u govt organization? @115850 https://t.co/hqGJIvbLqK,1161573,"@391786 I did check and you do have this item at Rs 599. However, it is in a different color which is ACU. ^KS",Sun Oct 15 18:51:29 +0000 2017,Sun Oct 15 19:13:31 +0000 2017
1582609,"Amazonでスマホカバー買ったんだけど
11月10日まで届かないとか遅すぎませんかｯ？！",1582608,@487122 恐れ入りますが、ご注文いただいた商品は、注文履歴に記載のお届け予定最終日までに配達いたします。お待ちいただきますようお願いいたします。 EK,Tue Oct 17 07:27:16 +0000 2017,Tue Oct 17 07:38:31 +0000 2017
1201188,@115821  shld require item location so when order something needed quickly we dont get surprise its frm China &amp; will take weeks &amp; already pd,1201187,@309275 Hi Brandie- What was the expected delivery date? Has this been missed? ^NV,Wed Oct 25 12:54:22 +0000 2017,Wed Oct 25 12:56:13 +0000 2017
2714702,@AmazonHelp Pues en la app de Amazon video de PS4 no aparecen los juegos en vivo,2714704,@762073 ¿Durante la transmisión en vivo se muestra algún mensaje de alerta al intentar ver el juego o no aparece la opción de visualizarlo del todo? ^JQ,Mon Nov 20 04:41:18 +0000 2017,Mon Nov 20 05:08:48 +0000 2017
525615,@115821 YOUR PEOPLE KEEP DROPPING MY PACKAGES TO THE WRONG APARTMENT &amp; THE PEOPLE THAT LIVE THERE STEAL THEM!! PLUS U CHARGE $15 TO GET IT DELIVERED TO A LOCKER?? THANKS FOR RUINING CHRISTMAS!!,525614,@241602 I apologize for the trouble! I understand your frustration. We'd like to look into this further with you. We don't have access to your account via Twitter. Please reach out to us here: https://t.co/hApLpM3Ejd ^MO,Sat Dec 02 05:47:54 +0000 2017,Sat Dec 02 06:02:28 +0000 2017
989831,"@AmazonHelp Amazon is here since 2013, four long years has passed by and still waiting. I think govt. must make it mandatory to Include Kannada before permission is granted to do business here. Wake up! dears",989833,@354478 We'll work on your feedback. Appreciate your patience and understanding. Kindly stay tuned for updates.  ^AK,Sat Nov 25 11:30:35 +0000 2017,Sat Nov 25 11:53:57 +0000 2017
2881901,"@AmazonHelp Thursday, that's why I'm not happy it was down as a prime product",2881900,"@799631 I know how frustrating this can be. Prime two day shipping refers to the transit time, not from the time it was ordered. To see more info check here: https://t.co/e05JeVgjOr ^BA",Tue Nov 28 09:18:08 +0000 2017,Tue Nov 28 09:36:24 +0000 2017
1417763,@AmazonHelp その商品含む5品を1度注文後キャンセルリクエストしてキャンセルできたとメールが来てから、再度その商品含む別の5品を注文・支払い・支払い確認のメールが届いてから、その商品分のギフト券が届き、またその商品分のみの支払い番号のメールが来ているような状況です。,1417765,"@449537 ご面倒ならびにご不便をおかけしており、誠に申し訳ございません。
ご注文状況を確認のうえ対応させていただければと存じますので、こちらよりお電話かチャットにてお問い合わせください。https://t.co/s6uKY96qgF RI",Thu Nov 02 06:37:31 +0000 2017,Thu Nov 02 06:43:00 +0000 2017
1106561,@AmazonHelp Already did a chat &amp; they weren’t helpful. Figure out how to help me &amp; address this &amp; stop playing hot potato! This is terrible!,1106562,"@381154 I'm sorry we weren't able to resolve your issue, but please give us another chance to review this with you. Please reach us via phone or chat here: https://t.co/EKXRLsnxJu ^JS",Tue Nov 21 21:21:32 +0000 2017,Tue Nov 21 21:24:00 +0000 2017
1058894,@115850 Its becomming realy a frustrating experiance as you still have not delivered my product (Order-171-8465415-1613946.,1058893,"@370001 regarding this: https://t.co/ySaI87DqaT. Also, please don't provide your order details. Our Twitter page is public. 2/2 ^SK",Mon Oct 23 12:13:39 +0000 2017,Mon Oct 23 12:31:34 +0000 2017
328051,lo volviste a hacer pinche @116875 sabias que estaba esperando el precio correcto para comprar los tenis y boom,328050,"@194208 Lamento cualquier inconveniente, ¿Podrías comentarnos más sobre lo que ha ocurrido sin publicar detalles de tu cuenta? ^AZ",Sat Oct 07 17:10:51 +0000 2017,Sat Oct 07 17:15:35 +0000 2017
180346,@AmazonHelp I want the pickup to be done today I can't wait for Tom u have the invoice with u with IMEI no so show them,180345,"@158418 I understand your concern, we're right on it! Request you to kindly wait. ^AG",Tue Oct 03 11:48:39 +0000 2017,Tue Oct 03 12:06:00 +0000 2017
331288,@AmazonHelp I have lots of work to do just help me to resolve my problem,331289,"@194881 We've provided you a link earlier which has information about return shipping charges, Arijeet. Please check. ^HD",Sat Oct 07 20:56:27 +0000 2017,Sat Oct 07 21:35:36 +0000 2017
2319117,Amazonさんで届いた品物が無理くり郵便受けに押し込まれててバッキバキになってたんだけどどうしたらいいのこれ https://t.co/GcvChuGRhT,2319118,@672218 (1/2)　ご迷惑をおかけしております。商品の損傷の場合、当サイトにて交換、返品にてご対応いたします。よろしければ、こちらのヘルプページをご参照のうえお手続きください。https://t.co/l45aztW3I1 SM,Mon Nov 13 12:01:34 +0000 2017,Mon Nov 13 12:11:30 +0000 2017
218176,@115821 Why was I not made aware that I would be paying when it was released and not when I pre-order!?!,218172,@168017 Oh my! I'm sorry about the troubles w/the order! Have you checked here: https://t.co/Czolbx9vSh for Release Date Delivery? ^FR,Wed Oct 04 22:10:12 +0000 2017,Wed Oct 04 22:26:33 +0000 2017
1177160,@AmazonHelp Me pone que es gestionado por amazon pero vendido por otro,1177162,@396882 Lo sentimos mucho. Por favor entra en contacto con nuestro Servicio al Cliente por este enlace: https://t.co/KyKcfqiS0j ^JJ,Wed Oct 25 00:54:04 +0000 2017,Wed Oct 25 01:00:47 +0000 2017
746043,"@AmazonHelp I have also called to the helpline number, but they haven't sent any query/confirmation mail",746045,@298346 You can also choose  to write back to our e-mail. (2/2) ^CB,Sat Oct 14 10:40:53 +0000 2017,Sat Oct 14 10:51:00 +0000 2017
133842,"@AmazonHelp Yes I agree, products are genuine. However if a customer resends the product due to defect or not functioning well. So what should Amazon do. Shuld amzn resell the product to another customer. Or else the product should be sent to seller saying not to sell this as it is defect",133843,"@127741 I get your concern, Satish. I'd like to inform you that if a product is returned due to a defect or damage, it would automatically be returned to the seller. However as informed earlier, I've forwarded your feedback to the concerned team. ^EM",Fri Nov 24 08:59:18 +0000 2017,Fri Nov 24 09:32:25 +0000 2017
2477492,@117086 tô precisando de uma promoção de livros &lt;3,2477491,"@708136 Olá Pimenta, continue de olho no site 😊 Assim que tivermos promoções serão anunciadas lá ou nas redes sociais. ^LG",Wed Nov 15 14:23:11 +0000 2017,Wed Nov 15 14:24:42 +0000 2017
1729682,@119625 Guys Bosch Season 3? Hopefully its soon available on prime india.,1729683,@522756 We will continue to add new content. Keeping checking https://t.co/FYM9PIZOR8 (1/2)^CB,Tue Nov 07 11:09:04 +0000 2017,Tue Nov 07 11:20:00 +0000 2017
1547909,これをAmazonで買ったら2枚目の特典全部付いてくるんすか？分かる方いたら教えてくださると嬉しいです😭😭😭 https://t.co/L3eb3G0rQ2,1547908,@479224 Amazonです。スクショの商品は、出品者の販売、発送商品のため、出品者にご質問いただければと存じます→https://t.co/O5OqMHV92o SK,Sat Nov 04 07:57:03 +0000 2017,Sat Nov 04 08:05:26 +0000 2017
1630999,@115821 @115850 @AmazonHelp I have just received the worst customer service form @AmazonHelp in the most policy driven non human way.,1630996,@499175 Certainly not what we expect to happen. Kindly let us know what went wrong. We would like to help you. ^CB,Tue Oct 17 12:33:34 +0000 2017,Tue Oct 17 12:42:31 +0000 2017
499932,"@AmazonHelp Para futuras compras, no podeis dar a elegir la compañia de reparto? Por que ests no es la primera vez que tengo problemas de este tipo con Correos Express, y por lo que veo no soy la una, son unos irresponsables.",499934,"@234411 ¡Hola, Niika! Lamentamos el atraso de tu pedido, ¿el producto es vendido y enviado por Amazon o por un vendedor externo que utiliza nuestra plataforma? ^LC",Fri Dec 01 20:16:36 +0000 2017,Fri Dec 01 20:19:00 +0000 2017
1568887,@115850 order #407-7135910-0116351 whats the use of gurrented delivery date .i want call from amazon .,1568886,"@413682 Please don't provide your order details, we consider it to be personal information. Our page is visible to the public. 2/2 ^AH",Tue Oct 17 05:06:41 +0000 2017,Tue Oct 17 05:47:00 +0000 2017
1059607,Look what @115830 just delivered #HarryPotter #AHistoryofMagic &amp; #TheBookofDust @188343 this should keep me quite for a bit https://t.co/KfqDoyrsDe,1059605,@370186 Happy reading. Great selection you got there. What are you gonna start with? ^MC,Mon Oct 23 12:49:19 +0000 2017,Mon Oct 23 12:52:26 +0000 2017
593479,Please have a thorough look on the trail tweets. Its very upsetting. Its gonna be a nightmare experience with @115850 https://t.co/NEzMxKAuJo,593478,"@260518 Please don't provide your contact details, we consider it to be personal information. Our page is visible to the public. (2/2) ^MO",Sun Dec 03 17:34:21 +0000 2017,Sun Dec 03 17:47:05 +0000 2017
1857751,@AmazonHelp 気付かぬうちに自分で無料体験を申し込んでいたようです！！有料会員にはなろうと決めていたので、手間がはぶけました！！ご説明ありがとうございます！今後ともよろしくおねがいします！！！,1857753,@555533 リプライありがとうございます。意図しない形でのご登録となったところ誠に恐縮ですが、Amazonプライムでは様々な特典をご用意しておりますので、ぜひご活用いただければと存じます。https://t.co/qjaFIyMkEk TN,Mon Oct 30 09:16:27 +0000 2017,Mon Oct 30 09:25:28 +0000 2017
2447411,"@AmazonHelp USPS. It's not just ""frustrating,"" it's a failure of my prime membership.",2447413,"@701567 Sorry for any upset caused, unexpected delays can happen, we would expect your order with you sooner, the latest we would ask you to wait is the 16th of Nov. ^NV",Wed Nov 15 13:48:33 +0000 2017,Wed Nov 15 13:51:36 +0000 2017
230948,なんでーーーあまぞんぬちゃんなんでーーーー なんで昨日注文した商品の配達予定が17日から31日なのなんでなんでーーーーーーー,230947,@170992 アマゾンです。お届け予定日は商品の発送元や、在庫状況、お支払方法など様々な情報を元に計算されております。https://t.co/qwo84RClom ET,Thu Oct 05 09:42:59 +0000 2017,Thu Oct 05 09:59:27 +0000 2017
2539594,"@115821 why am I paying for 2 day shipping if it’s guaranteed to take 4 days to get here?! Wtf, prime is turning into@a waste of money.  😤",2539592,"@722217 Hey, without giving any personal info, can you let us know what happened? ^MA",Thu Nov 16 10:30:52 +0000 2017,Thu Nov 16 10:37:02 +0000 2017
1562897,@115830 4 orders! all prime! all delayed! ordered separately over the period of a week not all at the same time,1562894,@165089 Sorry to hear. Are you still waiting for them? Was a reason given for the delay? ^PK,Sat Nov 04 09:54:15 +0000 2017,Sat Nov 04 10:21:29 +0000 2017
771367,@AmazonHelp Didn't work,771369,"@304226 Please try submitting your info to the link provided, from a non-mobile browser.  ^AG",Thu Oct 12 03:32:09 +0000 2017,Thu Oct 12 03:38:26 +0000 2017
2670736,"@115850  Is it true and official offered by Amazon India??????

 ""Congratz! Rs.5000 has been credited to your Amazon Pay Balance wallet. Valid till Midnight 11: 59 PM."" https://t.co/lsEzwgbTe5",2670735,"@752093 The message you received wasn't from Amazon.in. We recommend that you delete the e-mail/ do not respond. For your protection, do not respond to it, and do not open any attachments or click any links it contains. ^AR",Sun Nov 19 12:12:29 +0000 2017,Sun Nov 19 12:18:00 +0000 2017
1184720,@115850 Tracking #: 118108442803.The product is scheduled to be delivered tomorrow.By any chance can it be delivered today? Humble request,1184719,"@326548 able to promise an early delivery. Please don't provide your order details, (2/3)^AU",Tue Nov 07 07:13:54 +0000 2017,Tue Nov 07 07:21:02 +0000 2017
121133,Dear @AmazonHelp got home after night out to find this on my door step. This is not a safe place and is in full view of the pavement and public road. Not a happy prime customer 😞😡🤬 https://t.co/2ChmgkehoP,121131,"@142963 I'm sorry the order was left out! Just to make sure, are your unattended delivery preferences set up: https://t.co/bPcV0FjXrP? ^EP",Thu Nov 23 23:12:03 +0000 2017,Thu Nov 23 23:21:00 +0000 2017
386149,"@AmazonHelp Ciao potete controllare il costo di questo articolo? Nella ricerca appare a 16,99 https://t.co/w7qqRCJ9BM",386150,@207422 (2/2) Ho segnalato l'anomalia nella pagina del prodotto al nostro team apposito. Grazie mille! ^MP,Mon Oct 09 12:32:09 +0000 2017,Mon Oct 09 13:00:33 +0000 2017
1760412,"@115851 I need serious assistance have a major problem and 28 emails later and  support still can't understand what I am saying, and I was even told by one sorry can't assist you. What's the purpose of support if they can't give support!",1760408,"@529836 I'm sorry for the poor experience! Without providing account or personal info, can you tell us what the issue is? ^AR",Tue Nov 07 22:24:26 +0000 2017,Tue Nov 07 23:30:05 +0000 2017
1209443,This amazon associate just cursed on the phone with me. Her name is Niki @115821,1209442,@403919 Hi. Can you fill in this form: https://t.co/R55eEQwSEs. We'd like a specialist to contact you. ^MC,Wed Oct 25 11:06:03 +0000 2017,Wed Oct 25 11:14:04 +0000 2017
539702,@AmazonHelp I sent a DM on Monday at 12.51 and didn’t have any response or acknowledgement that my message had even been received or actioned,539704,"@245175 Hi Adam, we replied to your DM with a link. Were you able to contact us using that link so we could look into your order for you?^PJ",Sat Dec 02 15:19:47 +0000 2017,Sat Dec 02 15:23:34 +0000 2017
2364702,@115821 I ordered a bow tie &amp; suspenders last week &amp; only the suspenders were in the package?,2364701,@682708 I'm sorry to hear this. Does it show that the tie and suspenders were both shipped in the same package: https://t.co/Y5jpI9gRhE? ^LI,Mon Nov 13 22:07:35 +0000 2017,Mon Nov 13 22:15:30 +0000 2017
1079412,"@AmazonHelp It is amazon fulfilled product, seller-cloudtail India and my one of the product  also dispatched https://t.co/sEbLcjLQkp",1079410,@374610 I understand your concern. The order may get canceled due to pricing error. We have forwarded this internally for a review.^SQ,Sun Oct 15 01:08:35 +0000 2017,Sun Oct 15 01:38:00 +0000 2017
872631,Quelqu'un sait les démarches à suivre auprès de @120533 en cas de colis jamais reçu malgré le mail qui me dit que je devrais l'avoir ?,872630,"@327172 Bonsoir, je suis désolée d'apprendre cela.
Veuillez signaler le problème à notre SAV via ce lien:  https://t.co/hgIrz98cdI ^BR",Fri Oct 20 19:43:39 +0000 2017,Fri Oct 20 19:51:32 +0000 2017
280974,@115850 @AmazonHelp placed an order on 29th Aug .delivery date on 18th sept. Not received till date.tried calling but not getting through,280975,@182949 Sorry for the trouble with the delivery of your order. Let us look into it. Please share (1/2)^HR,Fri Oct 06 10:26:29 +0000 2017,Fri Oct 06 10:51:00 +0000 2017
363319,"@1840 @115851 @115850 
Cheating and mental harasment by AMZ team for money. Hope you will take action and resolve my issue
@118341",363317,@202081 I'm sorry to hear this. Could you please elaborate on your concern? ^VN,Sun Oct 08 14:35:55 +0000 2017,Sun Oct 08 18:55:30 +0000 2017
1258634,@AmazonHelp Are you really asking if I checked the tracking information?? 😂 yes the tracking info says that my package is delivered and ready for pickup,1258633,@414911 Please reach us here: https://t.co/hApLpMlfHN so we can look into this with you in real-time. ^EZ,Mon Oct 16 03:33:46 +0000 2017,Mon Oct 16 03:38:23 +0000 2017
1738561,@115850 I will sue you in the court .. what a disgusting and unprofessional behaviour,1738560,@327440 We've responded to your query here: https://t.co/vTHtHPFQFx. ^HA,Tue Oct 17 19:41:49 +0000 2017,Tue Oct 17 19:51:37 +0000 2017
269852,@AmazonHelp Canada Post,269854,"@180364 If we missed the delivery date provided in our order confirmation e-mail, please let us know here: https://t.co/Q7Ftz6nj80 ^WT",Fri Oct 06 01:37:04 +0000 2017,Fri Oct 06 01:44:00 +0000 2017
2665232,@AmazonHelp Je n'ai jamais reçu un colis que j'ai commandé sur Amazon. La livraison aurait du être faite il y a 22 jours maintenant.,2665234,"@750927 Je suis désolé pour cela, l'article est vendu par Amazo ou un vendeur tiers sur le site? Que dit le suivi de votre colis?",Tue Oct 31 09:16:24 +0000 2017,Tue Oct 31 09:18:53 +0000 2017
1606292,Real Cheaters @115850 you caint solve any query just give real bullshit and hide the post that the only thing you guys know.,1606293,"@488800 I am sorry that you feel this way, Tina. We've emailed a correspondence to you. Kindly check it (1/2)^SF",Tue Oct 17 10:17:21 +0000 2017,Tue Oct 17 10:41:00 +0000 2017
1381138,"@AmazonHelp You used to tell people to be a month, but you guys are not helping me, I have eaten my money.",1381139,@170829 We've responded to your query here: https://t.co/S79wZcKv5P. Kindly check. ^PS,Sat Oct 28 06:58:54 +0000 2017,Sat Oct 28 07:23:26 +0000 2017
2882690,"@115850 

only 15 Digits are there inside the wrapper.
forgot to print ?? https://t.co/4davyo911q",2882689,@799776 Apologies for receiving an invalid voucher code. We would like to take a closer look into this. Please share your details here: - https://t.co/beaaDm0muc and we'll get this fixed. ^SC,Tue Nov 28 09:22:42 +0000 2017,Tue Nov 28 09:50:30 +0000 2017
505882,"@AmazonHelp why does every item say it'll arrive next Friday, even shipping from Amazon, when I have Prime? Are these errors?",505880,@236041 I'm sorry for the wait! Some items may take time to prepare for shipment. More info on how shipping times are calculated can be found here: https://t.co/rYRMpSZqYp ^EP,Fri Dec 01 21:07:38 +0000 2017,Fri Dec 01 21:13:00 +0000 2017
909864,"Amazonで詐欺に引っ掛かってしまった。
チェシャネコペンケースのお金払ってから、出品者の都合でキャンセルされ、ギフト券で返金ってよ。
そして、注文履歴にないんだよ。
現金で返金してもらえねーじゃん。現金でギフト券買った感じになるじゃん。いらないよ。現金で返金してくれ。",909863,@336116 代金引換またはコンビニ払いをご利用の場合、Amazonギフト券でのご返金となりますが、銀行振込での返金も可能です。ご希望の場合はお手数ですがカスタマーサービスへお電話にてお問い合わせください。　https://t.co/J6YEizo6qC  SM,Sat Oct 21 05:42:07 +0000 2017,Sat Oct 21 06:00:30 +0000 2017
1325566,@116316 gibt es bei euch Lieferschwierigkeiten? Meine per Premiumversand bestellte Ware ist noch nicht angekommen,1325564,@429305 Was wurde dir denn für ein Lieferdatum in der Bestellbestätigung genannt? ^MS,Fri Oct 27 11:18:00 +0000 2017,Fri Oct 27 11:23:08 +0000 2017
1353549,"@AmazonHelp No, because the only option given from my account is to ""contact the vendor"".",1353551,@435666 I see... When did you send them an e-mail? Sellers have two business days to respond. ^BL,Fri Oct 27 18:47:53 +0000 2017,Fri Oct 27 18:54:00 +0000 2017
1661804,Dear @115821 why do I have to sign up for an affiliates account for so many countries just to use #onelink?!?! If @4263 can turn one...,1661803,"@506823 Hi, please get in touch via your account &amp; we'll be happy to help with your queries. ^TS",Mon Nov 06 09:03:31 +0000 2017,Mon Nov 06 09:10:28 +0000 2017
2226378,@AmazonHelp 無視をしても大丈夫なんですね。教えていただきありがとうございます。助かりました。,2226377,@649909 はい、当サイトからのご案内ではございませんので、破棄していただければと存じます。どうぞよろしくお願いいたします。HM,Fri Nov 10 10:36:36 +0000 2017,Fri Nov 10 10:40:00 +0000 2017
836518,@AmazonHelp my order no 521656990106 still not coming I have booked after one week pl check,836519,@319049 We've responded to your query here: https://t.co/42xXq6MUJk. Kindly check. 1/2 ^PS,Fri Oct 13 09:04:51 +0000 2017,Fri Oct 13 09:15:00 +0000 2017
127417,meu carrinho já deu 180 reais na @117086 necessito de + dinheiro,127416,"@144611 Matheus™, fico muito feliz em saber que você está conseguindo aproveitar. Assim que receber o pedido, envia uma foto para a gente. Pode ser? ^VM",Fri Nov 24 04:05:06 +0000 2017,Fri Nov 24 04:10:00 +0000 2017
2318972,"@AmazonHelp Dear Sir l have ordered my NOKIA model number 130 DS (Black) mobile with amazon  order no 403-9527897-0448309, dated 27.10.2017. I have received the phone on 07.11.2017",2318973,"@281472 That's strange! Did you report this to our support team here: https://t.co/vlvfJr4nN9 ?
Also, please don't provide your order details, we consider it to be personal information. Our page is visible to the public. ^SY",Mon Nov 13 11:34:40 +0000 2017,Mon Nov 13 12:09:26 +0000 2017
2142190,@AmazonHelp It says Amazon Digital Svc and £3.99,2142192,@629864 You can check your subscriptions here https://t.co/gv94oGyR4W ^KM,Thu Oct 19 09:54:50 +0000 2017,Thu Oct 19 10:13:38 +0000 2017
2526252,"@115850 does not have provision to enter #GSTN  if i buy a product for my business &amp; take credit of same. I surmise that they may not be paying taxes.
@115821",2526251,"@719315 If you're a business and purchasing business supplies from Amazon.in, then we recommend you to register your business on our Amazonbusiness program by clicking on the following link: https://t.co/pwZl0zKvjy. ^VM",Thu Nov 16 03:46:06 +0000 2017,Thu Nov 16 03:55:00 +0000 2017
760402,は？Amazonで配達できなかったから返金しますって商品届いたんだけど？他のとこで買っちゃったし困るが,760401,@301688 ご迷惑をおかけしております。ご投稿の問題につきましては、カスタマーサービスにて詳細を確認のうえご案内させていただきます。お手数をおかけいたしますが、よろしければ、以下リンクよりお問い合わせください。https://t.co/J6YEizo6qC　SM,Sat Oct 07 10:52:05 +0000 2017,Sat Oct 07 10:59:00 +0000 2017
2487086,@AmazonHelp I managed to resolve my problem. I had to try a few times then it went through. Sorry for your time.,2487087,@__Go0N__ Thanks for keeping us posted! Don't hesitate to let us know if you need anything else. ^EP,Wed Nov 15 17:37:11 +0000 2017,Wed Nov 15 17:46:10 +0000 2017
1168769,@115821 delivery svcs. How is it possible to have your package out for delivery to being lost in transit. Sounds to me the driver took it🙄,1168767,@394918 I'm sorry your order was lost in transit. Can you tell us who the carrier was for your package: https://t.co/Y5jpI9gRhE? ^VS,Tue Oct 24 19:07:39 +0000 2017,Tue Oct 24 19:10:34 +0000 2017
1631234,@AmazonHelp Despatched today delivered Tomorow,1631236,"@499235 Not all items have release day delivery: https://t.co/9X6mIbvvbq If it doesn't arrive tomorrow, visit: https://t.co/qy3J24VGxb ^AF",Tue Oct 17 14:45:48 +0000 2017,Tue Oct 17 14:57:00 +0000 2017
1689460,@117795 Paid to watch show now streaming and streaming and streaming Want my money back!,1689458,@512960 I'm sorry for the streaming issues! Please give us a call here: https://t.co/hApLpMlfHN so we can look into this with you! ^TR,Tue Oct 17 16:45:01 +0000 2017,Tue Oct 17 16:53:01 +0000 2017
1993327,@117795 hi my orders keep cancelling by themselves and I’m not being alerted. Why is this?!,1993326,@589912 That's strange! Have you tried reaching out to us via the Prime Now app so we could check together in real-time? ^FD,Wed Oct 18 19:09:26 +0000 2017,Wed Oct 18 19:19:32 +0000 2017
2679243,"@115850 
Please find both the screenshot . the payment has been debited from my account.
https://t.co/EysNj4C3IV
https://t.co/7hmjxlyEun",2679242,@216561 our support team here: https://t.co/vlvfJr4nN9 and we'll be glad to help. 2/2 ^SK,Tue Oct 31 14:36:32 +0000 2017,Tue Oct 31 15:08:00 +0000 2017
424274,@AmazonHelp Yes I have reported the same yesterday. I was assured delivery today before 12pm. Worst is there is no direct contact number of this courier,424275,@215988 Apologies. Please share your details here: https://t.co/beaaDm0muc. I'll look into it right away for you. ^ST,Tue Oct 10 11:47:22 +0000 2017,Tue Oct 10 12:15:26 +0000 2017
2762043,3 @106239 mats down and they all have lost their stick. I am starting to think they are not genuine mats as I bought them on @115821... Still annoying to run into this problem at 12:00am on a Tuesday.,2762041,"@371295 Hey, I'm sorry to hear about the issues with the mats. You can organise a return using our Online Returns Center: http:https://t.co/DLe9KUYAqA. ^PJ",Tue Nov 21 07:14:56 +0000 2017,Tue Nov 21 07:21:57 +0000 2017
2302625,@115850 amazon has descended to the depths of its scam-rife,2302623,"@634236 My apologies, Jay. However, I was unable to comprehend your query. Could you please elaborate so that we can assist you better with this? ^KS",Sun Nov 12 18:40:13 +0000 2017,Sun Nov 12 18:43:29 +0000 2017
2236365,@AmazonHelp Yes it still says dispatching soon. Arriving before 8pm but that's not happening is it?,2236364,@652193 We can take a closer look at the details if you would like to contact us. Just click the link here and follow the prompts:  https://t.co/JzP7hlA23B ^EM,Fri Nov 10 18:40:04 +0000 2017,Fri Nov 10 18:45:27 +0000 2017
2889368,"@AmazonHelp Oi Amazon, só pra elogiar o trabalho dos atendentes de vocês. Amo vocês. ♥️",2889367,"@801100 Ownt, Lucas! Amamos você também! ❤ ^DA",Tue Nov 28 13:42:15 +0000 2017,Tue Nov 28 13:44:55 +0000 2017
1668308,@AmazonHelp I have checked with the bank. I have called them numerous times and they said no refund,1668309,@508078 Try looking to make sure that the card your payment was on is current and active on your account. Let us know! ^EM,Mon Nov 06 13:33:22 +0000 2017,Mon Nov 06 13:42:29 +0000 2017
2321052,amazonで注文したらいつ支払いすればいいの？？📨🌊,2321054,@672638 (1/2)コンビニ払いをご利用でしょうか？ https://t.co/st4oU5QbhPが発送する商品の場合、お支払い番号は商品が出荷準備に入りしだい発行されます。出荷準備が開始されていない場合は、今しばらくお待ちください。 YM,Thu Oct 19 14:19:46 +0000 2017,Thu Oct 19 23:57:00 +0000 2017
140004,"@115850  please train delivery people well. This week is the most frustrated week. I am sry to say this, i faced a such a worst service. Never expected from such a great service provider like you.",140002,@147584 I apologize for the unpleasant experience you had with delivery of your order Rajesh. We certainly did not expect this to happen. I have forwarded your feedback internally to work on. ^VH,Fri Nov 24 10:56:58 +0000 2017,Fri Nov 24 11:28:33 +0000 2017
1069897,"@AmazonHelp Each of my last 7 Prime order have been delayed by at least 2 additional days, and any compensation I've been offered has been revoked.",1069899,@372456 I'm sorry they have been late. Can you explain further what you mean by revoked? What compensation were you provided? ^AF,Sat Oct 14 23:23:08 +0000 2017,Sat Oct 14 23:35:27 +0000 2017
1933027,Continued shockingly awful service from @115821. Account still on hold for over 2 weeks. No one able to actually help @AmazonHelp shameful,1933026,@420470 I'm sorry for the trouble! Have you checked your spam/junk folders for an email from our Account Specialists? ^QJ,Tue Oct 31 22:06:35 +0000 2017,Wed Nov 01 01:06:32 +0000 2017
1139756,@AmazonHelp Haven't got any mail,1139759,"@388292 We have sent you an email correspondence, you can check your inbox here: https://t.co/DTSNmGldJf 1/2 ^OS",Tue Oct 24 14:15:33 +0000 2017,Tue Oct 24 14:37:33 +0000 2017
1684590,"@115821 #amzl_us isn't cutting it - 1st package left in public entrance got stolen, said *not* to leave it there but it was again and stolen",1684589,"@511931 I'm so sorry for the poor experience, Bo. A specialist would like to further review with you here: https://t.co/XO3x8hhGFE ^FD",Mon Nov 06 17:01:15 +0000 2017,Mon Nov 06 17:04:00 +0000 2017
1636663,@115821 wheres my package? it was supposed to come today with prime. it’s 4:30 pm today and its still not here.,1636661,"@371220 Deliveries can be made until 8pm, please let us know if not received by then. ^BV",Sun Nov 05 21:31:46 +0000 2017,Sun Nov 05 21:35:27 +0000 2017
449924,@115830 I'm still waiting of two deliveries today and I'm not convinced they are going to turn up. I am paying for Amazon prime and just not seeing any benefits as sadly this has happened on a few occasions now,449922,"@221640 I'm terribly sorry for the inconvenience, Kirsty! What is the current tracking status showing for your orders here: https://t.co/aaDyEz1VgE ^LA",Thu Nov 30 21:24:48 +0000 2017,Thu Nov 30 21:26:32 +0000 2017
2153025,Amazonてどんな場合に返品可能なのでしょうか。,2153024,"@632647 こんにちは、Amazon公式です。
当サイトの返品条件については、こちらのヘルプページをご参照いただければと思います。https://t.co/VJ6m65Be7y 内容でご不明点があれば、お知らせください。 RI",Sun Oct 29 03:51:19 +0000 2017,Sun Oct 29 04:07:29 +0000 2017
866042,@AmazonHelp @115851 @127586 @132458 @131283 @26653 When will you guys give me my refund?,866043,"@325140 You must have received a correspondence to your registered email address, request you to check the same. ^SH",Sat Oct 21 10:04:48 +0000 2017,Sat Oct 21 10:15:03 +0000 2017
144188,"Ich freue mich ja immer über sowas @116316, aber ich habe schon Prime. 🤔 (Vielleicht solltet ihr das nächste mal darauf achten, an welche Menschen ihr eure Briefe schickt. 😅) https://t.co/wfHhLNkwcq",144187,@148595 Gut zu wissen. Wir vermerken das. :) ^TA,Fri Nov 24 13:21:44 +0000 2017,Fri Nov 24 13:24:28 +0000 2017
755734,@115850 Order 406-7588602-6648341was delivered on 7oct17 &amp; the installation is still pending. LG cust. care says no request from amazon.,755735,@300633 Sorry about the delay in installation. Please report this to our support team here: https://t.co/TdDksLo6Mf. ^HD,Wed Oct 11 18:08:32 +0000 2017,Wed Oct 11 18:19:03 +0000 2017
1411679,hey @AmazonHelp is it possible to use alexa to call or message someone from the Amazon Fire HD 10 tablet?,1411678,"@448101 Good question, Alice! You can find what you can do with Alexa on the Fire HD 10 Tablet here: https://t.co/6JZs3QChTP ^AD",Sat Oct 28 19:27:28 +0000 2017,Sat Oct 28 19:32:00 +0000 2017
868586,@115850 Still there is no update on my order. I want to claim whole money which i had paid.,868585,@326239 I'm sorry about the delay. Kindly submit your details by clicking on the link mentioned above and we'll contact you soon. ^GD,Fri Oct 20 18:05:33 +0000 2017,Fri Oct 20 18:29:29 +0000 2017
171055,@AmazonHelp doch schon aber es dauert noch so lange :(,171057,"@155899 Aber der Hoodie ist das Warten doch bestimmt wert, oder? ;) Gruß ^TA",Mon Nov 27 16:59:55 +0000 2017,Mon Nov 27 17:07:35 +0000 2017
2972846,"“You’re package will be there by 8:00 today” 
8:27 and still haven’t gotten even a notification @115821",2972845,@819927 That is strange. Can you please verify for us who the carrier is? We want to help! ^BA,Thu Nov 30 01:32:15 +0000 2017,Thu Nov 30 01:34:53 +0000 2017
179685,@116928 Me quejo porque hacéis lo que os da la gana con mi cuenta y que me contestáis que tengo otra. Primero verificad #epicfail,179683,"@158316 Hola Rita, ¿podrías comentarnos más sobre lo que ha ocurrido sin publicar detalles de tu cuenta? ^DA",Wed Oct 04 11:07:53 +0000 2017,Wed Oct 04 11:15:54 +0000 2017
778897,Whhhhhyyyyyyyy I got get like that at this time of the night though!!!! @AmazonHelp #problemNOWsolved #interruptedQueenSugar,778895,"@306016 I'm sorry for the trouble! Without personal info, can you tell us more? Do you have an order that hasn't arrived? ^JN",Thu Oct 12 04:42:44 +0000 2017,Thu Oct 12 04:58:25 +0000 2017
105209,"@139236 @116316 @115825 Das „Lustige“ ist ja, dass meine Frau drauf registriert ist. Da könnte aber auch der Papst eingeloggt sein. Ich bin Käufer und habe einen gültigen Vertrag mit Amazon geschlossen. Die wollen mit mir als Vertragspartner nicht auf Fehlersuche für den Defekt gehen.",105208,"@139235 Hierzu ist es erforderlich, dass deine Frau, auf die der Fire TV Stick registriert ist, sich bei den Kollegen im Kundenservice meldet: https://t.co/UecrMDgcTC ^BL",Thu Nov 30 18:21:54 +0000 2017,Thu Nov 30 18:27:00 +0000 2017
2903574,"@115830 You seriously need to rethink using Hermes to send big expensive items - they left my 43"" TV OUTSIDE in a cupboard which ended up with it getting smashed. #NotAHappyCustomer https://t.co/RxluLe84Vs",2903573,@804146 Oh no! I'm so sorry to see your TV was delivered like this! We'd like to submit delivery feedback and see what options are available for your order. Please call or chat with us here: https://t.co/nTTqqixu0h ^MB,Tue Nov 28 18:58:04 +0000 2017,Tue Nov 28 19:04:00 +0000 2017
180108,@AmazonHelp Yes I have an order number in an email,180107,@158386 When did you place your order? ^RL,Wed Oct 04 10:09:14 +0000 2017,Wed Oct 04 10:18:55 +0000 2017
2282876,"When you order glass screen protectors from amazon and they send you an empty package, I mean I guess I can use the plastic bubble wrap. Thanks amazon",2282875,@663496 Oh no! We'd like to look into available options with you! Please reach us by phone or chat here: https://t.co/hApLpMlfHN ^KJ,Sat Nov 11 19:00:42 +0000 2017,Sat Nov 11 21:53:35 +0000 2017
673135,"@AmazonHelp Yea I made contact from the order I had the issue with on Tuesday night, nothing in junk/spam",673137,"@280563 Hey Nicola, without giving any account info would you like to share your concerns with us here? If you wish to email us please use this link: https://t.co/JzP7hlA23B ^MA",Thu Nov 23 09:54:12 +0000 2017,Thu Nov 23 10:01:30 +0000 2017
607261,@AmazonHelp Hola! Gracias por responder. Los folios parece que están bien pero los 5 paquetes han venido abiertos. No se ha salvado ni uno.,607264,@264314 Entiendo ¿nos podrías informar si el producto es vendido y distribuido por Amazon o por uno de nuestros vendedores externos? ^KA,Wed Nov 22 11:57:28 +0000 2017,Wed Nov 22 12:10:00 +0000 2017
349967,@AmazonHelp Still waiting !!!,349970,"@199269 If you have shared the details from the link here, you should have received the correspondence. (1/2)^HR",Sun Oct 08 09:26:51 +0000 2017,Sun Oct 08 11:33:29 +0000 2017
1678266,"@AmazonHelp Lorsque j'achète un objet sur Amazon jespere le recevoir en état. Et voilà dans quel ""état"" il est arrivé... https://t.co/fnBsi8GawB",1678264,"@510450 Bonsoir, je suis désolée pour cela!
L'avez-vous signalé à notre SAV?^FT",Tue Oct 17 16:28:30 +0000 2017,Tue Oct 17 16:35:43 +0000 2017
534130,@AmazonHelp already have. This is a SITE issue.. not an account issue.,534132,@243710 What were you advised when you spoke to us directly? Have you tried placing the order using a different device or using the full site?^BZ,Sat Dec 02 12:11:47 +0000 2017,Sat Dec 02 12:19:00 +0000 2017
588724,@115850 @AmazonHelp #amazonrechargesquiz #amazon is fake. You bloody fu*kers why u don't announce the result of #amazonrechargesquiz . Amazon is the lier . Amazon make people fool,588723,@145227 All the contests held on our website are genuine. Our team is working on the results of the contest. Kindly stay tuned. ^RI,Sun Dec 03 15:51:39 +0000 2017,Sun Dec 03 16:18:00 +0000 2017
526204,@115821 So why are we not allowed full access to ebooks we purchased (not rented)? Your kindle app is a nightmare. Tell me why I can't just use Acrobat?,526203,@241750 I'm sorry for any frustration! This is explained in the Kindle Store Terms of Use here: https://t.co/c3dMhI5RFa ^MV,Sat Dec 02 06:16:36 +0000 2017,Sat Dec 02 06:30:00 +0000 2017
1953345,@AmazonHelp yes with the airy fairy it will be delivered later than expected  and no indication when...,1953347,@579935 Got it! What does the latest tracking show for your delivery here? https://t.co/aaDyEz1VgE ^TK,Thu Nov 16 12:38:16 +0000 2017,Thu Nov 16 13:04:56 +0000 2017
971071,"@115850 
U guys are doing well wd ur diplomatic offers and now with your delivery also... N number of issues &amp; it customer service sucks https://t.co/GqdQhr9mbp",971072,@350400 Sorry for the inconvenience. Could you confirm if we happened to miss the estimated delivery date? ^KA,Sun Oct 22 07:29:20 +0000 2017,Sun Oct 22 07:50:26 +0000 2017
798819,@115821 y such a big ass box for such a little product #wastedspace https://t.co/kPntMIZCcB,798818,"@310421 Oh no! I understand the disappointment, Kimberly! Please tell us more here: https://t.co/Qo4qFitJAr. We want to help! ^SD",Thu Oct 12 15:06:07 +0000 2017,Thu Oct 12 15:15:40 +0000 2017
227399,@AmazonHelp Seems to be status quo. No response and surprised at the response from Abhishek of your team,227403,"@170235 the link provided by ""OS"" and we'll reach out to you. (2/2) ^GK",Sat Oct 07 04:21:53 +0000 2017,Sat Oct 07 05:27:59 +0000 2017
1732095,@115830 err...what’s going on? Still waiting on this one. https://t.co/1E5fNdGn09,1732093,@523258 It isn't uncommon for packages to ship and arrive within the same day. Please keep us posted! ^MW,Tue Nov 07 12:27:53 +0000 2017,Tue Nov 07 12:41:57 +0000 2017
63994,@AmazonHelp @115850 I gave the 48 hours you guys asked. Money is still not reflecting in my account. Is has been more than 2 weeks now. WHERE IS MY MONEY? GIVE MY MY MONEY. #AmazonFails @115851 #AmazonFraud #AmazonPay #AmazonPayQuiz,63990,"@130696 Apologies for the delay with the addition of Pay Balance, Ritesh. I checked your details but I'm unable to find the form shared by you. In that case, kindly refill your details which was provided here: https://t.co/5KshMDoJNq and we'll get this sorted for you. ^PB",Thu Nov 30 06:01:34 +0000 2017,Thu Nov 30 06:24:50 +0000 2017
2388020,Amazon  music unlimited、めちゃいい。欅も乃木もベボベもXTCも明菜もYMOもジーメリも聴けて最高（アーティストのチョイスのクセ）,2388019,"@688093 |´-`)ﾁﾗｯ　music unlimitedのご利用、誠にありがとうございます🙇‍♀️
お好きな音楽を思う存分お楽しみいただければ幸いです(*ˊᗜˋ*) HM",Tue Nov 14 07:45:33 +0000 2017,Tue Nov 14 07:52:33 +0000 2017
2443976,"@AmazonHelp aduahsha
The Book of Dust e três queridinhos do Roald Dahl! :3",2443978,"@520965 Opa, que livros legais! 😍 Espero que você curta muito da leitura deles. Abraço! 📚✨ ^CR",Sun Nov 26 21:03:23 +0000 2017,Sun Nov 26 21:08:27 +0000 2017
1153687,@AmazonHelp If you prefer ordered the album you get a presale link emailed to you. Presale starts 9am tomorrow and no email yet #worried,1153689,@391440 Thank you for the information! Can you link us to the album so we may see the pre-sale information? ^AL,Tue Oct 24 17:44:42 +0000 2017,Tue Oct 24 17:48:00 +0000 2017
25855,@AmazonHelp What is this ? Two days in a row it has gone to wrong courier facility ? No follow ups from amazon !! https://t.co/ixGAtTiBR0,25857,"@121649 Sorry about that. I’d like to help you, please fill this form: https://t.co/beaaDm0muc and I’ll contact you soon. ^SY",Thu Nov 02 07:37:47 +0000 2017,Thu Nov 02 07:45:32 +0000 2017
1103664,"@115850 Dear Amazon team, I placed order from your portal twice for the same product first on 29'sep then 6'oct still waiting for delivery",1103663,@306776 We've responded to you via DM. Kindly refer to the same. ^ST,Sun Oct 15 06:11:54 +0000 2017,Sun Oct 15 08:03:34 +0000 2017
2543877,amazon musicにpersona5のサントラ配信されている。プライム会員なら聴き放題じゃあ,2543876,@723156 ご利用ありがとうございます🙇　ごゆっくりお楽しみくださいませΣd(*`･∀･´*)　SM,Thu Nov 16 13:16:41 +0000 2017,Thu Nov 16 13:38:00 +0000 2017
1290992,@115850  An open letter to Mr. Jeff Bezos and Mr. Amit Agarwal. Look into this matter P1-P4. https://t.co/S4AQ6ET86R,1290991,@421902 : https://t.co/beaaDm0muc and I'll contact you at the earliest. (2/2) ^SS,Thu Oct 26 20:23:03 +0000 2017,Thu Oct 26 20:40:32 +0000 2017
418811,@AmazonHelp Call me at 9560071223 I have been calling u from last 10 days. u are giving different excuses,418819,"@214890 Please don't provide your order details, as we consider it to be personal info. Our page is visible to the public. 2/2 ^PS",Tue Oct 10 05:05:46 +0000 2017,Tue Oct 10 05:44:34 +0000 2017
2925609,"@AmazonHelp Yes 👍
Keep it up !!",2925611,@809483 We are what we repeatedly do :) This made our day. Thank you! ^BS,Wed Nov 29 03:35:03 +0000 2017,Wed Nov 29 03:53:00 +0000 2017
205264,"@AmazonHelp @115821 your AMZL US delivery is the worst , I never had a delivery issue till now it’s better to stick with locals like USPS or UPS thanks✌🏼sincerely an amazon customer",205261,"@164628 Sorry for the trouble, Jackie! We'd love to help! Without providing account and personal information, could you tell us more about the issue? ^VB",Sat Nov 25 01:49:06 +0000 2017,Sat Nov 25 02:06:00 +0000 2017
2289592,@AmazonHelp Now the status is shown as Delivered and I receive an sms saying Delivered but where is the product? I haven't received it and your records are already updated. What is wrong with you guys? Is there any escalation mechanism on place? Pathetic Service @115850 @AmazonHelp,2289593,"@665155 I'm sorry about the trouble you've faced so far. You must have receive an email correspondence, please reply to the same &amp; we'll take necessary actions to make things right. ^AR",Wed Nov 15 05:15:10 +0000 2017,Wed Nov 15 05:28:28 +0000 2017
2349593,@AmazonHelp It is not a delivery for my personal account. The link only takes me to orders that I have placed.,2349594,"@656442 You can login to the account in which the order is placed with the link and then choose the specific order needed. Otherwise, you're always welcome to choose the ""Other"" suggestion and the third step should give you an option for a phone call. ^TG",Mon Nov 13 20:53:25 +0000 2017,Mon Nov 13 21:12:30 +0000 2017
2525415,@115850 you put guidelines  for remove  Negative Feedback or Reviews on you,2526980,@634236 Reviews will be posted when it meets the guidelines provided. Please also take a look at our Review Guidelines for information about acceptable review content: https://t.co/IgdslRXEvj. ^SF,Thu Nov 16 03:54:22 +0000 2017,Thu Nov 16 04:19:29 +0000 2017
2172032,@115821 ORDER # 402-3233698-3832314 was never delivered but your website says hand delivered. what a joke.,2172031,"@637019 Please don't provide your order details, as we consider it to be personal information. Our Twitter page is public.​ 2/2 ^NK",Thu Oct 19 12:31:12 +0000 2017,Thu Oct 19 12:48:34 +0000 2017
2263092,@AmazonHelp hi folks please could you help me about a refund currently processing? Thanks,2263091,"@658837 We'd love to help wherever possible! Without posting personal/account details, can you please tell us what's going on? ^JM",Mon Nov 20 22:59:28 +0000 2017,Mon Nov 20 23:02:00 +0000 2017
947215,@AmazonHelp There's no button on the checkout page to convert the currency. I also added my debit card to see if it will change to cad and it didnt,947216,"@344629 You can also change the currency of your card on the payment selection page by clicking My card is a different currency, and selecting the currency type. ^RO",Sat Nov 25 17:35:28 +0000 2017,Sat Nov 25 17:40:00 +0000 2017
2150999,@115821 @AmazonHelp I have a feeling this isn't you. https://t.co/VFUlUNoJRN,2150997,@347051 Thank you for bringing this to our attention; you can verify any e-mails received via this link: https://t.co/pE3oHWKgsv ^WM,Thu Nov 09 01:23:46 +0000 2017,Thu Nov 09 01:27:27 +0000 2017
1366249,@AmazonHelp This is what I'm seeing! No kindle edition option? https://t.co/t86hvsBpD9,1366251,@438055 What device are you using? Do you have 1-click ordering enabled here: https://t.co/Ruy9uHqhV2 ? ^TN,Fri Oct 27 22:03:32 +0000 2017,Fri Oct 27 22:42:41 +0000 2017
2553895,@AmazonHelp do you no longer get free grocery delivery for prime members?  Mine isn’t showing it.  Now £3.99.  My order is over £20 https://t.co/m8sRouDs9Z,2553894,@383803 Free delivery is currently available for orders of £40 or more. We have more information about delivery rates listed here: https://t.co/DJWWYxtOhF ^RA,Thu Nov 16 15:28:58 +0000 2017,Thu Nov 16 15:33:39 +0000 2017
2883460,これは、アマゾンが悪いのかヤマトが乱暴なのか？どちらにしても、ひどいよね。 https://t.co/pcHOUTD4dz,2883459,@799938 ご不快の念をお掛けし申し訳ございません。該当の注文など詳細を確認した上でご案内させていただきますので、誠に恐れ入りますが、リンクよりカスタマーサービスにお問い合わせください。https://t.co/J6YEizo6qC TN,Tue Nov 28 10:06:06 +0000 2017,Tue Nov 28 10:13:27 +0000 2017
1470748,@117795 why is the Thursday night game not on Amazon prove video???,1470746,@461380 Thursday Night Football will not be streaming this week. We will continue streaming next Thursday so stay tuned! ^DD,Fri Nov 03 00:42:25 +0000 2017,Fri Nov 03 00:55:56 +0000 2017
1600969,@115850 services is impressive. I ordered anycast device which was not working. Amazon chnge that device with in 2 days. Amazon is Amazing,1600968,"@491529 Thanks for your encouraging words, Nitesh. While I'm sorry we had to replace the device, I'm glad we could do it soon. ^JC",Tue Oct 17 09:23:08 +0000 2017,Tue Oct 17 09:53:00 +0000 2017
1630242,@115850 follwing our site frm 2months 2buy iphone. now i got cash enough to buy 7 u increased cost of it in span of 10 days?? frm 38to 45k,1630243,"@498978 I get your concern, Surya. The constantly changing marketplace and our efforts to offer ^SM (1/2)",Sun Nov 05 19:21:20 +0000 2017,Sun Nov 05 19:36:00 +0000 2017
483697,"@AmazonHelp Delivery By DPD
Tracking ID 2083410232
Friday, 1 December
2:09 PM Held by carrier - customer to arrange delivery Dartford, GB
4:24 AM Parcel arrived at a carrier facility Dartford, GB
Thursday, 30 November
9:50 PM Parcel arrived at a carrier facility Hub 3 - Bham, GB",483696,"@230072 Hi Jack, please reach out to us here: https://t.co/hApLpMlfHN for further assistance. Thank you. ^AP",Fri Dec 01 14:54:13 +0000 2017,Fri Dec 01 14:58:00 +0000 2017
2275972,@AmazonHelp Thanks. Appreciate your help for this. I've shared my details. Awaiting response from your end,2275973,@661966 We've received your details shared from the link earlier. We're working on this and will reach out to you with an update. ^AR,Sat Nov 11 08:40:27 +0000 2017,Sat Nov 11 08:53:00 +0000 2017
2508126,It's missing a card and had double of another. WTF @115821 ?!! https://t.co/FhwaZnZ4VH,2508124,@715045 We'd like to assist if you need us. Are you having trouble with a current order? ^SJ,Wed Nov 15 21:44:22 +0000 2017,Wed Nov 15 21:49:41 +0000 2017
2838533,@AmazonHelp Votre « support technique » est une page de Q&amp;A qui ne répond absolument pas a ce que je recherche…,2838535,"@789974 Vous pouvez contacter notre SAV via le lien suivant : https://t.co/qzuu0dgDXz
^MD",Mon Nov 27 16:20:40 +0000 2017,Mon Nov 27 16:24:30 +0000 2017
264702,@AmazonHelp so stop your robot reverts and provide us exact resolution as soon as possible.,264701,@165815 We're working on the issue and I see that a correspondence has been sent. Kindly check it here :https://t.co/DTSNmGldJf ^PR,Tue Oct 10 05:07:33 +0000 2017,Tue Oct 10 06:01:00 +0000 2017
381706,@AmazonHelp @115850 i want my refund back against order number #408-0910267-8989113,381708,"@206514 Could you elaborate the issue, so that we can assist you accordingly. (1/2) ^SY",Mon Oct 09 10:14:07 +0000 2017,Mon Oct 09 10:38:00 +0000 2017
343746,@117086 Em Algum Lugar nas Estrelas @18572 https://t.co/MyQ7nLgF2Q,1748166,@197805 Livro maravilhoso mesmo! 😍 ^AZ,Tue Nov 07 15:29:07 +0000 2017,Tue Nov 07 16:02:33 +0000 2017
926646,"@AmazonHelp It shows ""Expected by Oct 24"", and that is the reason I am pissed off. If you cannot deliver your products on time, you shouldn't promise",926648,@339876 Has the original delivery date provided during the checkout and in your confirmation e-mail changed? ^AB,Sat Oct 21 14:50:00 +0000 2017,Sat Oct 21 14:56:01 +0000 2017
419399,help required for order # 406-5944197-7220323 @115850 . it is not delivered even after 4 days !!,419400,"@215018 Sorry for the delay in delivery of the product, please fill this form: https://t.co/beaaDm0muc and I’ll contact you soon.^AH",Tue Oct 10 05:14:28 +0000 2017,Tue Oct 10 05:39:32 +0000 2017
532574,Io vorrei veramente sapere dove si trova il mio pacco e @AmazonHelp non mi sta aiutando. Spedizione gestita da loro e non sanno rintracciare un pacco,532573,@243369 Potresti darci maggiori informazioni sull'accaduto senza indicare il tuo numero d'ordine? Facci sapere! ^FA,Sat Dec 02 10:50:54 +0000 2017,Sat Dec 02 11:02:00 +0000 2017
359781,@115850 I am really frustrated with customer service and no proper resolution to my problem. Please look into it.,359780,"@201214 Sorry to know your issue is not resolved. Kindly fill in your details here: https://t.co/GIJyeYqKE0, and I'll look into it. ^NR",Sun Oct 08 13:52:18 +0000 2017,Sun Oct 08 16:35:08 +0000 2017
234559,"@115850 @AmazonHelp if I have ordered a product in Prime and delivery is to be provided in one day, but isn't. I should get a refund...",234557,@171846 Could you please elaborate on this? Has there been a miss on any of your recent order? ^HK,Thu Oct 05 12:44:57 +0000 2017,Thu Oct 05 13:01:00 +0000 2017
498456,Someone stole all of my amazon orders 🙂,498454,"@233986 Hey there- we're here to help! Without posting personal or account information, could you tell us a little more about what happened so we can point you in the right direction? ^BL",Fri Dec 01 19:02:31 +0000 2017,Fri Dec 01 19:04:23 +0000 2017
282810,なんかヤマトの追跡サイト見たら即日返品されとる。住所間違ってるはず無いしこれはさすがに温厚な僕でもキレるんだけど、既に電話対応の時間終わってて泣ける２ちゃんねる https://t.co/YnkkooQlHe,282808,"@183375 このたびは、ご迷惑をおかけし申し訳ございません。
本件についてご注文いただいたお客様に後日https://t.co/st4oU5QbhPよりご連絡を行わせていただきますため、そのご連絡をお待ちいただきますようお願いいたします。　SM",Fri Oct 06 12:20:02 +0000 2017,Fri Oct 06 12:30:00 +0000 2017
52169,"@AmazonHelp Eso lo hice el dia lunes por que supuestamente hubo un problema con mi pago y me mandaron ese correo ese mismo dia, y se supone que me llegaria hoy y por el momento aun no llego y mi cuenta sigue bloqueada, marque para la solucion del pago y si lo resolvieron",52168,@127729 Comprendo. ¿Has logrado ponerte en contacto con el transportista encargado de realizar la entrega para confirmar los datos de seguimiento? ^DB,Wed Nov 22 20:39:20 +0000 2017,Wed Nov 22 20:51:00 +0000 2017
528278,"@115830 Phone ordered 17 Nov 2-3 day delivery, still no sign. 2nd attempt to deliver and all I get is this, contacted cust. services and no help https://t.co/FnpLPBPmmp",528275,"@242304 So sorry about that Martin, what did we advise when you contacted us?^MA",Sat Dec 02 08:34:47 +0000 2017,Sat Dec 02 08:43:00 +0000 2017
138213,"@AmazonHelp ありがとうございます！
先ほど、カスタマーサービスへ電話して、無事解決しました。
原因は、登録カード情報が有効になっていないためでした。

ただのTweetからリプをいただいて解決につなげていただき、本当にありがとうございました！",138214,@147126 問題が解消されたとのことで安心いたしました！Amazonのご利用で何かご不明な点やお困りのことがございましたらご遠慮なくご質問ください。今後ともどうぞよろしくお願いいたします！SK,Fri Nov 24 14:18:14 +0000 2017,Fri Nov 24 22:40:55 +0000 2017
952512,@AmazonHelp I ordered Tokio Hotel DVD Hinter Die Welt who was supposed to be sent in December but it disappeared from Amazon,952513,@345987 The publishing date was pushed back for an unknown time. When we know more all customers who ordered will be informed by mail. ^AN,Sat Oct 21 20:32:37 +0000 2017,Sun Oct 22 14:01:00 +0000 2017
729202,"@AmazonHelp The company im dealing with said that they have put a refund through yesterday, but I have no confirmation from you guys",729200,@294659 Hi Michael- Just to confirm was this a Seller on Amazon? Did they confirm via your messages on Amazon? ^NV,Wed Oct 11 08:46:06 +0000 2017,Wed Oct 11 08:56:31 +0000 2017
2104907,Ok... Le SAV d'@120533 contacté par Chat qui arrête de répondre en pleine conversation... Décidément pas de bol avec eux en ce moment.😔,2104905,"@136727 Merci de nous tenir informé de la situation, nous restons à votre disposition en cas de besoin.",Wed Nov 08 12:46:53 +0000 2017,Wed Nov 08 13:03:55 +0000 2017
1094262,"@AmazonHelp Much more, your tracking status showing ""delivery receipt was signed by Myself "" HOW? Pls contact imdtly @115850",1094260,"@158923 Please don't provide your order details, we consider it to be personal information. Our page is visible to the public.(2/2) ^VH",Sun Oct 15 04:31:46 +0000 2017,Sun Oct 15 04:55:00 +0000 2017
1559293,warum wurde denn bei den Amazon Wunschlisten die Sortierung nach Preissenkung entfernt? 😢@AmazonHelp https://t.co/2YWecu4SVe,1559292,@481865 Wir wissen bescheid und die Anfrage läuft bereits ;) Viele Grüße und ein schönes Wochenende. ^TR,Sat Nov 04 12:41:57 +0000 2017,Sat Nov 04 13:25:27 +0000 2017
1493743,my prime expired 4 days back. Bought echo last month (which renews prime). But @115850 hasn’t delivered and won’t let me use prime!,1493740,"@124471 Apologies for the delay, Apoorv. Please respond to our email so we could take it from there. ^JC",Fri Nov 03 10:23:07 +0000 2017,Fri Nov 03 10:54:00 +0000 2017
2823969,You know you’re a nerd when you’re so excited about having ordered a #Kindle Paperwhite that you can’t sleep. Thanks @115821 for my Sunday night insomnia. #BookAddict #EBooks,2823968,@786823 I don't think there is anything more exciting than curling up with your kindle and a hot drink in the winter! 📚☕ ^KI,Mon Nov 27 08:54:16 +0000 2017,Mon Nov 27 09:06:30 +0000 2017
313272,@AmazonHelp @115850 @1145 @144776 https://t.co/nqiY8MGy8h,313271,@182459 sent by our team and we'll reach out to you soon with an update. (2/2) ^VM,Sat Oct 07 04:00:08 +0000 2017,Sat Oct 07 05:09:00 +0000 2017
1450826,@AmazonHelp Je ne l'ai pas encore eu non plus. Juste le mail qui signale la non distribution mais qui ne precise précise pas le transporteur.,1450827,@456668 Nous tenons à regarder cela de plus près et vous aidez. S’il vous plaît contactez-nous ici: https://t.co/hgIrz98cdI ^BR,Thu Nov 02 17:52:40 +0000 2017,Thu Nov 02 18:14:00 +0000 2017
1547850,"@AmazonHelp FAIL! After 8pm it updated to ""Now expected Oct 16 - Oct 19"". That's great, so had to go to the store for diapers.",1547852,@437550 I'm very sorry for the delay. Please let us know if you don't get your order by the new delivery dates.  ^CL,Tue Oct 17 03:44:57 +0000 2017,Tue Oct 17 03:52:28 +0000 2017
644821,Still no sign of my delivery from @115830 despite it being out for delivery from 9am this morning. They have until 8pm to deliver it.,644819,"@273041 I'm sorry your order hasn't arrived yet. If you don't receive your parcel by the time given, please reach out to us by phone at this link here: https://t.co/hApLpMlfHN ^VS",Wed Nov 22 18:12:52 +0000 2017,Wed Nov 22 18:15:30 +0000 2017
695123,"@AmazonHelp I don’t need an order status, I want something from you guys. My order status says it might not get here til Sunday now. That’s absurd",695124,@285785 I'm sorry for the delay! Please reach out to us via phone/chat here: https://t.co/hApLpMlfHN for real-time assistance with this. ^TK,Thu Nov 23 16:00:57 +0000 2017,Thu Nov 23 16:05:34 +0000 2017
1887323,"@AmazonHelp Hi. I've 3 items that were due to be dispatched on Monday, and I've not been charged for them, let alone them being dispatched.",1887321,"@562894 Hi, were you sent a delivery estimate for the items? ^AS",Wed Oct 18 11:34:01 +0000 2017,Wed Oct 18 11:43:00 +0000 2017
2823938,@AmazonHelp Apparement ce serait l'abonnement prime ? Mais j'ai aucun souvenir d'avoir accepté l'offre https://t.co/GoekQslIXO,2823936,"@786819 Je comprends, je vous prie dans ce cas de contacter notre SAV via https://t.co/hgIrz98cdI afin d'avoir des explications ainsi qu'une solution. ^AR",Mon Nov 27 09:07:36 +0000 2017,Mon Nov 27 09:09:30 +0000 2017
278714,@AmazonHelp Done ! Your time starts now ;-),278715,@182466 Thank you for sharing your details. We're working on this issue and will get in touch with you soon. ^OS,Fri Oct 06 08:24:02 +0000 2017,Fri Oct 06 10:07:00 +0000 2017
2447456,"アマゾンで購入した靴が勝手にキャンセルになってたんやけど
メールも届かんし…
詳しい人教えてください",2447455,@701576 Amazonです。ご注文に関するご案内が届いていないとのことですが、迷惑メール受信設定などの影響で受信ができない、または携帯電話番号でアカウントを作成されＥメールアドレスを登録していない場合は、アカウントサービス内のメッセージセンターから内容をご確認ください。SK,Wed Nov 15 01:28:05 +0000 2017,Wed Nov 15 01:47:00 +0000 2017
507105,"@AmazonHelp Super recomendo. Livro nota 10, bem escrito e emocionante!",507106,"@236398 Vamos também adicionar na nossa lista, Denise 😉 Agradecemos muito a recomendação! ^LG",Fri Dec 01 21:53:11 +0000 2017,Fri Dec 01 21:55:45 +0000 2017
2117802,"@133929 Hi, I would like to cancel an order I made through @115850. It's yet to be cleared through the customs. Can you help me?",2117800,"@624163 Sure, Abhishek. Please connect to our support team here: https://t.co/vlvfJrlYEH and we’ll be glad to help you. ^NK",Wed Nov 08 14:02:07 +0000 2017,Wed Nov 08 14:08:37 +0000 2017
2104247,"@AmazonHelp Yes it changed once. I was supposed to receive my book today but when I checked to see where it was, I saw it had somehow gotten to the UK... My new delivery date is apparently on the 13th now",2104248,"@621223 I am sorry to hear this, can I ask for you to contact us through the link below please: https://t.co/hgIrz98cdI ^GA",Wed Nov 08 16:11:10 +0000 2017,Wed Nov 08 16:31:25 +0000 2017
841290,"I am so disappointed with @115850 &amp; @AmazonHelp Had the worst experience of life, I am never ordering with you again!!! #AmazonReview",841288,"@320149 That's a rather regretful remark, Anand. Could you please elaborate on what lead to it? ^SF",Fri Oct 13 12:09:38 +0000 2017,Fri Oct 13 12:13:32 +0000 2017
1561105,@AmazonHelp Only email I got was to give me the codes that come with the edition of the game I pre-ordered.,1561106,@482287 Which Amazon website did you place the order on Dan? ^KM,Sat Nov 04 09:43:06 +0000 2017,Sat Nov 04 09:58:28 +0000 2017
778160,@AmazonHelp I have filled these details last night which I have received on Facebook.,778158,"@305547 If you've filled in your details, you should've received a correspondence from us. Kindly check. Do keep us posted. ^AK",Thu Oct 12 04:01:27 +0000 2017,Thu Oct 12 04:28:30 +0000 2017
2769815,"ちぽ氏

ワイがぶり大根の味見をしていたたった約10秒ほどの間にAmazonファイアスティックをいじくりまくり、訳もわからない名前すら知らない映画を勝手にレンタル

夫婦でものすごいへこむ

ちぽ氏はとても無垢な笑顔です😇",2769814,@774363 リプライ失礼いたします、Amazon公式アカウントです。Amazonビデオのキャンセルは、ダウンロードやストリーミング再生を一度も行っておらず、注文から24時間以内であれば、PCからキャンセルできます。詳しくはこちらをご覧ください→https://t.co/oaqPPuYEfG  HM,Tue Nov 21 11:03:06 +0000 2017,Tue Nov 21 11:21:01 +0000 2017
1253662,@AmazonHelp No tengo esa opción. https://t.co/JVKCVmMQfR,1253661,"@402027 Además, te recomiendo eliminar el tweet dado que contiene información sensible como tu número de pedido (2/2) ^AV",Thu Oct 26 06:13:19 +0000 2017,Thu Oct 26 06:21:00 +0000 2017
2418966,"@115850 I ordered earphones yest but want to cancel that order as I got a better deal today on your app
Not able to cancel. Help!",2418965,@694982 I get your concern. You can reach out to our team here: https://t.co/T6y6Xlutbs. They'll assist you accordingly. ^VN,Sun Oct 29 11:51:32 +0000 2017,Sun Oct 29 12:01:10 +0000 2017
914830,*bangs head* @AmazonHelp https://t.co/AELXgTdDrG,914828,@337246 I'm afraid we don't have access to account details here on Twitter. Keep us posted on how you get on! ^KM,Sat Oct 21 08:48:23 +0000 2017,Sat Oct 21 08:56:33 +0000 2017
2759752,@AmazonHelp わざわざありがとうございますー,2759751,@772204 とんでもないことでございます。ご迷惑をお掛けしておりますところ恐れ入りますが、何卒よろしくお願いいたします。TN,Tue Nov 21 04:26:38 +0000 2017,Tue Nov 21 04:29:00 +0000 2017
465060,"@AmazonHelp ま、まさかの公式さん…！！
ネット関係に疎く不安に思っていたのでとても安心しました。フォロワーさんにきいたところ同様の件が多発しているようで、お忙しい中対応も大変でしょうにご丁寧にありがとうございます！",465062,@225617 はい、アマゾン公式でございます。暖かいお言葉ありがとうございます。少しでもお役に立てましたのなら幸いです。Twitterでもサポートしておりますので、何かお困りの際にはご遠慮なくお知らせくださいませ。ET,Fri Dec 01 05:09:17 +0000 2017,Fri Dec 01 05:20:29 +0000 2017
1245964,When an @115821 tracking says my package will arrive by 8pm..... it’s 8:10 &amp; still not here.,1245961,@412295 I'm sorry for any trouble! Late packages typically arrive the next day. Please keep us posted upon your orders arrival. ^EB,Thu Oct 26 00:09:55 +0000 2017,Thu Oct 26 00:30:00 +0000 2017
1568755,Suspect @115830 have over-packaged a teething aid https://t.co/RgmpRE13ch,1568753,"@405870 We're always looking for opportunities to improve! Please, submit direct packing feedback here: https://t.co/fxgZ6hTrFA ^JE",Sat Nov 04 16:13:27 +0000 2017,Sat Nov 04 16:37:00 +0000 2017
160345,@115830 When am I going to get the book I ordered on October 5th?  Dispatched but never arrived. #annoyed,160344,"@152936 Truly sorry for the wait, Rachel! We're here to help! Have we missed the expected delivery date listed here: https://t.co/aaDyEz1VgE Please, let us know. ^JE",Fri Nov 24 18:31:18 +0000 2017,Fri Nov 24 18:34:01 +0000 2017
811615,@1840 @115850 @1560 @AmazonHelp @AmazonHelp @15958 submitted my details but what are you doing right now.,838333,@313376 We've emailed correspondence to your registered email ID. Please refer and revert if you need any further assistance. ^GS,Fri Oct 13 10:20:46 +0000 2017,Fri Oct 13 10:30:32 +0000 2017
1311325,@AmazonHelp Yes I did.,1311326,"@426423 If a particular model has exchange facility, the same would be mentioned on the product page. ^SG(2/2)",Sun Nov 05 10:29:57 +0000 2017,Sun Nov 05 10:55:27 +0000 2017
763065,"@AmazonHelp Thanks, I sent a message",763064,"@289927 We're happy to help out any way we can, Jen! Keep us posted if you need us! ^FR",Wed Oct 11 20:59:14 +0000 2017,Wed Oct 11 21:05:01 +0000 2017
466707,@AmazonHelp I ordered over 1500 in Amazon Pantry - still ur website is charging deliver charge! And I can't see my full list of orders- for pantry the experience is BAD,466709,@226072 I'd like to have a closer look at the issue. Please share your details in this link here: https://t.co/GIJyeYqKE0 and we'll reach out to you with an update. ^KA,Fri Dec 01 05:10:35 +0000 2017,Fri Dec 01 05:30:35 +0000 2017
231459,@115850 how u keep product of not proper quality in ur portal I wnt ur delivery boy to collect product at my home do respond nt fair(2/2),231462,@171126 delivered; we certainly did not expect this to happen. At this moment we do not provide return pick up services 2/4 ^PS,Thu Oct 05 10:22:43 +0000 2017,Thu Oct 05 10:43:26 +0000 2017
2103620,"@115850 have not received my refund since October, 10,000 bucks.
Can you please give my money back Ordered on Sep 26, 2017 (408-2978026-2021930)",2103619,"@621103 Please don't provide your order details, we consider it personal information. Our Twitter page is visible to public. (3/3) ^AS",Wed Nov 08 11:59:22 +0000 2017,Wed Nov 08 12:10:27 +0000 2017
485424,Between @115817 and @3375 our @115821 account is becoming Prime-ish. We’ve run out to local stores instead of relying on “guaranteed” delivery dates lately. Can’t remember feeling the need to do that in the past. https://t.co/zz9fhglgcj,485423,@230487 I'm sorry we've let you down.​ Please keep us updated on your package delivery. We're here to help! ^LL,Fri Dec 01 15:03:51 +0000 2017,Fri Dec 01 15:08:27 +0000 2017
61009,"@AmazonHelp Así es, gracias por la información.",61008,"@129963 Con gusto, Luis, ¡estamos para ayudar! ^CR",Wed Nov 01 21:25:27 +0000 2017,Wed Nov 01 21:28:01 +0000 2017
1037583,"@AmazonHelp A situação já foi normalizada. Valeu, galera!",1037586,"@365455 De nada Rafael, estamos aqui para ajudar. :) ^JD",Mon Oct 23 09:30:00 +0000 2017,Mon Oct 23 09:33:00 +0000 2017
1953419,@AmazonHelp Thanks but I've now been waiting the best part off 2 days for an acceptable reply I've tried emailing live chat and now twitter and no one seems to be assisting me,1953421,@579940 I'd like for my team to personally look into this for you. Please send us your details here: https://t.co/nRdMnT28Tv ^LI,Thu Nov 16 15:45:58 +0000 2017,Thu Nov 16 16:04:30 +0000 2017
1830612,"@AmazonHelp 
404-7262011-6964352 can you give me cashback rs1500",1830613,@535850 Could you please tell us more about the promotion you're referring to? ^HK,Wed Oct 18 05:12:26 +0000 2017,Wed Oct 18 05:23:54 +0000 2017
1082937,@AmazonHelp hi trying to cancel a preorder for a book but its not letting me. click cancellation reason then confirm but it reloads the page,1082935,@142724 Oh no! Which browser are you using? Have you tried to clear the cache and cookies? ^DD,Mon Oct 23 17:27:44 +0000 2017,Mon Oct 23 17:39:12 +0000 2017
1500793,@AmazonHelp Yes. We live together.,1500795,@130374 In this case you will need to go into their profile and make sure their information matches yours. We hope this helps! ^JD,Fri Nov 03 16:40:48 +0000 2017,Fri Nov 03 16:51:11 +0000 2017
1274820,@115850 @115850  you never sent me the email.,1788944,@418411 That's odd. Apologies for the miss. We'd like to check this. Please report this to our team here: https://t.co/TdDksLo6Mf. ^HD,Tue Oct 17 23:29:52 +0000 2017,Tue Oct 17 23:59:01 +0000 2017
498519,This looks nothing like what I ordered. @115821 ya done. https://t.co/yVeLnbd7B2,498518,"@234002 I'm sorry the tree isn't as expected! To check out our return and refund options, please visit us at the following link: https://t.co/t3Ms2Pytfs ^WT",Fri Dec 01 18:35:17 +0000 2017,Fri Dec 01 18:57:00 +0000 2017
411093,@AmazonHelp oi! o dicionário pt-br sumiu do meu kindle (tenho só os outros na pasta de arquivos). tenho como acessá-lo gratuitamente?,411092,"@213048 Olá, Ana. Por favor, entre em contato diretamente com nosso SAC, para eles conferirem o acontecido: https://t.co/qGpkDwpfTn ^CR",Tue Oct 10 00:08:07 +0000 2017,Tue Oct 10 00:12:27 +0000 2017
2986074,"アマゾンで雑誌買ったんやけど、付録ついてない！？！？
付録のポーチ欲しくて買ったのに
もう一回注文履歴でページ見てもちゃんと付録付きって書いてるのに",2986073,@823364 ご不便をおかけしております。ご投稿の問題につきましては、カスタマーサービスにてご注文を確認のうえご案内させていただきます。お手数ですが、以下リンクよりカスタマーサービスへお問い合わせください。　https://t.co/J6YEizo6qC　SM,Tue Nov 21 10:10:03 +0000 2017,Tue Nov 21 10:38:00 +0000 2017
1101878,"@AmazonHelp Items are placed in my basket that I didn't put there. Password changed 4 times, email assoc. w/acct changed, keeps happening.",1101880,"@380002 Oh no, Cindy! I am so sorry about this! Please contact us here via phone or chat: https://t.co/nrPjPMts2G ^BE",Mon Oct 23 23:42:30 +0000 2017,Tue Oct 24 00:27:26 +0000 2017
2887297,@AmazonHelp On peut échanger par MP pour des SMS recus étranges? Merci,2887296,@800677 À disposition. Vous vous pouvez initier la conversation en message privé. ^SB,Tue Nov 28 12:49:10 +0000 2017,Tue Nov 28 13:10:00 +0000 2017
820096,@AmazonHelp and puma casual sneakers😍😍❤is lub,820097,@315354 A new phone! That's awesome. And the sneakers makes us wonder if you're a sports fan? ^SQ,Thu Oct 12 22:37:16 +0000 2017,Thu Oct 12 22:59:33 +0000 2017
1505445,"@115850, u guys increased the minimum value purchase for free deliveries? Earlier it was 500'ish, now is it 900'ish?",1505443,@469395 Orders Fulfilled by Amazon worth Rs. 599 or more will qualify for free delivery. You may refer: https://t.co/IqvWREe3kh. ^VN,Fri Nov 03 16:00:03 +0000 2017,Fri Nov 03 16:17:03 +0000 2017
2838592,Got my nieces Fingerlings (which are apparently the hot toy this Christmas) from the Amazon Treasure Truck. Gotta solidify my status as the cool uncle. #treasuretruckisawesome @169994 @115821,2838591,"@789993 Awesome, Johnny! So glad you were able to get them some cool (or it is hot?) presents this year! 😁 ^TG",Mon Nov 27 15:33:03 +0000 2017,Mon Nov 27 15:48:00 +0000 2017
737131,@115830 Very disappointed with the service received around my order. It appears a common sense approach is lost &amp; can’t is word of the day,737129,@296311 I'm sorry to hear that Paul- Without providing personal info can you tell us a bit more on what happened? Thank you. ^NV,Wed Oct 11 12:10:23 +0000 2017,Wed Oct 11 12:26:02 +0000 2017
1721686,@AmazonHelp ORDER # 407-8280851-7971518. Iphone7 ws ordrd fr frnd. Hvnt rcd it yt. Ordr sys delivrd. Pl assist urgently! Need the product.,1721685,"@521000 Please don’t provide your order details, we consider them as personal information. Our Twitter page is visible to public.^VM",Tue Nov 07 07:30:39 +0000 2017,Tue Nov 07 08:07:00 +0000 2017
2139338,@AmazonHelp Thank you so much (:,2139339,@629175 You're welcome. ^NV,Thu Oct 19 10:09:34 +0000 2017,Thu Oct 19 10:15:26 +0000 2017
247426,@AmazonHelp Hi. The amount is being charged again from last two months. Bank people need communication from amazon that you are not receiving amount,247427,@174791 I'm sorry about the inconvenience. Kindly contact us here: https://t.co/vlvfJr4nN9. We'll sort it out right away. ^OS,Tue Nov 07 12:49:20 +0000 2017,Tue Nov 07 13:03:52 +0000 2017
2885658,@AmazonHelp Do you know what date it ends on?,2885656,"@800366 The current sale is part of our Cyber Monday Deals week. The Cyber Monday deals will continue throughout the week, but individual sales may be changed or removed throughout the period. ^GS",Tue Nov 28 11:54:43 +0000 2017,Tue Nov 28 12:03:00 +0000 2017
765796,"Oye @116928 supongo que andaréis liadillos con el #BlackFriday y eso. 

De todas formas, cuando tengáis un rato me explicáis esto de los subtítulos porque si empezamos así ya no me fío de nada de lo que digan. https://t.co/M485Tojr4S",765794,"@303017 ¡Hola Miguel! Lamentamos lo sucedido con los subtítulos, para reportar esta situación puedes contactar al servicio de atención al cliente mediante el siguiente enlace: https://t.co/OjvUxwnzPe ^JL",Sat Nov 25 08:37:46 +0000 2017,Sat Nov 25 08:58:00 +0000 2017
2480924,@115821  I am so disappointed by AMZL shipment. Failed to deliver my halloween costume on time though I am a prime user. Never trust them.,2480922,@708893 I'm sorry for the delay! Please send us the order details here so we can escalate this further: https://t.co/rlxTA4SiUR ^BH,Sun Oct 29 22:12:49 +0000 2017,Sun Oct 29 22:26:27 +0000 2017
258845,"@AmazonHelp @115850 
It was available on 999 price now it's showing 1099?? https://t.co/CiuAdV9HRt",258846,@177540 Pricing and offers are decision of the sellers. The constantly changing marketplace and our efforts to offer (1/2),Thu Oct 05 20:13:31 +0000 2017,Thu Oct 05 20:20:00 +0000 2017
420072,@AmazonHelp No Need to provide any help now.  But yes if you can check hw u wrking then pls chck my account and status of my orders.,420073,@215144 Kindly share your details via link mentioned earlier and we'll get in touch with you soon.  ^AK (2/2),Sat Nov 04 10:12:10 +0000 2017,Sat Nov 04 10:28:00 +0000 2017
1226517,@20433 . Les gens sont dingues. Un livreur d'Amazon s'est fait gazer lacrimo en livrant une cliente dans le patelin a côté...,1226513,"@407746 Bonjour, pouvez-vous nous donner plus de détails concernant cet incident, s'il vous plaît ? ^ASZ",Wed Oct 25 17:11:47 +0000 2017,Wed Oct 25 17:35:08 +0000 2017
459984,"Que alguien me quite la de crédito, no dejo de comprar en @116875 🤦‍♂️ https://t.co/CSSZgQ5Bhw",459983,"@224298 Hola, A. ¡A nosotros nos sucede exactamente lo mismo, no paramos, es cuestión de solo unos cuantos clics y listo! Cuéntanos, que más compraste aparte de los audífonos y tu nuevo Chromecast? ^CB",Fri Dec 01 01:35:26 +0000 2017,Fri Dec 01 01:39:30 +0000 2017
921500,"@AmazonHelp How about you ring me, and decide how you going to resolve than me doing all the ground work",921504,@338757 We can't access your account via Twitter. I would recommend contacting the purchaser of the vouchers for more info. ^LB,Sat Oct 21 13:14:01 +0000 2017,Sat Oct 21 13:21:00 +0000 2017
1456352,@123813 Cuando estará disponible para Apple Tv???,1464286,"@459872 Hola H, estamos actualmente trabajando en ello. Apenas esté disponible, será anunciado en el sitio web. ¡Saludos! ^LG",Thu Nov 02 19:04:15 +0000 2017,Thu Nov 02 19:09:00 +0000 2017
426294,@AmazonHelp Just get the product delivered on time. Order id -6766,426291,"@216398 Certainly, I'm positive that the package will be delivered. ^SK",Tue Oct 10 12:20:27 +0000 2017,Tue Oct 10 12:28:28 +0000 2017
1716190,"After using echo for a while, it feels as if I paid @115821 to help them build the product, share queries that it can't address. #UXfail 1/2",1716189,"@519722 Thousands of Indian &amp; global developers are bringing more than 10,000 skills to customers in India. We'll add them soon. ^KA",Tue Nov 07 03:39:28 +0000 2017,Tue Nov 07 04:04:56 +0000 2017
1302315,@115821 seriously unacceptable. Pay for prime and 2 day shipping and this is what I get? Leaving tomorrow on trip and now won't have this. https://t.co/wyB4C3wXB2,1302314,"@424347 I'm sorry for the delayed experience! If your order doesn't arrive within the updated time, please reach out to us. ^WM",Fri Oct 27 00:35:09 +0000 2017,Fri Oct 27 00:41:00 +0000 2017
1082245,@AmazonHelp My genuine review was not allowed to be posted on product page. Only good reviews r posted @115850 @115821 https://t.co/RXgsDM3prd,1082249,"@337086 Kindly have a go through &amp; if something doesn't seem right, try posting your review again after appropriate corrections. (2/2)^YP",Tue Oct 24 14:27:13 +0000 2017,Tue Oct 24 14:48:01 +0000 2017
2265570,"@115850 you cheated me on a product whose MRP is 9900, claiming it costs 12990 and you are giving me a discount of 3000. #AmazonCheats",2265577,"@659469 The M.R.P. displayed for products on our website represents the full retail price listed on the product itself as shared by Manufacturers, Distributors or Sellers. While we attempt to ensure that this information is accurate, there may be cases where M.R.P. of 1/2 ^SH",Sat Nov 11 05:01:19 +0000 2017,Sat Nov 11 05:17:54 +0000 2017
380143,"Order no 4__credit_card__ is undeliverable, msg shwng as rejected by me. I haven't rejected it was purposely done by courier boy @115850",380142,"@206173 order details, as we consider it to be personal information. Our Twitter page is public.​ 3/3 ^EM",Mon Oct 09 07:00:25 +0000 2017,Mon Oct 09 08:05:25 +0000 2017
2317689,Perché sul decoder Android di @20580 non è disponibile l'app di @116618?,2317688,"@671938 Ciao Lorenzo, il decoder di Tim Vision non è un dispositivo compatibile con Prime Video. Qui trovi maggiori informazioni: https://t.co/OXNXM0E5hz. ^MZ",Mon Nov 13 09:03:15 +0000 2017,Mon Nov 13 09:23:00 +0000 2017
898534,@AmazonHelp Besides that it didn’t ship? No,898536,"@333362 Hmm. Have you been able to reach us via phone or chat? If not, please do so here: https://t.co/hApLpMlfHN. ^AL",Sat Oct 21 13:22:33 +0000 2017,Sat Oct 21 13:31:58 +0000 2017
985487,the product description of #samsung smart tv given by #AmazonIndia states that it's #Netflix compatible. But it's not. #takeresponsibility https://t.co/fcfTyR5U92,985488,"@353318 I understand your concern. However, the description states that one can cast the contents 1/2 ^AP",Sun Oct 22 10:10:36 +0000 2017,Sun Oct 22 10:50:00 +0000 2017
1047927,@AmazonHelp Just received my package before leaving. Thanks! :),1047929,@367685 Excellent! Thank you for letting us know. We're here to help if anything else comes up. ^RA,Fri Oct 13 14:48:39 +0000 2017,Fri Oct 13 14:59:31 +0000 2017
639510,@AmazonHelp  https://t.co/oBHG0kZqmL,639509,"@271696 Hi Kim, I'm sorry you're having trouble playing music on your phone. Does this occur with all songs you try to play on your phone or just some of them? ^VF",Wed Nov 22 19:55:54 +0000 2017,Wed Nov 22 20:05:00 +0000 2017
1069954,@AmazonHelp Already dis. It was of no use. Thay gave wrong info.Ur guys are pathetic.,1069956,@372469 Please share your details with us and I'll get back to you. Appreciate your understanding.  2/2 ^HD,Mon Oct 23 16:10:37 +0000 2017,Mon Oct 23 16:34:05 +0000 2017
1585043,@115850 D whole day my family was at home jst waitin for d package. EOD a msg is send by Amazon dt no1 was @ home - 4__credit_card__,1585044,@487716 We apologize for the inaccurate tracking information. We'd like to help you. Please contact us here: https://t.co/vlvfJrlYEH. ^ZH,Tue Oct 17 07:26:17 +0000 2017,Tue Oct 17 07:47:00 +0000 2017
1386440,"@AmazonHelp They said the next 2 days, I thought the idea of Amazon prime was to deliver the next day",1386439,@442616 Please contact us here so we can look into this with you: https://t.co/JzP7hlA23B ^SH,Tue Oct 31 20:34:55 +0000 2017,Tue Oct 31 20:57:56 +0000 2017
1553293,"@AmazonHelp Cookies gelöscht, Ticket erstellt… ich will nur trotzdem gerne was bestellen? Wann meldet sich jemand? Andere Ideen?",1553295,"@480567 Für eine umgehende Prüfung, wähle bitte den telefonischen Kontakt über obigen Link. Gruß ^SI",Sat Nov 04 14:34:50 +0000 2017,Sat Nov 04 15:17:00 +0000 2017
1134998,"@AmazonHelp Ok. My current store is the US, not .br, will there be any problems contacting the com.br?",1134999,@200294 (2/2)here: https://t.co/eJXKURvpr8. ^MB,Fri Nov 03 18:26:57 +0000 2017,Fri Nov 03 18:36:00 +0000 2017
1516023,"@AmazonHelp Bonjour, bientôt l'iPhone X sur Amazon ? :)",1516021,"@471741 Bonsoir, nous n'avons actuellement aucune information concernant cela. ^MA",Fri Nov 03 18:47:13 +0000 2017,Fri Nov 03 18:55:26 +0000 2017
1474140,"@115821 my S&amp;S last 3 months of shipments haven't been sealed. This box is the worst I've seen. Frankly, I'm amazed that nothing is missing. https://t.co/372hjkKayj",1474139,@462201 Oh no! Thank you for reaching out! Please provide packaging feedback for improvement here: https://t.co/e0MtCfwVVB ^NN,Thu Nov 02 21:19:25 +0000 2017,Thu Nov 02 21:36:25 +0000 2017
1722124,"ordered for one day delivery on Nov 2 by paying 150 rs , not yet delivered.
Order#402-3072395-2961166 @115850 @AmazonHelp",1722125,@452521 I'm sorry about the delay. Kindly share your details here: https://t.co/beaaDm0muc and we'll check. (1/2) ^GK,Tue Nov 07 07:58:19 +0000 2017,Tue Nov 07 08:28:28 +0000 2017
1012284,"@115830 23 FUCKING mins trying to find out why the delivery drivers block my cat flap every FUCKING delivery for last 6 weeks, no one give a shit",1012282,"@197543 Oh no, Danny! What was discussed by the agent you spoke to regarding finding a resolution to this issue? Please let us know! ^SK",Sun Oct 22 18:04:10 +0000 2017,Sun Oct 22 18:12:07 +0000 2017
2786289,@AmazonHelp @120533  Hey il fait quoi le livreur avec mes commandes ? CDA000121453/C10050068753. Livraison prévue aujourd'hui et que dalle. Une solution pour éviter de me faire perdre mon temps? Service client par tel complètement inutile!,2786287,"@777902 Vous me voyez navrée pour cet incident. N'ayant pas accès à votre compte client depuis Twitter, je vous suggère de remplir ce formulaire afin que je puisse y jeter un coup d’œil : https://t.co/HtUowg2UGX. ^ASZ",Tue Nov 21 18:34:47 +0000 2017,Tue Nov 21 18:46:32 +0000 2017
2028556,"this link only offers install option, not uninstall https://t.co/Co0hPO2zy7",2028555,"@598319 Hi! To uninstall, please follow the normal browser extension uninstallation instructions provided by your browser. ^BA",Wed Oct 18 21:12:25 +0000 2017,Wed Oct 18 21:32:29 +0000 2017
63884,"@AmazonHelp 'Wait' - and if I don't see any progress in a few days then to source from elsewhere. That is great because obviously under Subscribe and Save I will not be able to cancel the order anyway!

It 'might' get to me tomorrow, which is the date it has been due all month. https://t.co/36m8QJxx1Z",63883,@130675 Sorry to hear your order is delayed. If you have not received your order by the revised delivery date please let us know.^ES,Thu Nov 30 08:02:32 +0000 2017,Thu Nov 30 08:13:27 +0000 2017
2722747,"@AmazonHelp Yes so 16th is 84.98 18th is 84.98 and today was 84.98. In my account it only has the items i ordered, no duplicates so I cant cancelthe extra",2722746,"@763352 Hi, it sounds like an authorisation from what you have told us. Have you spoken to your bank about it? You can view further information on this via our help pages: https://t.co/S583OJWsOy ^KI",Mon Nov 20 10:04:22 +0000 2017,Mon Nov 20 10:28:28 +0000 2017
25863,"@115850 @121284 hey amazon, my echo dot is taking 4 days to be delivered even though I am in Mumbai. #disappointed #badService",25864,@121649 We ship the packages to meet the estimates provided while placing the order. Did we happen to miss it? ^AR,Wed Nov 01 09:38:51 +0000 2017,Wed Nov 01 09:49:00 +0000 2017
167882,@AmazonHelp Ele era pré venda.... É que tô ansiosa mesmo! hahaha,167884,@155060 Por favor nos deixe saber quando o seu pedido chegar! ^JJ,Fri Nov 24 21:12:53 +0000 2017,Fri Nov 24 21:21:25 +0000 2017
820090,@115830 Hi... I buy @146822 from you on Subscription Shopping &amp; I’ve had 4 boxes now arrived with less than a month shelf life. 😳 https://t.co/tn2D5ekQIw,820088,@136056 We'd like to assist! We're happy to review your orders and any available options with you here: https://t.co/JzP7hlA23B ^JR,Thu Oct 12 22:09:32 +0000 2017,Thu Oct 12 22:14:10 +0000 2017
742403,@AmazonHelp ¡Muchas gracias! 💖,742402,@297516 Después nos cuentas como te fue. ❤❤ ^DA,Wed Oct 11 15:38:53 +0000 2017,Wed Oct 11 15:40:31 +0000 2017
181101,@117634  hello my kindle is dying.  I full charge it and in a few minutes the battery begins to drawn.  It won’t last. What can I do?,181100,"@158534 Hi, sorry to hear that. Have you completed any troubleshooting steps? What device are you suing? ^JJ",Wed Oct 04 12:32:53 +0000 2017,Wed Oct 04 12:52:29 +0000 2017
1573570,@AmazonHelp This is all I get. No tracking numbers. The business was not closed. https://t.co/plLYSKQWrV,1573571,@282867 Have you had a chance to reach the carrier? They may have further insight. Contact info here: https://t.co/d5qc1jb4c4 ^AB,Sat Nov 04 14:35:24 +0000 2017,Sat Nov 04 14:38:00 +0000 2017
2132787,@AmazonHelp they've gone above and beyond. Neeraja in particular! Please pass on my thanks!,2132789,@129586 Absolutely! Have a great evening! ^FR,Wed Nov 08 20:35:59 +0000 2017,Wed Nov 08 20:38:00 +0000 2017
1099607,@115850 Never buy any product  from Amazon they will sell you wrong item and don't help further.I m going through such problem@9777450062,1099605,@379494 Please don't provide your mobile number as we consider it personal info. Our twitter page is visible to public. (2/2)^SQ,Mon Oct 23 22:18:40 +0000 2017,Mon Oct 23 22:33:02 +0000 2017
2621071,@AmazonHelp Can I purchase items on Amazon UK from the US and have them shipped to Romania? If so how would that work? Thanks!,2621069,"@740594 Hello! Yes, if the item is eligible to ship to Romania you will see it at checkout. More info can be found here: https://t.co/9nm2v6per9. ^CN",Fri Nov 17 15:52:52 +0000 2017,Fri Nov 17 16:00:42 +0000 2017
654,@AmazonHelp Already started the return. UPS gets it from my doorstep tomorrow. Order 111-5014070-4118645,655,@115838 Provide your details here: https://t.co/6f6cWZv7vm and my team will escalate the order to Amazon Logistics for feedback. ^EZ,Tue Oct 31 22:53:50 +0000 2017,Tue Oct 31 23:07:33 +0000 2017
930393,@AmazonHelp Thank you however how long are they running for? As to what date not what deals. Many thanks,930395,@340716 You can find all you need to know and more by visiting our Press Release: https://t.co/lBjIEjUoTA,Mon Nov 20 20:40:56 +0000 2017,Mon Nov 20 20:59:00 +0000 2017
2388895,@AmazonHelp i have shared all details to __email__. can you pls take details from their and resolve the same.,2388897,"@174237 Unfortunately, we would not be able to access your account/order info here. Kindly fill in your details through the link mentioned earlier and we'll reach out to you soon. ^VM",Tue Nov 14 08:50:42 +0000 2017,Tue Nov 14 09:25:00 +0000 2017
98678,"@116935 Amazon Music &gt; Spotify, Pandora, Apple Music",2969557,@819101 😍😍😍 Thanks for the shout-out! ^ST,Thu Nov 30 00:02:54 +0000 2017,Thu Nov 30 00:06:32 +0000 2017
2171442,@115821 @AmazonHelp #angry live chat &amp; email with customer service &amp; nobody understands what we are saying so sharing the evidence here: 2/2 https://t.co/DuBKuBPMUw,2171441,"@636879 I'm sorry you've had this experience with delivery and when speaking with us! I would like for someone from our Social Media team to look into this for you. When you have a moment, please reach us here: https://t.co/v5xhXV0Api. ^AL",Thu Nov 16 18:34:25 +0000 2017,Thu Nov 16 18:38:28 +0000 2017
439278,@AmazonHelp Check the order details and u will understand the cncrn.sent mail to resolution-in and yet to get any https://t.co/VoRoMjnex6 lost my phone,439277,@219326 and we’ll contact you at the earliest. (2/2)^AU,Wed Oct 11 08:31:39 +0000 2017,Wed Oct 11 10:03:28 +0000 2017
1142022,@115821 why offer same day shipping if you never actually deliver same day? Do you just think we won't notice?,1142021,"@388806 I'm so sorry that we didn't get you order to you in time, Ashley! What is the status &amp; carrier? https://t.co/Y5jpI9gRhE ^FR",Tue Oct 24 15:02:40 +0000 2017,Tue Oct 24 15:07:00 +0000 2017
168012,"@AmazonHelp 
What can i do? If i want to start delivery providing business with amazon .. because already i have tried alot of times to call Amazon support team and customer care, Kindly give me the information about ATS and procedures to start the business...",168010,"@155084 To join the I have Space program, write to __email__. ^MK",Fri Nov 24 20:28:17 +0000 2017,Fri Nov 24 20:54:00 +0000 2017
971754,"@AmazonHelp なんと！
早速アップデートして横画面表示を確認しました。
ありがとうございます。",971753,@350525 ご不便をおかけいたしました。今までどおり横画面でも当サイトをご覧いただけるかと存じますので、どうぞよろしくお願いいたします。万が一何か不具合等があれば、お手数ですがお知らせいただければ幸いです m(_ _)m HM,Sun Oct 22 08:23:39 +0000 2017,Sun Oct 22 08:29:00 +0000 2017
83427,@AmazonHelp 返信ありがとうございます。ぜひ改善の際に「値下がりした商品」フィルターの再検討をいただけるようお願いします。,83429,"@134328 とんでもございません、こちらこそいつもAmazonをご利用いただきありがとうございます。
これからもAmazonについてお気づきの点やご不明な点などがございましたらご遠慮なくお知らせください。MH",Thu Nov 30 13:58:59 +0000 2017,Thu Nov 30 22:39:27 +0000 2017
180285,@AmazonHelp oui,180287,"@158417 Que dit le suivi de votre colis je vous prie ? 
^KE",Wed Oct 04 11:54:00 +0000 2017,Wed Oct 04 12:01:40 +0000 2017
2514688,"@AmazonHelp Ja, habe ich. Es wurde aus unerfindlichen Gründen eine Retoure eingeleitet und man kann nichts mehr machen.",2514690,"@716463 Bestell es doch einfach neu 😉 Wenn der Artikel zu uns zurückkommt, bekommst du automatisch die Erstattung. Grüße ^TR",Mon Oct 30 08:38:52 +0000 2017,Mon Oct 30 08:52:00 +0000 2017
2965257,"@AmazonHelp Als ich den Tweet sendete, kam die Mail. Jetzt liegt es an @134825 💪",2965256,@136634 Ha! Siehst du? :D ^TA,Wed Nov 29 22:31:37 +0000 2017,Wed Nov 29 22:33:00 +0000 2017
619248,That thing where you order a microphone on @115830 prime to do some work for a deadline and it still hasn’t turned up nearly a week later.,619247,@220929 I'm sorry your order hasn't arrived as expected! Please reach out to us here: https://t.co/JzP7hlA23B so we can look into this order with you. ^AH,Wed Nov 22 14:23:41 +0000 2017,Wed Nov 22 14:34:32 +0000 2017
1293016,"@AmazonHelp I’ve said, nothing has been received!",1293017,"@318914 Apologies, please fill out this form: https://t.co/tkLCr7DNil so we can look into this further. ^JJ",Fri Oct 27 07:35:06 +0000 2017,Fri Oct 27 07:53:00 +0000 2017
527699,@115850 @AmazonHelp - I'm still waiting! :/ https://t.co/M98fbAhSo3,527698,@231841 An email has already been sent with a reply. Kindly check it from the link shared here: https://t.co/NTkrxpaAj9 ^HR,Sat Dec 02 07:54:07 +0000 2017,Sat Dec 02 08:14:00 +0000 2017
2803356,アマゾンから連絡きた！金曜日到着予定ですって(о´∀`о)楽しい週末になりそうー❤,2803355,@781973 ご利用いただきありがとうございます🙏✨SK,Wed Nov 22 01:27:28 +0000 2017,Wed Nov 22 01:39:39 +0000 2017
21028,"@AmazonHelp Hi? I sent in the email but still no reply 20 hours later. Please help out with this, it's really urgent. THanks",21026,@120609 Hi. I'm sorry to hear that. Have you tried by phone/chat for a swifter response? ^DC,Wed Nov 01 07:31:41 +0000 2017,Wed Nov 01 07:42:57 +0000 2017
1387131,@AmazonHelp I already sent email to your customer service but got two different reply without resolving my query,1387133,"@442767 Apologies for the inconvenience, that wasn't intended. Please share your details here: https://t.co/GIJyeYqKE0 and we will get in touch with you soon. ^BS",Mon Nov 20 07:25:36 +0000 2017,Mon Nov 20 07:33:30 +0000 2017
876654,@AmazonHelp I appreciate my product being protected but could a smaller box not be found? https://t.co/100SKjAxj4,876653,"@328135 We're always looking to improve, Adam! Here is where you can express your feedback: https://t.co/fxgZ6hTrFA ^VB",Mon Oct 09 21:40:42 +0000 2017,Mon Oct 09 22:12:00 +0000 2017
1225700,@115821 if I use amazon cash what will it do to my current gift card balance,1225698,"@306989 Hi, Nick! Just to clarify, are you referring to Amazon Coins or your Amazon Allowance? Please let us know, we'd love to help!^KL",Wed Oct 25 18:57:05 +0000 2017,Wed Oct 25 19:23:09 +0000 2017
131696,"@AmazonHelp ""Ten songs could not be added. Try again""",131695,"@145699 Hmm, that is odd. Can you reach out to us directly so that we can trouble shoot this in real time? We'd be happy to investigate further via the following link: https://t.co/JzP7hlA23B ^KI",Fri Nov 24 07:30:20 +0000 2017,Fri Nov 24 07:34:56 +0000 2017
98629,@AmazonHelp I’ve had several CSRs refer me to this page. It does not address my concern.,98628,"@137587 We don't have account access here, but have you tried to contact us here: https://t.co/Q7Ftz6nj80 for real-time assistance on this? Keep us posted, we want to make sure this has been looked into! ^FR",Thu Nov 30 16:46:34 +0000 2017,Thu Nov 30 16:52:08 +0000 2017
1541022,...how is it possible that my #FireTV remote died the same day my device can't find the app? @AmazonHelp omg,1541020,@313908 Oh no! Please reach us by phone or chat so we can see what options are available: https://t.co/hApLpMlfHN ^LL,Fri Nov 03 22:06:37 +0000 2017,Fri Nov 03 22:34:32 +0000 2017
93738,@115821 since I pay for prime and had a guaranteed delivery date and it was not delivered by then so I get my money back?,93736,"@136320 I'm sorry your order has not arrived! We never intend for this to happen. Just to clarify, have you received an e-mail regarding this delivery? ^AL",Thu Nov 30 15:26:07 +0000 2017,Thu Nov 30 15:29:01 +0000 2017
919462,プライム会員退会すんの忘れてた(；ω；),919461,@338254 キャンセルをご希望の場合は、以下のリンクのヘルプページをご参照の上お手続きください。https://t.co/JrKFIybs6n なお、プライムでは以下のような特典をご用意しています。https://t.co/FJh7vAncqv TN,Sat Oct 21 10:50:18 +0000 2017,Sat Oct 21 10:53:53 +0000 2017
1684354,@115830 I have now checked the status and it says they will arrive tomorrow. Very frustrating as they were a birthday present,1684355,"@511871 Hello, I understand how frustrating it can be to not get your packages when you need them. (1/2)",Tue Oct 17 15:50:49 +0000 2017,Tue Oct 17 16:44:00 +0000 2017
1405286,"I've had a delivery off @115830, but where is my parcel, Amazon took a photo, but I haven't got a package. It looks small-ish, letterbox? https://t.co/GkuwmsZgCV",1405285,@446705 That's not good! We'd like to take a closer look at this w/ you via phone/chat here: https://t.co/JzP7hlA23B ^KP,Sat Oct 28 18:38:24 +0000 2017,Sat Oct 28 18:45:00 +0000 2017
316502,@AmazonHelp ByCheats IMean unprofessionalDeliveryAgents whoMakeFalseStatusUpdates &amp;DontDeliverForDays. DontAllow Amazon&amp;Customers2BCheated.😢 @115851,316503,@191574 Did you share your details with us your details using the secure link we had shared? ^CB,Sat Oct 07 16:46:11 +0000 2017,Sat Oct 07 18:12:00 +0000 2017
792645,"@AmazonHelp @116928 @130709 @132703 la ""nueva fecha de entrega"" es hoy hasta las 20:00... https://t.co/VC98Tgmh4G",792643,"@309019 Entiendo linkrvon, en caso de que no recibas tu pedido hoy a las 20:00, por favor reportalo directamente a nuestro SAC. ^AZ",Wed Sep 06 16:22:03 +0000 2017,Wed Sep 06 16:32:00 +0000 2017
927871,@AmazonHelp USPS doesn't help the box just sits there for days after you  shipped it. You also ship via parcel select 2-8 day service... I have prime,927873,"@340149 If we've been missing the delivery date confirmed by e-mail, please reach us by phone for assistance: https://t.co/hApLpMlfHN ^MV",Sat Oct 14 02:49:54 +0000 2017,Sat Oct 14 03:02:26 +0000 2017
2670062,@AmazonHelp Just that there was a problem and our order was cancelled. As we thought we had tickets we stopped trying so have ended up with none now which is very annoying.,2670064,"@751958 I'm terribly sorry you didn't end up with tickets. Reach out to us here, https://t.co/0W6jitxbiC so that we can look into this further for you.
^AV",Sun Nov 19 11:56:48 +0000 2017,Sun Nov 19 12:53:28 +0000 2017
1350307,It’s 6.30 and my parcel still hasn’t arrived - this is the second time in one week where my package hasn’t arrived on time/at all @115830,1350305,"@434872 I apologize for the wait, Thomas! Does the parcel show out for delivery today: https://t.co/aaDyEz1VgE ^CS",Fri Oct 27 17:33:21 +0000 2017,Fri Oct 27 17:51:00 +0000 2017
1170022,@AmazonHelp 22 minutes on the phone with customer service and no resolution. awesome! 👍,1170019,"@395201 This definitely isn't what we strive for! Without including account info, could you tell us more about what's going on? ^ML",Tue Oct 24 19:17:24 +0000 2017,Tue Oct 24 19:27:01 +0000 2017
1960978,"@115833 If I say ""play x on Pandora"" it usually works.",1960977,@581609 We'd like to make sure your feedback is documented. Please visit: https://t.co/ln0j6m4lcb ^AF,Wed Oct 18 17:00:20 +0000 2017,Wed Oct 18 17:04:02 +0000 2017
1649120,Nice. My @115821 package was delivered to my neighbor. Good thing they just brought it over to me. Delivery person should be more careful.,1649118,@241325 I'm sorry your package was delivered to the wrong address. Can you let us know who the carrier was? ^EB,Sun Nov 05 22:38:20 +0000 2017,Sun Nov 05 22:54:38 +0000 2017
2945425,@AmazonHelp I've been waiting for ages and still my amount hasn't been refunded yet. Wondering how Rs500 made Jeff Bezos the richest man!,2945427,@813610 That was unexpected. We'd like to assist you with this. Please contact us here: https://t.co/rS49hgaADF and we'll look into this right away. ^BV,Wed Nov 29 15:51:17 +0000 2017,Wed Nov 29 16:22:00 +0000 2017
1721680,"@AmazonHelp This morning, but have received same message for some time so thought I’d see if social media might get me somewhere",1721681,"@520706 Hi, for your security we can't see your account here. Has a time frame been provided for a response to be expected? ^TS",Tue Nov 07 11:16:14 +0000 2017,Tue Nov 07 11:39:26 +0000 2017
124094,@117086 Pelo menos comprei 4 livros 😍,124092,"@143754 Olá, Igor! Conte para nós, quais livros você comprou?. 🤔📚 ^NB",Fri Nov 24 01:15:57 +0000 2017,Fri Nov 24 01:25:00 +0000 2017
2647248,"@UPSHelp @115817 @AmazonHelp  I guess I should ""buy local since I can't get my deliveries to my home. #upssucks #upsislazy https://t.co/osVr12bsjk",2647247,@746840 Hey there! I am sorry you are having trouble receiving your packages. Please contact us here: https://t.co/hApLpMlfHN so we can help you with this. ^AP,Fri Nov 17 22:31:47 +0000 2017,Fri Nov 17 22:53:28 +0000 2017
2355290,@AmazonHelp Your customer service sucks.,2355288,"@680448 This isn't what we like to hear! Without providing personal or account details, can you let us know what's going on? We'd like to help in any way we can! ^FD",Mon Nov 13 18:46:12 +0000 2017,Mon Nov 13 19:01:24 +0000 2017
840899,@115850 may be you start uploading Kannada movies too.,840898,@320061 Please stay tuned as we expand our content selection. ^PS,Fri Oct 13 11:38:23 +0000 2017,Fri Oct 13 11:48:00 +0000 2017
988198,@AmazonHelp ! https://t.co/7WBQZDMK4F,988197,@131820 10.or is a smartphone brand and you'll win the same if you're the lucky winner. I wish you all the best for the contest.^SU,Sat Oct 14 08:05:58 +0000 2017,Sat Oct 14 10:47:00 +0000 2017
2380835,@115850 product to be delivered was a 2 TB firecuda. Delivered 4 TB Nas. Price difference .. 5k. Instead of replacing with correct product been told to return. Need a resolution https://t.co/jjCUmHvPAI,2380834,@686468 Sorry to hear about the delivered order. Let us look into it. Have you reported it to the support team here: https://t.co/TxK11znixD ? ^HR,Tue Nov 14 04:56:39 +0000 2017,Tue Nov 14 05:23:00 +0000 2017
1524039,@AmazonHelp since when did you guys raise the minimum to $35 for Prime Now orders ?,1524042,@473474 Thanks for letting us knwo! You can find more info about out threshold for Prime Now orders here: https://t.co/jyNWAEwQBd ^JO,Fri Nov 03 21:45:43 +0000 2017,Fri Nov 03 21:52:00 +0000 2017
1633241,@115850 @AmazonHelp @AmazonHelp WILL NEVER LEAVE THIS ISSUE LIGHTLY. SHARE YOUR LEGAL TEAM ADDRESS. I WILL DEAL THIS WITH MY ADVOCATE. LETS FACE IN THE COURT,1633242,"@499713 Apologies for the inconvenience, Kindly fill in your details here https://t.co/beaaDm0muc and we'll assist you. ^VG",Sun Nov 05 20:11:32 +0000 2017,Sun Nov 05 20:18:00 +0000 2017
1217517,@128308 when the prime music available on fire tv India?,1217518,@318700 Amazon Prime Music will be available to Indian Prime Members exclusively on echo devices starting 10/31and in near future ^VN (1/2),Wed Oct 25 13:52:28 +0000 2017,Wed Oct 25 14:22:24 +0000 2017
761190,I ordered a book that I need to read in the next couple of days for uni &amp; instead I received this? Not going to help me in my exam @115821 https://t.co/zwiUJPJXeb,761188,"@301876 I'm sorry for the mix-up! Was your order sold by Amazon, or a third-party seller? Check here: https://t.co/wf5G6izhzV ^MB",Wed Oct 11 20:19:48 +0000 2017,Wed Oct 11 20:29:01 +0000 2017
631655,"I am so sorry to be saying this as a loyal customer. After 4 days of trying to solve a simple issue with #Amazon I can now say that I am not able to recommend Amazon to anyone, due to the lack of support from their technical support team. @115821",631654,"@269688 We'd like for you to have a better experience with us! Without giving account information, can you tell us more about what's going on? We'd like a chance to help! ^KJ",Wed Nov 22 15:55:37 +0000 2017,Wed Nov 22 15:59:00 +0000 2017
806262,@AmazonHelp USPS.,806261,@312135 Have you noticed a trend with this specific carrier? ^PF,Thu Oct 12 17:49:06 +0000 2017,Thu Oct 12 17:54:39 +0000 2017
1391478,@AmazonHelp @115850 @115851  which calendar does Amazon follows? 20th day from order and I still didn't get my book. https://t.co/B8lpqaqLdy,1391477,@375447 I’m sorry about the delay. Have you escalated this to our support team via the link shared earlier? ^SB,Sat Oct 28 12:06:34 +0000 2017,Sat Oct 28 12:22:00 +0000 2017
2205239,"@116313 3DSを気持ちよく向かい入れるためがんばるぞ！！

（通販やからお前が別に頑張っても頑張らんでも3DSは届くんやでって言うやつは何やってもダメ）",2205238,@644795 Amazonをご利用いただきありがとうございます！3DSを気持ちよく向かい入れるため、がんばりましょう！( ˘ω˘ ).｡oO(がんばりすぎないでくださいね・・・！✨✨)　MH,Thu Nov 09 15:45:20 +0000 2017,Thu Nov 09 23:07:31 +0000 2017
2520652,今日はのんびり。Amazonでドキュメンタル見てるけど飛蚊症ひどい。,2520651,@717958 こんにちは、Amazonです。ご利用いただきありがとうございます(◍ •◡• ◍) SK,Thu Nov 16 00:43:35 +0000 2017,Thu Nov 16 01:13:30 +0000 2017
585664,@115850 Hv a request guys 🙏.Placed an order but travelling out on 6th morning! Need order urgently by 5th evening. Pls help!! Actually it's in exchange to the prev.ordr which arrived today n the size of the shoes was bigger than usual. Pls help guys🙏 https://t.co/jP79nV9O0K,585662,"@258279 I get your concern regarding the delivery. However, we'll not be able to assure delivery before the estimated delivery date. Also, please don’t provide your order details as we consider them to be personal info. Our page is visible to public. ^SG",Sun Dec 03 14:49:17 +0000 2017,Sun Dec 03 15:10:29 +0000 2017
1201201,"@AmazonHelp en la web pone que han hecho un intento de entrega, pero es MENTIRA, ni han venido ni han llamado como aseguraron. Fatal.",1201204,"@402243 Entiendo, por favor reportalo a nuestro Servicio al Cliente a través de este enlace:https://t.co/OjvUxwnzPe . ^MB",Wed Oct 25 13:23:47 +0000 2017,Wed Oct 25 13:26:34 +0000 2017
1424695,No se en que momento me volví tan fan de @115821,1424694,"@450987 Hola Hugo. Cuéntanos, ¿por qué estás tan contento? 😃 ^JJ",Sat Oct 28 20:23:49 +0000 2017,Sat Oct 28 20:26:30 +0000 2017
127390,@115851 Amazon Involved in Fake orders and using our hardworking money for at least a week. As I already guaranteed on 21st nov that my order will get cancelled. Today amazon cancelled my order and this is 4th time in last 3 months. Worst customer support. Lost trust in amazon,127388,"@144607 I'm afraid that we haven't received the mail yet. I request you to kindly fill in the details once again through the link provided to you earlier, so that we can work on this right away, without any further delay. ^SC",Fri Nov 24 03:30:34 +0000 2017,Fri Nov 24 04:12:30 +0000 2017
738387,@AmazonHelp Already done and he asked me to wait for an hour. You Amazon Pay service is garbage. I cant even purchase instantly. I wont be using it.,738389,@296604 Thanks for reporting. Our team will work on this right away. Appreciate your patience. ^HK,Wed Oct 11 12:59:59 +0000 2017,Wed Oct 11 13:15:34 +0000 2017
272690,@AmazonHelp あっ💦はい！電話はしてないので大丈夫です！！ありがとうございます😊,272692,@181102 なお、迷惑メール対策として、携帯大手3社をご利用の場合には、申告窓口を設置しています。同様のメッセージを今後受信しないためにも、ご利用の携帯会社の窓口へ受信したメッセージのご申告をご検討ください。リプライありがとうございました。ET,Fri Oct 06 03:52:33 +0000 2017,Fri Oct 06 04:01:30 +0000 2017
1334312,@AmazonHelp package left at same place from 24 oct of ordder id ( Order# 404-8261166-0718759). what a worst delivery service,1334314,@431267 The tracking update will be put up as soon as the package is scanned at a carrier station in transit. (1/3),Fri Oct 27 13:43:09 +0000 2017,Fri Oct 27 13:55:00 +0000 2017
597992,@AmazonHelp still hasn’t shipped my @130626 18 game which was a Black Friday purchase btw. I’m thinking about cancelling my amazon prime.,597990,@214532 'm sorry for the wait. Some items aren't able to ship immediately. Our shipping times are the transit time from when we ship the item till you receive it and may not include weekends. What date is given on your order confirmation e-mail? ^AN,Sun Dec 03 20:00:09 +0000 2017,Sun Dec 03 20:01:27 +0000 2017
2720001,@AmazonHelp why do you bother having things in today's deals when they all just get cancelled? https://t.co/HmlOB7Y1O1,2720000,@140382 Sorry to hear. Have you had this issue before? ^ES,Mon Nov 20 09:04:40 +0000 2017,Mon Nov 20 09:08:30 +0000 2017
385081,Hey @115850 why it is showing that it will take 1 week more when it is in Allahabad which is not far from delivering address https://t.co/w1TCspcwxH,385080,@207169 The packages are shipped to meet the estimates. Please wait until the estimated delivery date and it will be delivered. ^HN,Mon Oct 09 11:39:02 +0000 2017,Mon Oct 09 11:49:54 +0000 2017
2036738,"@AmazonHelp This meat-based product appears in the search results for keyword ""vegetarian"": https://t.co/phPlGFtKU7",2036737,"@602176 Thanks for reporting this, Brian! ^VB",Wed Oct 18 22:04:58 +0000 2017,Wed Oct 18 22:21:36 +0000 2017
828319,@115850 @171328 Please help me for this..... Very poor service as pick up date was 3rd oct 17 now 10 days passed no pick up by came. wht shld i do??? https://t.co/Ru2UxES5aQ,828320,@317328 here: https://t.co/00q4Sqj9zL for assistance? (2/2) ^KA,Fri Oct 13 02:52:26 +0000 2017,Fri Oct 13 03:07:30 +0000 2017
2881882,"@241399 @AmazonHelp @115821 perfect service and customer experience, you are selling defected items and different than the products we purchased, and the reply from ur CC agents ""sorry it will take between 14-30 days to refund you and take back the item from you"" https://t.co/7UZAi20aLO",2881881,"@799627 I'm sorry, please fill this form: https://t.co/beaaDm0muc and we'll get back to you soon. ^SI",Tue Nov 28 09:14:54 +0000 2017,Tue Nov 28 09:40:00 +0000 2017
825888,"Ok @115821 I'm about done w your racist ass Alexa. I'm tired of whiting up my language for her just to say  ""I can't find Cruz by Celia.",825887,"@316699 Hey kb, we'd like to look in to what you've reported here. Please provide us with your info here: https://t.co/w2Ihxr47py ^PF",Fri Oct 13 00:55:47 +0000 2017,Fri Oct 13 01:00:29 +0000 2017
2603124,@117634 ERROR CODE -505!!! Turned my fire hd 10 into a paperweight!!! No books nothing!!,2603122,@736648 Have your tried restarting your device? You can do this by holding the power button for 40 seconds then restarting. ^KI,Fri Nov 17 08:28:18 +0000 2017,Fri Nov 17 08:55:28 +0000 2017
2928942,お姉ちゃんの習い事の付き添いを騙し討ち的に置いていかれて激おこなのでアマゾンプライムで鎧武を見せてご機嫌を取るの巻 https://t.co/NA2rTuqrQV,2928941,@810284 Amazonプライムをご利用いただきありがとうございます！お役にたててなによりですΣd(*`･∀･´*)　SM,Wed Nov 29 05:55:08 +0000 2017,Wed Nov 29 06:03:31 +0000 2017
1955298,Oficialmente soy adicta a @115821 ❤️,1955296,@580364 Es irresistible 😌 ¿Qué has comprado ultimamente? ^LG,Wed Oct 18 17:33:49 +0000 2017,Wed Oct 18 17:40:00 +0000 2017
1541872,@AmazonHelp Are you kidding?? Clicked that link and it took me to a sign in form- I can’t!,1541873,"@477745 Hi, I do apologize for the wrong link being sent. Here is the correct link : https://t.co/zYVX1Qi29G ^CR",Sat Nov 04 07:13:17 +0000 2017,Sat Nov 04 07:18:28 +0000 2017
382906,@AmazonHelp If u reply after 12hrs the when would delivery happen ? Y can't a swift action be taken and make a urgent delivery,382907,@206736 We understand that your are waiting for the product.  1/2 ^SB,Sat Oct 21 12:49:03 +0000 2017,Sat Oct 21 12:57:01 +0000 2017
2369566,"Valeu @117086 !
Chegaram e muito bem embalados.
É @6324  , é São Tomás de Aquino.
É recuperar o tempo perdido.
#Cultura
#Leia
#SeAprofunde https://t.co/rKJCpJaAht",2369565,"@683835 Olá, Ciro! Nossa, que livros interessantes! Me diga, qual deles você vai ler primeiro? ^CR",Mon Nov 13 23:33:26 +0000 2017,Tue Nov 14 00:12:31 +0000 2017
980025,Finally the waiting is over received my Echo Dot today thank you @115850.🤗☺️ https://t.co/zhsUNVD9vE,980024,"@169711 You are welcome, Avinash. ^MJ",Fri Nov 03 04:58:04 +0000 2017,Fri Nov 03 05:10:49 +0000 2017
1265308,@AmazonHelp Any update . Please note that I already called Amazon thrice from last several days. Nothing helped.,1265309,@415769 Please be assured we are working on it and shall reach out to you with an update soon. ^GS,Mon Oct 16 07:16:24 +0000 2017,Mon Oct 16 07:30:26 +0000 2017
592090,Thanks @115830 for ruining Christmas presents :(,592089,@260121 We'd like to try to help. Please tell us more about what's going on. Do you need help with a current order? ^CO,Sun Dec 03 17:15:01 +0000 2017,Sun Dec 03 17:17:54 +0000 2017
1216234,"@115821 I wonder why I pay for prime… I think out of about the past 8 only 1 has arrived on time ! Shocking service!
#amazon #prime #fail",1216233,@405391 Oh no! I'm sorry for the troubles with your orders! Can you tell me which site you order from and the current status? ^FR,Wed Oct 25 17:20:25 +0000 2017,Wed Oct 25 17:27:06 +0000 2017
1997742,"Dear @AmazonHelp, why are your delivery drivers incapable of reading instructions? Leave in safe place does not mean ""don't deliver if out"".",1997740,@590699 I'm sorry for the delivery issue! We'd like to look into this with you. Please contact us here: https://t.co/JzP7hlA23B ^WT,Wed Oct 18 19:38:13 +0000 2017,Wed Oct 18 19:43:00 +0000 2017
1124636,"Amazon勝手に時間指定便になってる
いつ届くんだ",1124635,@385181 設定していないにも関わらずお届け日時指定便で発送になっているという事でしょうか？よろしければ詳しい状況をお調べしますので、こちらのURLよりカスタマーサービスまでお問い合わせ下さい。 https://t.co/in6BSwcWrO EK,Tue Oct 24 07:40:15 +0000 2017,Tue Oct 24 08:03:00 +0000 2017
1570306,@115850 @AmazonHelp Very frustrating experience. I'm not able to add money to Amazon Pay via debit card &amp; not avail the 15% off using APay,1570304,@182622 I'm sorry to know about that. May I know what error are you getting? ^SK,Sat Nov 04 16:38:27 +0000 2017,Sat Nov 04 17:03:33 +0000 2017
2448300,"@117634 I just found my old Kindle. I factory reset it. I’m having trouble getting it registered, and I can’t upload any book files to it via USB because I can’t find it on my computer, despite it charging. Is the original Kindle completely obsolete, or is there a fix? https://t.co/lCEcpfyx3Z",2448299,"@701785 That's odd! Let's take a look into this further in real-time. When you have a free moment, please reach out to us through phone or chat here: https://t.co/hApLpMlfHN ^HM",Wed Nov 15 02:18:47 +0000 2017,Wed Nov 15 02:27:00 +0000 2017
2478907,"@AmazonHelp Hello,
I do not want to contact the seller.
I want to contact amazon.de
Please send me an email address.
fredrik",2478909,"@708451 This is our contact form. If you use a mobile device, please scroll down to the bottom of the page. There should be a button available, which leads you to our contact form. ^KM",Thu Nov 16 07:32:08 +0000 2017,Thu Nov 16 07:45:24 +0000 2017
2128944,@AmazonHelp Be sure that I will! The problem is that I dont want a refund and another sending to have the same bad surprise... do you have empty boxes? @438 @626713,2128942,"@626712 I'm sorry for this unpleasant experience, tell me please, do you have an Amazon.fr account?^FT",Wed Nov 08 19:19:38 +0000 2017,Wed Nov 08 19:26:31 +0000 2017
1664058,@AmazonHelp .@115850 @AmazonHelp ?????????????????????????????????????????????????????????????????????,1664059,"@119350 If the details are provided from the link provided, you should have received a correspondence here: https://t.co/DTSNmGldJf ^BS",Tue Nov 07 09:45:22 +0000 2017,Tue Nov 07 10:01:00 +0000 2017
1444402,@AmazonHelp Demain et il y a marqué expédition prévue aujourd’hui encore.,1444406,@455178 1/2 L'expédition peut se faire tard dans la journée ou même pendant la nuit. Je vous invite à patienter s'il vous plaît.,Thu Nov 02 15:41:40 +0000 2017,Thu Nov 02 15:54:00 +0000 2017
2677396,@AmazonHelp voy a dejar a alguien aqui hasta las 17h....como no llegue ya os digo que quiero la devolución del dinero y no pienso recepcionar paq,2677397,"@753510 Por favor, mantennos informados. ^HC",Tue Oct 31 14:50:22 +0000 2017,Tue Oct 31 15:03:30 +0000 2017
1252014,"@115821 I ordered ""the alchemist""But it is saying delivered to me even before I actually got delivered.This is just befooling customers.",1252015,@413693 Kindly report this to our support team here: https://t.co/R3EfhzgU8B. We'll definitely look into it. 2/2 ^PS,Mon Oct 16 04:06:00 +0000 2017,Mon Oct 16 04:31:00 +0000 2017
1152564,@AmazonHelp Done. Thanks 👍,1152565,@391220 You're most welcome! We're here for you! ^SK,Tue Oct 24 17:46:15 +0000 2017,Tue Oct 24 17:52:34 +0000 2017
373318,@AmazonHelp USPS,373319,@204462 Please let us know if it doesn't arrive by the date reflecting here: https://t.co/Y5jpI9ys9c ^ST,Mon Oct 09 01:09:47 +0000 2017,Mon Oct 09 01:47:00 +0000 2017
1673654,"@AmazonHelp @118702 This was your customer associates reply, when I ask how long it would take to resolve the issue?",1708428,"@509281 We're working on this issue and will get in touch with you at the earliest, please keep an eye on your mail box. ^SM",Mon Nov 06 17:38:44 +0000 2017,Mon Nov 06 18:09:00 +0000 2017
182501,@AmazonHelp Trying to purchase Star Wars Battlefront II for PC and getting this error. https://t.co/QZVlJJRwFy Any help?,182500,@158920 Have you tried clearing cache/cookies and restarting your device? ^VS,Wed Oct 04 17:20:00 +0000 2017,Wed Oct 04 17:27:01 +0000 2017
2416384,@AmazonHelp This is pathetic not expected this from your guys so cheap activity done by Amazon people,2416385,@126983 I get your disappointment. Kindly share the asked details via the above link. We'd like to help. ^SG,Sun Oct 29 09:44:07 +0000 2017,Sun Oct 29 10:07:34 +0000 2017
2538172,@AmazonHelp 小さな本を買った時でも大きな箱で届くことがあります。メール便なのか、不在だと持ち帰られてしまう宅配便なのか、事前にわかる方法はありますか？ポスト投函だと事前にわかっていたら、自宅で待機する必要もなく、仕事を休んだりしなくてもよかったはずです。,2538173,"@721909 当サイトの梱包が不適当であったことについて、お詫びいたします。
メール便か宅配便かについては、発送の際のＥメールでご確認いただけます。https://t.co/kDyuqGklhQ 配送業者名・お問い合わせ伝票番号も併せてご覧いただけますので、ご確認ください。https://t.co/wkszGpVaei RI",Thu Nov 16 10:45:40 +0000 2017,Thu Nov 16 11:04:00 +0000 2017
817600,@116316 Seit 11 Uhr wird heute versendet... Es ist jetzt 23:03. Was läuft da denn wieder nicht?... #wwe2k18,817599,@314738 Unser Kundenservice kann deine Bestellung prüfen: https://t.co/ohyvGrpvrY ^SK,Thu Oct 12 21:03:31 +0000 2017,Thu Oct 12 21:10:32 +0000 2017
399115,"@130293 Y si las temporadas que llevan meses pendientes se activan de una vez, ni os cuento :)",399113,"@210363 Cuéntanos, ¿cuáles estás viendo actualmente? ^VM",Sun Oct 29 08:04:41 +0000 2017,Sun Oct 29 08:08:52 +0000 2017
1537469,"@115850 Is it possible to replace a bag with another bag of different size, only option available is same item replacement",1537468,"@476641 I'm afraid, you will not be able to replace the product with a different item. ^SQ",Tue Oct 17 01:41:58 +0000 2017,Tue Oct 17 01:45:16 +0000 2017
378532,@AmazonHelp Didn't get any response so far.,378535,@205826 I’m sorry for the issue regarding the return. Could you please let us know if you have shared the details via secure link? ^SB,Mon Oct 09 10:06:47 +0000 2017,Mon Oct 09 11:27:00 +0000 2017
959312,@115850 @146956 @120844 @734 What is the status till now I have not got my refund amount when I'll get already more than 3 months over,1773984,@298113 Sorry for the ordeal. We've sent a correspondence to your registered email ID. Kindly check it 1/2 ^SC,Wed Nov 08 03:06:00 +0000 2017,Wed Nov 08 03:26:00 +0000 2017
1043699,@AmazonHelp @115821 @115850 7 hours gone !! Still no resolution. I have not got delivery of my product. How much more time will it take ?,1043700,"@366798 I understand the urgency, Pankaj. We're working on it, will get back to you very soon. ^JC",Tue Oct 24 10:35:18 +0000 2017,Tue Oct 24 11:05:28 +0000 2017
977858,@123288 see how @115850  cheats in sale day same seller same process @115851 https://t.co/EFB8eztNEv,977856,@324801 Could you kindly share the link to the product? We'd like to look into. ^NS,Sat Oct 14 07:39:24 +0000 2017,Sat Oct 14 08:09:30 +0000 2017
253950,"@AmazonHelp Rung customer services who changed the order to ""reschedule request"" or something. Even though it was guaranteed to get here today.",253952,@176367 Has the scheduled delivery date changed to a different time when we made the request? ^WM,Thu Oct 05 18:30:54 +0000 2017,Thu Oct 05 18:34:00 +0000 2017
2616455,@115850 @AmazonHelp I need to buy an Amazon Echo Plus and get it by tomorrow night. But my invite has expired. Can something be done? It's a gift for someone.,2616453,@739534 You can request for another invite here: https://t.co/pXl936hSLP and place a new order. Once the order is placed the estimated delivery dates are generated. ^MN,Fri Nov 17 14:03:11 +0000 2017,Fri Nov 17 14:26:06 +0000 2017
293774,Seriously @115850 just 375 Rs. off on a working fully automatic front load washing machine? Send someone over I will give it to for free https://t.co/NzgEifMv7m,293773,@185990 on the condition of the used product that you want to exchange. ^SG(2/2),Fri Oct 06 16:51:24 +0000 2017,Fri Oct 06 17:21:38 +0000 2017
1240501,@AmazonHelp it been 4 days there is no proper update how long will it take?,1240503,"@410969 I understand your concern, Divakar. We're working on the issue and will reach out to you soon. ^AP",Mon Nov 13 07:43:51 +0000 2017,Mon Nov 13 07:59:31 +0000 2017
1100957,@AmazonHelp Shipped third party. Sent 2 wrong items. I used my $20 dash coupon also.,1100959,"@212660 I'm sorry you didn't get what you ordered, Matt! Have you reached out to the seller for options here: https://t.co/4CjcIXW7im ? ^TN",Mon Oct 23 22:59:07 +0000 2017,Tue Oct 24 01:17:34 +0000 2017
2338451,@115850 on continuation above .they not even call me on Wednesday inadvertently delaying in delivering.took action .,2338450,@676496 Please fill in your details using the link: https://t.co/JzRdscmdH9 and I'll get in touch with you soon. ^AK (2/2),Fri Oct 20 06:03:57 +0000 2017,Fri Oct 20 06:25:33 +0000 2017
2877080,"Got to squeeze two more things I don't need in 🙂

thank you @115821 https://t.co/6nxGwtufSd",2877078,"@798649 We're glad you were able to take advantage of our ""light""ning deals! :) ^SY",Tue Nov 28 06:28:43 +0000 2017,Tue Nov 28 06:34:00 +0000 2017
35153,You want BBC Radio 1? Alexa serves up BBC Radio Guernsey. Radio 2 - still Guernsey. Radio 3? Ditto. Amazon has 5000 people working on Echo… https://t.co/uJf1w1tpYF,35152,"@123654 Hi Stanley, we'd like to look into this for you. Please send us your details on this form: https://t.co/daqBYrjfiQ ^RS",Sun Oct 29 13:46:23 +0000 2017,Wed Nov 01 13:41:00 +0000 2017
223913,@115850 Amazon screen short https://t.co/VGXc2UTjmq,223912,@169501 Could you please elaborate your concern so that we can help you accordingly? ^NK,Wed Oct 04 16:59:50 +0000 2017,Wed Oct 04 17:58:28 +0000 2017
1300474,@AmazonHelp I have filled the form. Let's see how quickly you guys contact me.,1300475,@423949 Thank you for providing your details. Our team will get back to you with a resolution at the earliest. ^GU,Mon Oct 16 10:38:35 +0000 2017,Mon Oct 16 10:47:55 +0000 2017
260428,@AmazonHelp has happened to neighbors in building.  i have told delivery person not to leave packages unattended and they do it anyway.  makes we wary.,260430,@177969 We'd like to have a specialist look in to this with you. Please click here whenever's convenient: https://t.co/cVeJhdPeKN ^NM,Thu Oct 05 21:46:09 +0000 2017,Thu Oct 05 21:49:32 +0000 2017
2633026,@AmazonHelp Tirns out ive beencharged twice for both. Im not trusting the seller and these are the people your link takes me to. Im looking to speak to someone at Amazon itself and not the seller please?,2633027,@743443 I'm sorry about that! Give us a call here: https://t.co/JzP7hlA23B so we can work on this with you. ^AH,Fri Nov 17 21:37:33 +0000 2017,Fri Nov 17 21:43:37 +0000 2017
846911,@115830 really do we need this size box for 2 little items https://t.co/59Fl0O2Epl,846910,@321283 Oh no! Please give feedback here: https://t.co/fxgZ6hBQh0 so we can improve on future orders. ^MT,Fri Oct 20 13:59:38 +0000 2017,Fri Oct 20 14:37:41 +0000 2017
301533,when ya mom tells you that she signed up for amazon prime &amp; you can watch teen wolf whenever now🙂🙂🙂,301532,@187930 Sounds like a howling good time to us! ^JD,Fri Oct 06 20:56:33 +0000 2017,Fri Oct 06 21:00:01 +0000 2017
784068,@AmazonHelp My previous order was undelivered by u r courier service without informing me any justification about that,784069,"@307131 here: https://t.co/2t6DQoUmNZ, we'll get back to you soon. 2/2^AP",Thu Oct 12 07:57:14 +0000 2017,Thu Oct 12 08:14:00 +0000 2017
2723349,商品の状態があまりにも気に入らなかったのでアマゾンに返品したんだけど四日もたって音沙汰無しというか画面にまだ返送してくださいって出てるの大丈夫なのかな……,2723347,@763953 ご迷惑をおかけしております。商品をご返送いただき、返送先へ到着している場合でも、返品商品受け入れ状況等により返品処理完了までお時間がかかる場合がございます。恐れ入りますが処理完了のEメールをお待ちいただければと存じます。HM,Mon Nov 20 11:16:27 +0000 2017,Mon Nov 20 11:23:00 +0000 2017
2511617,"@AmazonHelp Si claro, el 17 de noviembre y vendido por Servicios Comerciales Amazon México",2511618,"@715856 Raúl, gracias por el dato, en este caso, como la fecha de entrega aún no expira, lo mejor sería esperar hasta el mismo 17 de noviembre, un paquete puede llegar antes de la fecha programada, pero por lo general, debería llegar ese mismo día. ^CB",Thu Nov 16 00:01:09 +0000 2017,Thu Nov 16 00:03:52 +0000 2017
849715,@AmazonHelp The issue is resolved. Thanks.,849716,@147145 You're welcome. :) ^HR,Mon Oct 23 09:58:02 +0000 2017,Mon Oct 23 10:09:27 +0000 2017
2869545,@115821 How do you not have any help articles on how to connect a replacement remote to your firestick when your connecting to different wifi source? C'mon now! Help!,2869543,@195663 Hi Chuck. I'm sorry to hear about the trouble you're having with pairing a remote! We'd like to help. Have you looked through this help page: https://t.co/edlfIRaQec? ^HC,Tue Nov 28 01:57:23 +0000 2017,Tue Nov 28 02:07:41 +0000 2017
743321,@115850 never expected a bad experience with amazon.,743320,@297736 That's quite a remark. Could you let us know what went wrong so that we can assist you further? ^NK,Wed Oct 11 14:51:52 +0000 2017,Wed Oct 11 15:16:52 +0000 2017
2544900,"@AmazonHelp two of the 3 items yes sold by Amazon, one of them was by Egolggo but fullfiled by Amazon. cc @115851",2544901,"@723378 We'd like to have a closer look into this with you. At your convenience, please click here and send us a little more information so we can better assist you: https://t.co/h5fAeT0AH5 ^SE",Sun Nov 26 21:23:16 +0000 2017,Sun Nov 26 22:19:29 +0000 2017
224340,"amazon refuse to provide invoice, seller refuse to provide bill...
only tarik pe tarik di ja rahi h..
@AmazonHelp",224339,@169605 Sorry to know you haven't received the invoice. I'd like to help you with the issue. Kindly fill your 1/2 ^SH,Thu Oct 05 04:33:55 +0000 2017,Thu Oct 05 05:23:00 +0000 2017
2402386,"@AmazonHelp your delivery has started giving me headaches. Have been complaining about it since ages yet no improvement, only assurances",2402385,"@362396 Apologies for this experience, we'd like to have a look into this. Please share your details here: https://t.co/neWMGoBREs and we'll contact you soon. ^SU",Tue Nov 14 13:30:20 +0000 2017,Tue Nov 14 13:59:00 +0000 2017
47878,@AmazonHelp Just that they will either refund me 50% of what I paid for the coat or they send me another. When I asked if I'd be paying for another,47879,@126707 We'd like to help you get this sorted out! Please get in touch with us by phone or chat: https://t.co/hApLpMlfHN ^KJ,Wed Nov 01 17:51:39 +0000 2017,Wed Nov 01 18:02:00 +0000 2017
793323,"@AmazonHelp bonjour, je vous l'ai écrit : c'est Amazon qui a envoyé les deux en même temps dans le même colis ( cf numéro de suivi postal) .",793325,@309164 Quel est le mode de livraison choisi lors de la validation de votre commande? ^ASZ,Thu Oct 12 13:44:57 +0000 2017,Thu Oct 12 13:50:51 +0000 2017
1080298,@AmazonHelp can I have some insight into what’s happened with my order?,1080297,"@326451 We'd love to help you out! Without giving us any account information or details, please tell us what going on. ^MH",Mon Oct 23 19:39:03 +0000 2017,Mon Oct 23 19:42:37 +0000 2017
1149639,@115851 @115821 @AmazonHelp i want to return a sandisk pendrive bought from amazon.in.I regret buying from amazon &amp; not flipkart.,1149640,@390535 We're sorry to know your product doesn't meet the expectations. Please find more options on return/replacement (1/2),Tue Oct 24 14:35:13 +0000 2017,Tue Oct 24 14:57:35 +0000 2017
1127977,@115850 when is my echo coming ? 😔,1127975,@385931 The Amazon Echo device will be dispatched on 30th October 2017 to all the customers who've placed an order for it. ^RS,Tue Oct 24 10:39:38 +0000 2017,Tue Oct 24 10:57:29 +0000 2017
974983,"@121284 Alexa, when are you coming home?",974982,@351218 Am positive that Alexa will echo at your home pretty soon!! ^PS,Sun Oct 22 03:27:27 +0000 2017,Sun Oct 22 03:58:02 +0000 2017
262945,@115821 why am I not getting my items on time lately and why is your customer service so bad? #imaprimemember,262944,@178650 I'm sorry for any trouble. Have we been missing the delivery dates shown in your confirmation e-mails: https://t.co/7Yo90vRM1g? ^CL,Thu Oct 05 22:30:41 +0000 2017,Thu Oct 05 22:35:00 +0000 2017
791476,"@AmazonHelp Your customers service people lied yet again still haven’t delivered my order after promising it would last night, fucking annoyed now. https://t.co/beySCJJ8ZJ",791478,@308730 Apologies Matty. What does the latest tracking advise - https://t.co/Jr1kcqQUJY ? ^TP,Fri Oct 13 09:07:41 +0000 2017,Fri Oct 13 09:26:23 +0000 2017
669773,"@AmazonHelp I'm visiting family for the holiday, and am hundreds of miles from my Echo. Can I not take advantage of the Alexa deals?!",669772,@279745 In order to access Alexa deals you will need to order directly from a device via Alexa. ^NN,Thu Nov 23 04:29:19 +0000 2017,Thu Nov 23 05:05:00 +0000 2017
2542881,y’all r trash as fuck. i’m cancelling my prime membership. 2 day shipping my ass. I ordered my shit FRIDAY FUCKING MORNING and it still isnt here. never ordering shit from @115821 ever again,2542880,@722945 I'm sorry for the trouble with the order. Have we missed the delivery date offered in the confirmation e-mail that was sent after the order was placed? Which one of our websites/marketplaces did you use to make this order? Please let us know! ^TG,Thu Nov 16 12:55:54 +0000 2017,Thu Nov 16 13:13:00 +0000 2017
313263,@AmazonHelp Yeah emailed today,313264,"@190808 Since you've already forwarded your details via email, our team will look into it and get back to you with an update soon. ^EM",Sat Oct 07 05:29:32 +0000 2017,Sat Oct 07 06:38:00 +0000 2017
460077,@115850 @AmazonHelp bookmyshow 50% cashback is valid from 24 nov to 3 dec. I ordered last movie on 3 Nov. If I order now will I get cashback? https://t.co/qZf7IphbRs,460075,"@224319 Yes, you'll be eligible for the cash back. For terms &amp; conditions, please refer here : https://t.co/FZBzepLuUC . ^SD",Fri Dec 01 01:06:26 +0000 2017,Fri Dec 01 01:35:00 +0000 2017
275126,@AmazonHelp Thanks 🙂,275127,@181733 You're welcome Anja. ^NV,Fri Oct 06 06:50:56 +0000 2017,Fri Oct 06 06:52:00 +0000 2017
1121301,"@AmazonHelp I tried making payment from my other card, twice my account was debited with 499, but I recd a reply saying the payment has failed https://t.co/ZHlvqqfYiI",1121303,"@384514 The entire amount is refunded if the payment doesn't go through, Aakash. Please confirm if you've filled in the form? ^JC",Tue Oct 24 08:35:21 +0000 2017,Tue Oct 24 09:00:32 +0000 2017
1279202,"@AmazonHelp Yes, but when I follow that link, there are no links to subtopics on my left sidebar.  We’ve just replicated the problem, one tier down",1281333,"@419335 Please clear your cache and cookies, close and then relaunch the webpage.  Let us know if this fixes the issue.  ^MW",Thu Oct 26 17:29:43 +0000 2017,Thu Oct 26 17:36:01 +0000 2017
2599103,"@AmazonHelp TBH, I had given up on Amazon, and was content to leave my account frozen, so I didn't bother replying. It never occurred to me that I would be charged for prime on a frozen account.",2599104,@735817 We recommend responding to the e-mail from our account specialist to ensure the best resolution for this charge. You can also contact us anytime using this link (it will not require signing in): https://t.co/jzvkhdlrK5 ^TH,Fri Nov 17 18:29:48 +0000 2017,Fri Nov 17 18:41:33 +0000 2017
1865247,Amazonのコンビニ決済方法がわかんなくて嘆いてる∩(´；ヮ；｀)∩ﾝﾋｨｨｨｨｨ,1865246,@557261 コンビニ・ATM・ネットバンキング・電子マネー払いについてのヘルプページがございますので、よろしければリンクより各ページをご参照ください。https://t.co/oObRG2m3Pf なお、ご不明点がございましたら、お知らせください。TN,Mon Oct 30 08:56:44 +0000 2017,Mon Oct 30 09:04:27 +0000 2017
1119609,"@AmazonHelp 
I was charged for a Prime membership when I definitely did not sign up for one.
Help?",1119608,@384155 Oh no! I'm sorry for the inconvenience. Here's how you can cancel it: https://t.co/K02h06svx8 Let us know how it goes! ^DW,Tue Oct 24 05:27:11 +0000 2017,Tue Oct 24 05:34:00 +0000 2017
2273235,@AmazonHelp Non. Toujours eu qu'un tampon dans le bureau ou je vais.,2273236,@484666 Je vous prie de le signaler à notre SAV via ce lien https://t.co/hgIrz98cdI ^SN,Sat Nov 11 14:02:03 +0000 2017,Sat Nov 11 14:22:25 +0000 2017
570773,"New Nautanki Started by Amazon now a days, after getting the order on Prepaid they are returning it back to seller without attempt @115821 #JEFFBEZOS order no. 610208358591",570774,@254040 Please don’t provide your order details as we consider them to be personal information. Our Twitter page is visible to public. (2/2)^BS,Sun Dec 03 03:46:31 +0000 2017,Sun Dec 03 03:54:55 +0000 2017
1645171,Last 2 @115821 #prime packages missed delivery date 1 is 3 days late &amp; counting The other missed date today #slipping #customerservice,1645168,@502728 I'm so sorry for the delay. Will you tell us the most recent tracking update shown here: https://t.co/Y5jpI9gRhE. ^LH,Mon Nov 06 01:22:03 +0000 2017,Mon Nov 06 01:31:29 +0000 2017
445502,@AmazonHelp I called ur customer care . They suggested I drop a mail to __email__ which I have done. Process my replacement request asap,445504,"@220505 Thank you for the update. As you have emailed our support team, they'll work on it and get back to you. ^RI",Wed Nov 22 10:36:59 +0000 2017,Wed Nov 22 10:47:00 +0000 2017
295359,"@115850 @AmazonHelp @1145 @144776  Shamelessness reaches it peak with failed attempts by CSR team 2 deliver goods prepaid for,",295357,@182459 Sorry for the trouble Prity. Have you shared your details in the link shared earlier? ^HN,Fri Oct 06 17:51:35 +0000 2017,Fri Oct 06 18:02:30 +0000 2017
1404047,"@AmazonHelp For customer it doesn't matter if Amazon is delivering from Indian/Global Stores.
Amazon can collect to it's local store and deliver.",1404049,@446426 I understand that you want to know about the Identity proof requirement for the global store items. Having an identity (ID) 1/2 ^PR,Sat Oct 28 18:07:16 +0000 2017,Sat Oct 28 18:39:30 +0000 2017
927537,@AmazonHelp I have replied to each and every correspondence. Sadly the buck just seems to be passed on. And still no resolution. Absolutely disgusted with the service. Will never use @115850 again. #worstcustomerserviceever,927538,"@340068 I understand your concern, Sudesh. Please reply to the email you've received from us. I'll get back to you. ^HD",Mon Oct 23 20:04:29 +0000 2017,Mon Oct 23 20:13:00 +0000 2017
520645,"@AmazonHelp @115821.ca @115821 

Why do you promise 2 day delivery if you cant deliver in 2 days?",520644,"@240186 Without posting account information, what's the date and most recent tracking here: https://t.co/PyACxvGxrO? Have we missed the delivery date given? ^LI",Sat Dec 02 02:57:41 +0000 2017,Sat Dec 02 03:00:52 +0000 2017
2450915,"@AmazonHelp hello may I inquire about the new distribution centre in calgary, how do I apply l?",2450914,"@702378 Thanks for reaching out, Justin! Please check out https://t.co/LpJES7hYoq and search for jobs in Calgary to apply. ^FD",Sun Oct 29 16:54:46 +0000 2017,Sun Oct 29 17:00:52 +0000 2017
570799,@115850 I still don't have any updates regarding the refund of my order. Improve your service like @4167 and interact with the customers,570797,@254045 I understand you're concerned regarding the refund. Could you please confirm if you have shared your details in the link provided earlier to you via DM? ^AH,Sun Dec 03 03:56:54 +0000 2017,Sun Dec 03 04:10:00 +0000 2017
979510,@AmazonHelp What is ^HA?,979511,@352294 These are our signatures on Twitter. ^RI,Sat Oct 14 11:14:25 +0000 2017,Sat Oct 14 11:48:00 +0000 2017
1519840,Amazon India is the worst shopping online site,1519839,@443827 That's quite a comment. Please let us know what went wrong so that we can look into it? ^BV,Fri Nov 03 16:29:30 +0000 2017,Fri Nov 03 16:58:00 +0000 2017
2126718,"@AmazonHelp The app and website still say shipping soon arriving tonight by 8pm, got an email saying theres been a delay 20 minutes ago with no explanation",2126720,@626223 Thanks for that info! It's not uncommon for items to be shipped and delivered in the same day. Please keep us updated! ^HM,Wed Nov 08 18:58:29 +0000 2017,Wed Nov 08 19:10:00 +0000 2017
2722742,"@AmazonHelp Hey! We have from a really helpful guy at Amazon called Ajay, but @116324 were less so; basically refusing to tell us where the parcel was, and that we should contact Amazon to start an 'Investigation'. I didn't want an investigation, I wanted an update haha!",2722744,@763827 I'm glad that Ajay was able to help! 😊 ^PJ,Mon Nov 20 11:08:09 +0000 2017,Mon Nov 20 11:20:00 +0000 2017
1357645,"@AmazonHelp Oh is it, like they have been r reaching since last 100 hrs. I think there is too much traffic on the way.",1357647,"@313517 I understand that it's taking long, but your patience here will be highly appreciated, Arif. [1/2] ^ SK",Mon Oct 16 17:24:55 +0000 2017,Mon Oct 16 17:52:00 +0000 2017
2858156,@115830 I have never had such bad service from a company. Cant even tell me when it will be delivered. What a joke,2858155,@794315 I'm sorry for the wait! What's the delivery date provided in your order confirmation e-mail here: https://t.co/7QWGZ89iVs? ^JM,Mon Nov 27 21:57:38 +0000 2017,Mon Nov 27 22:04:28 +0000 2017
930289,"@AmazonHelp @115830 email said an additional day or two...so no, no delivery date.",930288,"@340696 Thank you for checking for us, what does the most up to date tracking information say here: https://t.co/aaDyEz1VgE? Has it shipped? ^DW",Mon Nov 20 20:06:49 +0000 2017,Mon Nov 20 20:13:34 +0000 2017
2560148,"@AmazonHelp Le retard a été dut a problème de transit et c'est probablement là que le colis a été abîmer . RELAIS COLIS, n° de suivi AM052805796401 
Le second colis lui est bien arriver le jour prévu et en bon état .",2560150,@726681 Je viens de remonter cet incident au département en charge. Je vous remercie d'avoir pris le temps de nous signaler cela. ^BR,Thu Nov 16 17:54:35 +0000 2017,Thu Nov 16 18:06:35 +0000 2017
2408642,@119625 is down. Videos are not playing. #PrimeVideo #outage,2408641,@180358 We apologize for the error. We have flagged this internally and are working on resolving it at the earliest. Appreciate your patience. ^AM,Tue Nov 14 15:34:38 +0000 2017,Tue Nov 14 16:13:24 +0000 2017
2472395,Ist die erste Staffel von Teen Wolf im deutschen Prime enthalten ? @AmazonHelp,2472393,"@707035 Ja, schau mal hier: https://t.co/xkIalRTazy Grüße ^VM",Wed Nov 15 12:28:09 +0000 2017,Wed Nov 15 12:33:00 +0000 2017
1698750,What is up with @116090 not shipping ANYTHING with @132668. Frustrating because these other companies can’t access mailboxes. 😭,1698749,@515224 I'm sorry for any delivery issues you may have experienced. Did you not receive your order? ^SY,Mon Nov 06 22:28:45 +0000 2017,Mon Nov 06 23:05:31 +0000 2017
1820580,@AmazonHelp i haven't recd any email till now pls help us to get justice as we had victimized by your Kolkata pick up hub team n pls look into the mater,1820578,@448467 Could you please check and confirm if you've received any correspondence from our side here: https://t.co/NTkrxpsbHJ ? ^AB,Sun Oct 29 07:15:50 +0000 2017,Sun Oct 29 07:37:00 +0000 2017
566697,@AmazonHelp what is the point of a Prime membership if my “guaranteed fast shipping” ends up being this?? https://t.co/YhaPZCcWg3,566694,@252868 Oh no. Did you receive an email regarding the delay? ^BA,Sun Dec 03 01:17:26 +0000 2017,Sun Dec 03 01:19:00 +0000 2017
2494897,@AmazonHelp The customer isn’t always right — in this case I am — but the customer is always the customer. Until they’re not. I am not satisfied w/resp,2494899,@712090 I certainly understand. Are you noticing a trend between the late orders and the carrier: https://t.co/Y5jpI9gRhE? ^DW,Mon Oct 30 18:42:35 +0000 2017,Mon Oct 30 18:47:39 +0000 2017
2562130,@AmazonHelp hi. I've placed an order for £26.24 however my dispatch email says the total is now £78.72. Please assist ASAP. https://t.co/23lOMAhffe,2562127,"@122322 I'm sorry for the trouble this has caused you! I'd like to have a member from our support team review this charge on your behalf, as we do not have access to your account information on Twitter: https://t.co/JzP7hlA23B ^WM",Thu Nov 16 17:46:30 +0000 2017,Thu Nov 16 17:51:35 +0000 2017
34496,@AmazonHelp c'est bon ca fonctionne. merci de votre support,34497,@123476 A votre service,Wed Nov 01 14:09:04 +0000 2017,Wed Nov 01 14:22:35 +0000 2017
138960,@AmazonHelp Do you not see these tweets? @AmazonHelp @115830,138959,@124066 I can confirm that we are investigating your issue and we will be in touch soon. Please keep an eye on your emails for the update.^GA,Fri Nov 24 10:41:30 +0000 2017,Fri Nov 24 10:49:26 +0000 2017
2950679,"Don't bother paying for Amazon Prime, second time an Amazon Logistics driver has decided to deliver our package to a random house though our number is clearly posted, unacceptable! @115830  @AmazonHelp Last time was just a refund, this was a black friday deal, i want my item!",2950678,"@814841 I'm very sorry that your order was misdelivered for a second time, Christine. While we strive to be better, we don't always hit the mark! Please reach out to us via phone or chat so that we can further assist:  https://t.co/hApLpMlfHN ^SP",Wed Nov 29 17:29:32 +0000 2017,Wed Nov 29 17:42:00 +0000 2017
605145,Hey CM de @2600 ! Une question pour vous : à quoi sert d'être abonné Prime si on se retrouve a devoir aller chercher ses colis en point relais super loin et carrément hors délais ?,605142,"@263838 Bonjour, j'en suis navré. Y-a-t-il eu une tentative de livraison chez vous? 
^ARC",Wed Nov 22 10:37:44 +0000 2017,Wed Nov 22 10:43:50 +0000 2017
382280,"@AmazonHelp Contact details :
Ved Mathur
9588869305
8800445333
__email__",382282,@206641 We wouldn't be able to access your Amazon account details on Twitter. Kindly provide your details through the secure (1/3) ^SY,Fri Oct 27 10:48:45 +0000 2017,Fri Oct 27 11:06:28 +0000 2017
2331933,@115821 @AmazonHelp my order arrived today. I did NOT order used latex gloves. Care to explain? https://t.co/SVySzolCon,2331931,@460675 This isn't how we want your order to arrive! Please provide some details about your experience here: https://t.co/51CsFVynGA ^WT,Fri Oct 20 00:57:55 +0000 2017,Fri Oct 20 01:18:57 +0000 2017
545786,@AmazonHelp your delivery man came to my door yet did not deliver my package. Spoken to customer service twice in 48hrs who assure me that it will be delivered yesterday and today. It hasn't - rubbish service and no updates,545784,@246888 I'm sorry to hear this. If it doesn''t arrive by 20:00 please reach out to us by phone or chat here: https://t.co/qy3J24VGxb ^GR,Sat Dec 02 16:42:56 +0000 2017,Sat Dec 02 17:03:00 +0000 2017
2825675,"@AmazonHelp Everything you look to order, express delivery is for Weds or Thurs",2825674,@787153 Due to the busy time of year some orders are taking a little longer to be delivered. More info can be found here: https://t.co/9rqYt1x4Tp ^TI,Mon Nov 27 09:48:58 +0000 2017,Mon Nov 27 09:56:27 +0000 2017
99925,@AmazonHelp Gracias.,99926,@137880 Con gusto Maria. Puedes contactarnos por este enlace: https://t.co/cPnbRDDVzx  ^JJ,Thu Nov 30 18:49:57 +0000 2017,Thu Nov 30 19:25:34 +0000 2017
1150922,"@115850 
your performance over the Diwali sale had been great to worse! I waited for a week for my order and had to cancel it finally..",1150923,"@390835 I'm sorry for the disappointment with your order, it is never our intention to cause inconvenience to our valued customer.1/2^OS",Tue Oct 24 14:54:49 +0000 2017,Tue Oct 24 15:03:35 +0000 2017
2835586,"Hey @115830, maybe in future you should ship your shampoos in a box instead a padded envelope 🙃 I didn’t appreciate the surprise when I stuck my hand in the envelope 🤔 https://t.co/7m2BiIdGyM",2835585,"@789277 Uh oh, sorry to see that, please submit more packaging feedback here: https://t.co/fxgZ6hTrFA. Have you checked the options available here: http:https://t.co/5RcjVPJgUP? ^JJ",Mon Nov 27 15:06:45 +0000 2017,Mon Nov 27 15:10:00 +0000 2017
2825546,"@AmazonHelp dont try to teach me ....
i already seen all possibilities to find my account with this number.
solve it immediately and find out this nonsence guy .",2825548,"@787136 We'd like to assist you with this, please get in touch with us using the link provided above. Appreciate your understanding. ^AM",Mon Nov 27 10:48:07 +0000 2017,Mon Nov 27 11:08:28 +0000 2017
2903552,Bonsoir @AmazonHelp j'ai commander un colis chez vous et on me dit que sa était livre dans ma boite au lettre il y a aucun mot pour me dire qu'il pouvait être a la poste ou bien chez le voisin mais on prend quand même mon argent sans avoir le colis dans les mains ?!,2903551,"@804145 Bonsoir, je suis vraiment désolée pour ce désagrément, avez-vous effectué des recherches auprès de votre voisinage et dans votre boîte à lettres ?",Tue Nov 28 18:29:20 +0000 2017,Tue Nov 28 18:55:00 +0000 2017
492125,@AmazonHelp Market place seller,492126,"@232300 Have you contacted the market place seller: https://t.co/OaEhYHj7dc? If so, was any guidance provided? ^KB",Fri Dec 01 17:35:43 +0000 2017,Fri Dec 01 17:54:29 +0000 2017
52926,AMZL US - @115821 shipping carrier is awful - Multiple items weren't delivered. 5+ yrs Prime Mmbr. Take us back 2 @115817. #AMZLDriverLost,52924,"@127921 I'd like a member of my team to investigate this directly. Please, provide us details here: https://t.co/WpKvTVlO7C ^JE",Wed Nov 01 18:32:40 +0000 2017,Wed Nov 01 18:35:30 +0000 2017
475096,@AmazonHelp Thank you very much for all your help and sorting out my issue so quickly @AmazonHelp my correct parcel arrived #HappyCustomer,475095,"@228064 Its been a pleasure assisting you, Jez. Just give us another shout if you ever need anything else 🙂^SM",Fri Dec 01 10:36:03 +0000 2017,Fri Dec 01 10:37:52 +0000 2017
2452872,@AmazonHelp U guys r just making people fool u r guys like big time scammers,2452875,"@126983 from us. 
Request you to check here: https://t.co/DTSNmGldJf 2/2^SK",Mon Oct 30 15:12:21 +0000 2017,Mon Oct 30 15:48:17 +0000 2017
232713,"@AmazonHelp but i recd called ,, he told me my order cancelled pls  check and confirm",232714,"@171391 Sorry about the hassle, Jay. Please reach out to our support team with the link provided earlier. We will look into it. ^SB",Thu Oct 05 11:58:03 +0000 2017,Thu Oct 05 12:12:00 +0000 2017
1216297,@115850 I want my Prime money back as you have not fulfilled the promise of one day delivery.,1216295,"@405401 Apologies for any ordeal, Hitesh. Could you please let us know what went wrong? We'd like to check it. ^HD",Wed Oct 25 16:48:09 +0000 2017,Wed Oct 25 17:16:27 +0000 2017
303499,@AmazonHelp No one is giving us any answer while we have a lot of inventory still at FBS warehouses,303497,@188450 I understand the frustration. Contact Seller Support one more time so they can check this out: https://t.co/FkhU0tnUzl ^GL,Fri Oct 06 22:16:44 +0000 2017,Fri Oct 06 22:20:33 +0000 2017
574025,@AmazonHelp I’ve just discovered that every review I have ever left on https://t.co/HVFopra55I has been removed. Can you please tell me why?,574024,"@254978 I'm so sorry for the inconvenience! Have you had a chance to report this to our Communities team? If not, please reach us by phone or chat: https://t.co/hApLpMlfHN 
You can also review the community guidelines here: https://t.co/YmRLXT1fas ^LR",Sun Dec 03 06:05:07 +0000 2017,Sun Dec 03 06:12:30 +0000 2017
279932,"スーパーファミコンミニアマゾンで予約して来る予定だったのに、文字化けで住所特定出来ず、勝手に返金されて再販出来ないという始末笑
最悪だよ笑",279931,"@182721 このたびは、ご迷惑をおかけし申し訳ございません。
本件についてご注文いただいたお客様に後日https://t.co/st4oU5QbhPよりご連絡を行わせていただきますため、そのご連絡をお待ちいただきますようお願いいたします。 RI",Fri Oct 06 07:30:50 +0000 2017,Fri Oct 06 09:55:00 +0000 2017
701432,"@AmazonHelp Hallo:) ja ich hatte mich gemeldet, jedoch gibt es noch nicht wirklich eine Lösung. Könnten sie nicht einfach postnl kontaktieren wenn ich ihnen alle nötigen Daten per dm schicke..?:/",701433,"@270743 Wir sehen uns den Fall gerne an. Melde dich dazu über folgenden Link bei uns, dem Amazon.de Social Media Team: https://t.co/br7bhrlJn8 Gebe uns über das Formular weitere Informationen (Bestellnummer etc.). ^MI",Thu Nov 23 17:24:55 +0000 2017,Thu Nov 23 17:32:29 +0000 2017
814328,@AmazonHelp Oui,814330,@313946 🙂!,Fri Oct 20 17:20:06 +0000 2017,Fri Oct 20 17:24:00 +0000 2017
2946845,"OMG, meu box de Harry Potter já chegou. Passou só 2 dias uteis na @117086 @AmazonHelp. Único problema foi que o livro 1 veio com algumas bolhas de ar, @813926 revisem melhor seus produtos. A caixa do box veio com um pequeno rasgo na lateral, mas nada q uma fita ñ resolva. https://t.co/Ekk0Zgrizs",2946844,"@813925 Oi Paulo, sinto muito pelo inconveniente. Contate-nos pelo SAC para verificar o acontecido: https://t.co/Qzzg8y1LhY ^VL",Wed Nov 29 15:43:40 +0000 2017,Wed Nov 29 15:58:33 +0000 2017
1603776,"@AmazonHelp Oui, hier et de nouveau aujourd’hui. On me propose uniquement des relivraisons mais départ demain pour l’Argentine...",1603777,@492157 Merci de remplir le formulaire sur le lien suivant afin de regarder de plus près votre dossier SVP: https://t.co/HtUowg2UGX  ^BR,Tue Oct 17 11:07:37 +0000 2017,Tue Oct 17 11:18:58 +0000 2017
343019,@AmazonHelp Es un Amazon Choice de KATIVA vendido por AIRSH HAIR. Además en el paquete venía un bolso que era un regalo sin envoltorio ni un plástico y podría haberse manchado facilmente,343018,"@197662 Nuri, ¿has contactado al vendedor externo para verificar las opciones disponibles respecto a lo que indicas? ^DA",Sun Nov 19 18:37:52 +0000 2017,Sun Nov 19 18:49:00 +0000 2017
510248,"Ojalá @116928 deje de trabajar al fin con @4496 express por que es vergonzoso el servicio de ""entrega"". Me encanta perder el tiempo.",510246,"@237230 ¡Hola, Danibeer! Lamento mucha las molestias, cuéntanos ¿ Tienes algún pedido pendiente de entrega?  ^DS",Fri Dec 01 22:47:35 +0000 2017,Fri Dec 01 22:56:31 +0000 2017
144051,@AmazonHelp Can you get them to reply to me?,144052,@148572 We don't have access into your account through Twitter. You would need to contact the Audible team directly here: https://t.co/fts8XDcFug ^NC,Fri Nov 24 17:49:14 +0000 2017,Fri Nov 24 17:59:55 +0000 2017
477717,"@AmazonHelp Bientôt 19:00 et toujours rien a l horizon..
.",477718,"@228485 Les livraisons se font jusqu'à 20h, je vous invite à patienter. Si votre colis n'est pas livré, veuillez relancer notre SAV afin qu'un suivi puisse être fait auprès du transporteur.",Fri Dec 01 17:57:09 +0000 2017,Fri Dec 01 18:03:27 +0000 2017
2322196,@AmazonHelp Already shared details but not respond properly..,2322197,@286853 We haven't received your details yet. Kindly share your details from your registered Amazon account through the link provided earlier and we'll contact you soon. ^SY,Fri Nov 17 05:31:26 +0000 2017,Fri Nov 17 05:43:28 +0000 2017
2220028,@AmazonHelp pourquoi travailler vous avec #colisprive? Avec un compte prime ont aimerait que les livraisons ne prennent pas une semaine...,2220027,"@648456 Bonjour, désolée pour cela, avez-vous un colis actuellement en retard ? ^KE",Fri Nov 10 12:56:59 +0000 2017,Fri Nov 10 12:59:00 +0000 2017
1297459,@AmazonHelp Account I declined as once bitten twice shy,1297460,@423199 I'm so sorry for the inconvenience. Please let us know how the follow up conversation goes. We're here to help! ^BL,Thu Oct 26 22:28:32 +0000 2017,Thu Oct 26 22:34:52 +0000 2017
2390431,@AmazonHelp Me gustaría dar un paseo a lomos de un unicornio. 🦄,2390430,@123669 Nosotros podemos ir en nuestro dragón. ¿Crees que pueda ser amigo de tu unicornio? ¿Se irán de fiesta por las noches? ^AR https://t.co/B5ykw4Chat,Thu Nov 09 09:00:21 +0000 2017,Thu Nov 09 09:15:59 +0000 2017
2744205,"When you’re too sick to go to the store, you order @117093 and await morning delivery of medicine, soup, and juice. Except it never got delivered. Super disappointed 😔",2744204,@768590 Oh no! I'm really sorry your order didn't get delivered when you weren't feeling well. Gina. We'd like to help! What does the tracking currently say on your order? ^AJ,Mon Nov 20 18:59:43 +0000 2017,Mon Nov 20 19:02:30 +0000 2017
422284,@AmazonHelp Did you get my order details and let me know if i can get my money back ?? Coz I'm not gonna buy anything from Amazon,422285,@215577 Apologies for the ordeal Anant. Please share your details here: https://t.co/GIJyeYqKE0 and I'll get back to you. ^HN,Thu Oct 12 12:28:18 +0000 2017,Thu Oct 12 12:31:30 +0000 2017
423521,@119625 something looks off here https://t.co/Re62FfCegq,423520,@215822 Thanks for flagging this. I've escalated it to our concerned team for a review. ^GS,Tue Oct 10 10:18:30 +0000 2017,Tue Oct 10 10:49:35 +0000 2017
135121,"@AmazonHelp On your reply ""I am Bhargav from the Amazon India's social media escalations team.I understand that you are concerned about the amazon pay balance worth Rs. 793.I request you to contact the below toll free number for the issue so that they can assist you . = .1800-3000- 2057""",135120,@146436 Apologies for the trouble. Could you confirm If you've reported this issue to the support team via toll free number mentioned earlier?^AR,Fri Nov 17 06:54:37 +0000 2017,Fri Nov 17 07:05:24 +0000 2017
974814,@AmazonHelp Purely because an investigation is on going and it's from a third party seller. Not good enough. Inept delivery driver isn't my fault.,974815,@351179 What does the latest scan on the tracking say ? ^AT,Sat Oct 14 07:21:12 +0000 2017,Sat Oct 14 07:30:01 +0000 2017
1189733,@AmazonHelp @AmazonHelp @115850 yes it's an EMI purchase return so kindly return the money as mentioned in your app!! https://t.co/rFflZEJRHS,1189730,@120780 please reach us via the link provided earlier and we'll reach out to you soon. (2/2) ^VM,Wed Oct 25 06:17:37 +0000 2017,Wed Oct 25 06:47:42 +0000 2017
1426204,@AmazonHelp Thanks for responding. I've gotten the latest issue (hopefully) resolved through customer service already.,1426206,@451323 Provide your details here: https://t.co/BBPv9fNPGo and we'd be happy to escalate to Amazon Logistics as feedback. ^EZ,Thu Nov 02 05:53:17 +0000 2017,Thu Nov 02 05:59:00 +0000 2017
2320819,"Caro @120540, io l'app sul cellulare l'avrei installata, però ora tu gentilmente la smetti di sfrangermi i testicoli all'inizio di ogni video su YouTube.",2320818,@672586 Su YouTube è possibile modificare le impostazioni privacy del tuo profilo per visualizzare gli annunci basati sui tuoi interessi. A presto! ^FA,Sun Nov 26 16:05:02 +0000 2017,Sun Nov 26 16:25:00 +0000 2017
1024276,@115850 I have send you picks and status of my orders as a message on Twitter...send me confirmation message that u have received the same,1024275,@357004 We've responded to your query via DM. Please check. ^HD,Sun Oct 22 23:41:03 +0000 2017,Sun Oct 22 23:57:30 +0000 2017
387154,@AmazonHelp Nö :-) Mein Kindle Account läuft auf .com,387156,@207643 Bitte melde dies dem Kundenservice bei https://t.co/nUUp5MLhYl: https://t.co/zuibKcg15S  ^RS,Mon Oct 09 13:38:39 +0000 2017,Mon Oct 09 13:52:00 +0000 2017
205079,"@AmazonHelp あと、プライムビデオの機能、観た映画を削除できる機能、DVDを購入した作品を表示しないようにする機能が欲しい。なるべく多くの作品を選べるようになるし、探して買った作品が見放題にあるとやや萎えます＞＜
今日も「お勧め」でメグライアンが微笑んでくれるし；；",205080,@164574 お忙しい中、貴重なご意見をありがとうございます。社内に報告させていただきます。ET,Thu Oct 05 05:45:28 +0000 2017,Thu Oct 05 05:50:00 +0000 2017
2319456,@AmazonHelp Mais je vous ai déjà envoyé un mail,2319457,"@389945 Le délai de traitement est entre 2 à 6 heures. Si vous ne recevez pas de réponse, merci de relancer notre SAV par chat ou téléphone. ^MA",Tue Nov 14 12:42:45 +0000 2017,Tue Nov 14 12:55:35 +0000 2017
77634,"@115850 i ordered Boya BY M1 microphones &amp; paid online threw my amazon pay balance &amp; at the time of taking delivery it looked tempered as you can see 

worst! experience with you
never buy anything from amazon
 this is second time i ordered it but still got nothing
poor service https://t.co/MsGzrY3C8Z",77633,"@133295 Sorry to know that your recent experience wasn't on par with your expectation. I've noted your comments and forwarded your feedback internally to be worked upon. Please don't provide the tracking details, we consider it personal info. Our page is visible to public.^SY",Thu Nov 30 11:32:22 +0000 2017,Thu Nov 30 12:00:36 +0000 2017
2576968,@AmazonHelp sons birthday tomorrow. Gift absent. Hardly the 1 day delivery I'm paying for or was advertised. 2/2,2576967,"@730687 Oh no! I'm so sorry for the poor experience. What's the current tracking shown here: https://t.co/Y5jpI9gRhE, on the item that has yet to arrive.  ^AG",Thu Nov 16 21:21:43 +0000 2017,Thu Nov 16 21:30:11 +0000 2017
1385278,@AmazonHelp Thank you!,1385277,@265053 You're welcome. ^NV,Sat Oct 28 09:01:34 +0000 2017,Sat Oct 28 09:11:27 +0000 2017
500719,Encore un colis @115821 soit disant livré par @7776 en boîte au lettre... Qui n'est jamais arrivé...,500718,"@234609 Bonsoir, je suis désolée d'apprendre cela. Nous tenons à regarder de plus près ce qui s’est passé et vous aider. Lorsque vous avez le temps, s’il vous plaît contactez notre service ici: https://t.co/hgIrz98cdI ^BR",Fri Dec 01 19:41:53 +0000 2017,Fri Dec 01 19:47:26 +0000 2017
2523313,@115821 hi. I got an alert that a pkg was delivered but it's not at my door or mailbox. Help?,2523311,"@357349 Sorry for the trouble! We're here to help! Just to clarify, could you confirm who the carrier for delivery is as indicated in your order tracking?: https://t.co/Y5jpI9gRhE ^VB",Thu Nov 16 02:38:31 +0000 2017,Thu Nov 16 02:41:00 +0000 2017
2550280,"Also wird das Spiel doch nicht mehr heute verschickt??? Langsam echt frustrierend, da schon 22 Uhr 🙃 @116316 @AmazonHelp",2606129,@724549 Wir versenden noch bis spät in die Nacht ;) ^NW,Mon Oct 30 20:54:42 +0000 2017,Mon Oct 30 20:59:00 +0000 2017
917556,@115850 Cashback not credited for one of my order despite complaining so many __email__ expecting this type of service.,917554,@201764 Apologies for the ordeal Nitish. Please share your details here: https://t.co/GIJyeYqKE0 and I'll get back to you. ^HN,Sat Oct 21 09:57:35 +0000 2017,Sat Oct 21 10:10:28 +0000 2017
324346,@AmazonHelp An ordr placed bfor 5 days nt yt shipped. Im expecting better service. Copyrights of worst service r reserved by @118702 only!,324345,@171430 Could you let us know if we've missed the estimates mentioned here: https://t.co/pYHdlcj0Ot ? ^SG(2/2),Sat Oct 07 15:16:49 +0000 2017,Sat Oct 07 15:40:00 +0000 2017
1265098,"@AmazonHelp I already did the same yesterday
Today morning at 06:36 am i got sms from amazon that product will be delivered today
I have still not recd",1265099,"@406894 My apologies about the delay, Arpit. In this case request you to respond to the email correspondence that was 1/2 ^NK",Thu Oct 26 12:22:30 +0000 2017,Thu Oct 26 12:27:00 +0000 2017
2985456,Amazon Selling Fake BOSE products in India !#amazon manipulating Indian customer!!!#@115821 #@AmazonHelp #amazon scandal#Scam by Amazon #@118342 #Lets uninstall Amazon from india#,2985454,"@131812 As mentioned earlier, please respond to the email correspondence as that is the only way for us to proceed further. Appreciate your understanding. ^PB",Thu Nov 30 06:38:11 +0000 2017,Thu Nov 30 06:52:00 +0000 2017
2886446,"@AmazonHelp hola, ayer por la noche realicé un pedido y me decía que llegaría el día 29, en el pedido me pone que llega hoy, día 28, y me ha llegado una notificación diciendo que se va entregado pero no han venido. Me meto en la app y pone que está en reparto y no entregado😱",2886445,"@793976 Hola Zero, lamentamos la confusión. ¿Ya contactaste al transportista directamente? ^MB",Tue Nov 28 12:27:59 +0000 2017,Tue Nov 28 12:32:00 +0000 2017
813282,My Amazon Prime now ish still isn’t here. Welp guess I’ll be late for work.,813281,"@311605 I'm sorry for the wait! Have you tried to contact us using the app? If so, were we able to give any insight/info? ^KN",Thu Oct 12 19:57:20 +0000 2017,Thu Oct 12 20:02:46 +0000 2017
276470,"@AmazonHelp HELP!! Hello, my amazon has been hacked.. I received an email change email and now I cannot access my account 😩",276469,@182050 Apologies - Please reach out : https://t.co/zYVX1Qi29G (No sign in necessary) we will escalate your issue further. ^TP,Fri Oct 06 07:34:52 +0000 2017,Fri Oct 06 07:41:00 +0000 2017
1245428,I've been tracking my @115821 package since Oct. 17. I put street address AND PO box &amp; I still can't get the damn boots I ordered. #RantOver,1245427,@412164 I'm sorry your boots haven't arrived. Have we missed the delivery date provided in the confirmation https://t.co/XQ9Y1JS3aR? ^TN,Wed Oct 25 23:44:41 +0000 2017,Thu Oct 26 00:06:14 +0000 2017
686714,@AmazonHelp no because that option wasnt available for some reason but the first time I ordered I asked customer service to tell the delivery man to bring it to a store near my house that often takes packages but it never happened,686716,"@283964 I'm sorry your didn't receive the attempted delivery today. If your situation requires any adjustments for the next attempt, reach out to us here so our Logistics team can take a look at the options: https://t.co/hApLpMlfHN ^MJ",Thu Nov 23 14:23:09 +0000 2017,Thu Nov 23 14:35:26 +0000 2017
652079,@AmazonHelp *sigh* another simple issue another ball dropped three times. No simple solutions even to simple problems with amazon customer support. No progress from last time,652077,"@275061 I'm sorry to hear this. Without posting personal or account information, can you tell us more about the issue? ^LI",Wed Nov 22 21:46:59 +0000 2017,Wed Nov 22 21:56:00 +0000 2017
469468,"@115850 help. Placed an order of @226787 QY7 and payment done but order not showing in My Orders. Not even received any confirmatory email.
@115821 @AmazonHelp @115821",469467,"@226786 Do not worry, we'll check this for you. Please connect with our support team here: https://t.co/vlvfJr4nN9. ^NR",Wed Nov 08 18:11:11 +0000 2017,Wed Nov 08 18:18:35 +0000 2017
2787760,@AmazonHelp J'y cours !,2787758,"@778247 Entendu, tenez nous au courant ^KD",Tue Nov 21 19:08:42 +0000 2017,Tue Nov 21 19:11:00 +0000 2017
934329,"@116316 Lieferung für heute versprochen dank Prime, bis jetzt hat Hermes nicht geliefert.",934328,@147125 Melde dich bitte im Kundenservice: https://t.co/ohyvGrpvrY Wir haben über Twitter keinen Einblick in dein Kundenkonto. ^BL,Sat Oct 21 17:08:20 +0000 2017,Sat Oct 21 17:10:36 +0000 2017
322604,@AmazonHelp Im having problems to connect to ur service via PS4-App. Other apps like YouTube doin fine. Is there a servermaintaince?,322603,@192843 Sorry to hear. What happens when you use it? Are you getting error messages? ^PK,Sat Oct 07 13:52:24 +0000 2017,Sat Oct 07 14:12:00 +0000 2017
2320485,"@AmazonHelp I don’t want to fill the form, if need can catch up on 9962008449",2320487,@649949 Twitter being a Social Media Platform we will not be able to access your order/account details. Please drop in your details in the link provided earlier and I'll contact you at the earliest. 1/2 ^AH,Tue Nov 14 07:18:15 +0000 2017,Tue Nov 14 07:28:24 +0000 2017
1077776,やったぜ。 https://t.co/V44NfWt4wb,1077775,"@374257 こんにちは、Amazonです！
Fire TV Stickをご家庭にお招きいただきありがとうございます°˖✧◝(⁰▿⁰)◜✧˖°
どうぞごゆっくりお楽しみください😉素敵な一日を🍀　MH",Sun Nov 12 01:29:41 +0000 2017,Sun Nov 12 01:44:28 +0000 2017
2302266,I love @115821,2302265,@510273 💖😍 ^WT,Sun Nov 12 18:25:31 +0000 2017,Sun Nov 12 18:32:00 +0000 2017
387134,@AmazonHelp Y r u just giving random suggestions? Can't you just arrange for a call back from the customer care?? Or reply specifically pls.,387135,"@206516 While we'll not be able to access your account via Twitter, you can request a call here:  https://t.co/2t6DQoUmNZ. ^AP",Mon Oct 09 13:41:03 +0000 2017,Mon Oct 09 14:23:00 +0000 2017
2380819,@AmazonHelp yes you have,2380821,@686464 That can be so frustrating! Has the tracking been updated? ^AP,Tue Nov 14 15:12:41 +0000 2017,Tue Nov 14 15:46:00 +0000 2017
2597084,"Don't know what happened, but my @116935 trial ended after 4 days...",2597083,@735318 Oh no! We'd be happy to look into this with you; please give us a call when you have a moment: https://t.co/i5HWz9madr ^MV,Fri Nov 17 04:32:46 +0000 2017,Fri Nov 17 04:35:57 +0000 2017
1251994,"@AmazonHelp I was bumped up to priority, so it arrives ""only"" 4-5 days late instead of 5-7.",1251995,"@413687 Hi, once again we are sorry that this delay has occurred. Please do keep us updated on the arrival of your parcel. ^CR",Thu Oct 26 08:16:32 +0000 2017,Thu Oct 26 08:21:29 +0000 2017
1201272,Pas très fair-play avec les avis négatifs quand le vendeur est @115821 @120533 #amazon https://t.co/a7gEm0wk6O,1201270,"@402248 Afin que votre commentaire soit publié, merci de vérifier que ces instructions ont été respectées : https://t.co/mNJPWmpfsB.^MA",Wed Oct 25 12:52:35 +0000 2017,Wed Oct 25 13:07:18 +0000 2017
347763,@115850 @AmazonHelp Guys on the name of Grt INDIAN Festivl u r doing whtvr u wnt to do?Prodct name Kult Gladiator but image is of Nokia1/2 https://t.co/vQG175pBvl,347761,@198817 Thank's for bringing this to our notice. I'll surely forward it to our concerned team. ^SH,Sun Oct 08 05:45:06 +0000 2017,Sun Oct 08 05:56:00 +0000 2017
2872483,@AmazonHelp Do u have working phones!??? Y dont u call me up. No email recieved. #AmazonIndia #patheticserviceamazon,2872485,@789301 Kindly reply to the email received from us and we shall get back to you via phone. ^SH,Tue Nov 28 03:41:24 +0000 2017,Tue Nov 28 03:53:00 +0000 2017
2980890,"What a fake support @115821 have. Fist you give fake promises to customers and then show your true​ colors @115850

Worst support guys... Worst support. https://t.co/3uhSOcQnYR",2980887,@786837 For further assistance on this kindly reply to the same email. Please don’t provide your order details as we consider them to be personal info. Our page is visible to public. 2/2 ^AH,Thu Nov 30 04:41:33 +0000 2017,Thu Nov 30 04:57:00 +0000 2017
549493,"@AmazonHelp It's from two different sellers;
The first item never came whereas for the second item, I'm still waiting",549495,@247947 I am sorry you have not received your items. We are here to help! Have you reached out to the sellers? Learn more here: https://t.co/oZCljUOfHN ^SC,Sat Dec 02 18:40:14 +0000 2017,Sat Dec 02 18:52:59 +0000 2017
1189760,"@117795 Why do you have Foreign Films with NO ENGLISH SUBTITLES? Ex: CINDERELLA, PRINCESS AND THE PEA under Kids &amp; Family Movies.",1189758,@399642 Hey. What device are you using? The subtitles on these titles work for me. Have you tried - https://t.co/Nu85onxWqn ^TP,Wed Oct 25 06:29:32 +0000 2017,Wed Oct 25 06:46:32 +0000 2017
2382510,When @115821 now gives you picks of your delivered package on your orders but the picture is of your neighbors house. 🤔,2382509,"@686840 Oh no, I'm sorry your package was delivered to the wrong door! Were you able to successfully retrieve it? We'd like to report this error to Amazon Logistics for future correction. When you have a moment, please send us order details here: https://t.co/BvkoIjAuex ^AM",Tue Nov 14 06:23:57 +0000 2017,Tue Nov 14 06:28:24 +0000 2017
2877027,"@116875 en mi estado del pedido, dice que recibí mi paquete ayer pero no he recibido nada, qué puedo hacer? estoy preocupada. Pienso que son un buen servicio y no me gustaría dar malas recomendaciones.",2877026,"@798638 Hola Laura, lamentamos el inconveniente. Te recomendamos seguir las instrucciones que se encuentran en el siguiente enlace: https://t.co/3khlK7ao6M ^AV",Tue Nov 28 06:38:53 +0000 2017,Tue Nov 28 06:42:51 +0000 2017
379388,@AmazonHelp 0 changement sur le suivi depuis le 1/10. Date initiale de livraison : 03/10.,379390,"@206021 Avez-vous contacté notre service pour l'annulation (demande de retour) Pouvez-vous me communiquer le nom de transporteur?
YL",Mon Oct 09 07:00:38 +0000 2017,Mon Oct 09 07:07:57 +0000 2017
2213722,@AmazonHelp I have a question about the codes I will be receiving for the pre order of EA Star Wars Battlefront 2.,2213721,"@646931 We'd love to help wherever we can. Without posting account info, can you tell us a bit more? ^JM",Fri Nov 10 02:43:10 +0000 2017,Fri Nov 10 02:57:52 +0000 2017
2028541,Ayo @217158 look what finally arrived! Yes the corners are bent so thank @115821 https://t.co/tpmci6UbE5,2028540,@350731 I'm sorry your book arrived like this. See your available return/replacement options here: https://t.co/NO8LmoVI7z ^CL,Wed Oct 18 21:30:19 +0000 2017,Wed Oct 18 21:34:34 +0000 2017
2914538,"@AmazonHelp mi sono iscritto ovvio,riguardo la console edizione limitata avete accordi?",2914540,@806786 Al momento non abbiamo novità in merito. Visita il sito di tanto in tanto per rimanere aggiornato. A presto! ^VE,Tue Nov 28 23:02:23 +0000 2017,Wed Nov 29 05:13:30 +0000 2017
448618,@AmazonHelp No,448619,@221291 We're unable to access account info via Twitter. We'd like to help if we can. Please contact us via phone or chat here: https://t.co/Q7Ftz6nj80 ^JF,Sat Dec 02 17:01:13 +0000 2017,Sat Dec 02 17:13:28 +0000 2017
1582715,@115850 do you deliver in uae ?thanks,1582714,@487143 I'm sorry but we currently do not ship to international locations. ^AP,Tue Oct 17 06:48:01 +0000 2017,Tue Oct 17 07:32:00 +0000 2017
248128,"@AmazonHelp Hola, ya se entregó el pedido al día siguiente. hoy debería llegar otro y todavía no ha llegado. me temo lo peor (otra vez).",248126,"@174951 Hola Benja, lamento las molestias. ¿Has intentado hablar con el transportista sobre esta entrega? ^LG",Thu Oct 05 16:19:12 +0000 2017,Thu Oct 05 16:21:32 +0000 2017
2533188,@AmazonHelp I will try now,2533190,@720875 Perfect! Keep us updated on the outcome! ^AB,Mon Oct 30 12:46:01 +0000 2017,Mon Oct 30 12:47:31 +0000 2017
757792,@AmazonHelp Have i Ordered too late then?,757793,@301086 We're happy to review your order and any available options with you directly via phone/chat here: https://t.co/JzP7hlA23B ^JR,Wed Oct 11 19:17:19 +0000 2017,Wed Oct 11 19:31:00 +0000 2017
468229,@AmazonHelp My id no 7903934665 and 8578070287,468230,"@226488 I'm sorry about the trouble with the return. Kindly reach out to our support team here: https://t.co/vlvfJr4nN9 we'll have this checked. Also, please don't provide your order details, as we consider it to be personal information. Our Twitter page is public.​ ^EM",Fri Dec 01 06:25:27 +0000 2017,Fri Dec 01 06:38:27 +0000 2017
976709,@115850  https://t.co/RR0ZfiC7cg,976708,@351655 details here: https://t.co/beaaDm0muc &amp; I'll reach out to you at the earliest. 2/2 ^EM,Sun Oct 22 04:08:03 +0000 2017,Sun Oct 22 04:37:41 +0000 2017
2950819,@AmazonHelp es un vendedor externo del sitio de uds.,2950820,"@814863 En ese caso, es necesario reportar lo sucedido con el vendedor directamente. ¿La compra fue realizada en Amazon USA, Amazon España o en algún otro sitio web? ^KS",Wed Nov 29 19:42:52 +0000 2017,Wed Nov 29 19:52:58 +0000 2017
227866,@AmazonHelp Yes I have done that hundreds of times,227869,@170030 details from the link here: https://t.co/beaaDm0muc to assist further at the earliest.(3/3)^HR,Thu Oct 05 08:37:15 +0000 2017,Thu Oct 05 09:16:34 +0000 2017
118803,"@115851 your amazon customer service so far is appalling, making excuses for crimes being committed by your delivery personnel, and then hiding behind empty justifications and 'standard policy'  #criminals #thecustomeralwayscomeslast",118802,"@141801 I'm sorry you've had a bad experience, Sandeep! Without revealing account information, will you tell us what's happened? ^PF",Thu Nov 23 22:16:23 +0000 2017,Thu Nov 23 22:29:34 +0000 2017
2886534,@116313 もう100話（約75時間）も観てるのにあと150時間超も残ってる。でも一向にツマらなくなる気配がない…多分今まで人生で観てきたドラマ全部合わせた量すら超えてるのに,2886533,"@800541 先は長いですね… どうか最後まで存分にお楽しみください♪
プライム・ビデオをご利用いただき、ありがとうございます！ RI",Tue Nov 28 12:15:43 +0000 2017,Tue Nov 28 12:19:00 +0000 2017
277209,@AmazonHelp you took my money for these cancelled items but havent given the money back!! https://t.co/sqbP9wHHFA,277208,"@182226 Typically, we'll charge your card once the order has shipped. You may see an authorisation: https://t.co/EKGrVwiAND ^JF",Tue Oct 10 16:38:34 +0000 2017,Tue Oct 10 17:05:30 +0000 2017
873728,@AmazonHelp what's your return policy on wireless routers?,873727,@327439 Thanks for reaching out! You can find our return policy here: https://t.co/8pD1f0CseB ^DG,Fri Oct 20 20:38:16 +0000 2017,Fri Oct 20 20:49:00 +0000 2017
244131,"@AmazonHelp As I've repeatedly told your help team, this is a business address, so deliveries need to be made before 5pm.",244133,@168913 Please let us know if you don't receive your item by 5PM. ^KP,Thu Oct 05 14:49:43 +0000 2017,Thu Oct 05 14:53:00 +0000 2017
1102301,@AmazonHelp I know but normal users might get confused as this link is widely spreaded in social media.,1102303,@380100 I'll be sure to pass on your feedback to our specialist team internally and work on it. ^AK,Sun Oct 15 07:52:18 +0000 2017,Sun Oct 15 08:29:00 +0000 2017
2902680,@AmazonHelp I've tried using Microsoft Edge and Google Chrome and they're both saying the same thing,2902678,"@111354 We'd like to try some real-time troubleshooting, please get in touch here: https://t.co/JzP7hlRCV9. ^AR",Mon Nov 21 00:07:12 +0000 2016,Mon Nov 21 00:35:30 +0000 2016
2641341,@AmazonHelp UPS,2641343,"@172765 Thank you, Ronnie! When you have a moment, let's look at available options here: https://t.co/hApLpMlfHN ^ML",Tue Oct 31 01:16:25 +0000 2017,Tue Oct 31 01:24:00 +0000 2017
977268,@AmazonHelp No,977269,@351782 Please reach out to the seller directly and keep us updated. Here is a link that will help: https://t.co/GQYYmCZnRY ^CR,Sun Oct 22 05:49:00 +0000 2017,Sun Oct 22 05:52:00 +0000 2017
2458433,"今日はAmazonで注文した鉄球が届いたからオービットをメタル化してみた
鉄球が凄い余るw https://t.co/uflm2B0Dj7",2458432,@704102 アマゾンです。ご利用ありがとうございます。😊ET,Wed Nov 15 05:39:54 +0000 2017,Wed Nov 15 05:47:54 +0000 2017
1141529,@AmazonHelp Got it resolved thanks to a supervisor 😊. The experience with that employee was really unpleasant and got my blood boiling though lol,1141528,@288407 I'm sorry for the troubling experience! You can always leave feedback about the agent in the e-mail that is sent. ^TG,Sun Oct 15 15:59:24 +0000 2017,Sun Oct 15 16:03:30 +0000 2017
276165,"Amazonで買った商品が配達予定日過ぎても来ない件

ゆうパケットなんだけど、配送ステータス変わらないし、今どこだかもわからん
うーん…困った",276163,@181976 突然失礼いたします、Amazonです。ご心配をおかけしております。お手数ですが伝票番号をご確認の上、配送業者へご確認いただきますようお願いいたします。https://t.co/zJb8WDjchW SK,Fri Oct 06 07:00:14 +0000 2017,Fri Oct 06 07:19:00 +0000 2017
2104339,"@AmazonHelp ahhperfecto, asi lo hare, gracias",2104340,"@308433 De nada, cualquier duda adicional o inconveniente, estamos aquí para ayudarte. ^DA",Wed Nov 08 13:58:03 +0000 2017,Wed Nov 08 13:59:29 +0000 2017
2935784,アマゾンだいすき～ https://t.co/nNy2xxnT0X,2935783,@811648 ありがとうございます(*´∀`*)💕💕　SM,Wed Nov 29 11:04:47 +0000 2017,Wed Nov 29 11:10:55 +0000 2017
2814421,@AmazonHelp Ya lo he intentado. Me llego un mail pidiendo que les envie un fax.. les mande el fax con el resumen de la tarjeta y mi cuenta continua bloqueada! NECESITO AYUDA @AmazonHelp,2814422,@784666 It can take a few days until the fax is checked. You will receive an e-mail after it is finished. Best regards ^MH,Mon Nov 27 23:07:06 +0000 2017,Mon Nov 27 23:33:34 +0000 2017
492121,@AmazonHelp Thanks. Yes I was promised delivery of an item today and this has not happened. I was then further informed item is lost and it was an urgent present. I then experienced very poor customer service via chat,492119,@232300 We always strive for a great experience and I apologize that we haven't kept to that. What options were you given when you spoke with our customer service? ^FD,Fri Dec 01 17:11:12 +0000 2017,Fri Dec 01 17:14:00 +0000 2017
321198,@115850 Placed 3 orders : 2 delayed due to Misrouting and 1 cancelled by merchant. You're terrible at conducting big sales.,321197,@192518 I'm sorry for the recent unpleasant experiences. Please connect with our support team here:  https://t.co/IpWPsyakKp 1/2 ^SH,Sat Oct 07 12:23:03 +0000 2017,Sat Oct 07 12:45:54 +0000 2017
1751824,@AmazonHelp Replacement order is 113-6928185-8161833,1751825,"@527804 Since we do not have account access to assist w/ your request, please contact us here: https://t.co/hApLpMlfHN ^MW",Tue Oct 17 21:27:40 +0000 2017,Tue Oct 17 21:53:00 +0000 2017
913815,"@115850 hi,can u confirm delivery status of order #403-6284503-7327503??
I have followed up through Amazon app customer care ,but no help.",913814,@337019 Please don’t provide your order details as we consider them to be personal info. Our Twitter page is visible to public. ^JC,Sat Oct 21 07:52:28 +0000 2017,Sat Oct 21 08:26:00 +0000 2017
2802340,"@116875 hola, necesito su ayuda, me habilitan para enviarles mensaje directo? gracias",2802339,"@781725 ¡Hola! Sí, con gusto te ofrecemos nuestro servicio a través de Mensaje Directo. Por seguridad necesitamos que nos envíes primeramente tu consulta o solicitud a través de la opción de Mensaje Directo y estaremos respondiendo a través de ese medio. ¡Saludos! ^PC",Wed Nov 22 01:11:57 +0000 2017,Wed Nov 22 01:15:52 +0000 2017
866151,@AmazonHelp A seller TWICE !! Both times wrong items and I called you on the phone about the fraud ! This was 13 days ago and UPS picked the item up,866153,"@128272 I'm so sorry to hear this, Bradley! We're here to help! We can be reached anytime here: https://t.co/hApLpMlfHN ^TH",Fri Oct 20 17:49:12 +0000 2017,Fri Oct 20 18:37:35 +0000 2017
631669,@AmazonHelp 3rd party. Does that make a difference?,631667,@269693 Thanks for letting us know! The process will be a bit different. Have you had a chance to reach out to the seller to explain the situation: https://t.co/CPlSn4VJhG? ^JO,Wed Nov 22 16:17:15 +0000 2017,Wed Nov 22 16:19:01 +0000 2017
174562,"@AmazonHelp Why is it that when I order something with amazon prime, it's never next day delivery; it is infact 3 days later.",174561,@156926 We're here to help! We strive to deliver by the date provided in your confirmation e-mail. Have we recently missed this date? ^ML,Fri Nov 24 23:16:34 +0000 2017,Fri Nov 24 23:24:30 +0000 2017
745992,@AmazonHelp @AmazonHelp @115850 @115821 @123644 https://t.co/83xPHLpgeT,745993,@298337 Please don’t provide your order details as it is personal information. Our page is visible to the public.2/2^HN,Mon Oct 16 10:11:14 +0000 2017,Mon Oct 16 10:17:26 +0000 2017
2236280,4 von 4 @116316 Sendungen in den letzten Tagen vergeigt. tolle Bilanz.,2236278,"@652181 Hey, wir wollten nur mal kurz hören, ob dir unsere Kollegen weiterhelfen konnten? ^MS",Thu Nov 09 17:55:23 +0000 2017,Fri Nov 10 18:50:00 +0000 2017
2192396,@115821 going forward can we try to be a bit more efficient? This is insanely wasteful for two bungee cords. https://t.co/SwdDuFPYhC,2192395,"@641711 Hello Brent! Thanks for reaching out today with this feedback. We're always looking at ways to improve our packaging, so if you wouldn't mind, please leave us yours here: https://t.co/NmArAhsPVj ^TM",Thu Nov 09 20:27:53 +0000 2017,Thu Nov 09 20:52:25 +0000 2017
493321,@115851 sir amazon india Order id #407-4550389-1555562 not cosidering my issue i belive in you i hope my issue will be resolved,493320,"@232309 I understand your concern about the delivery of your order. We've responded to your concern here: https://t.co/RS88UeS75g. Please don't provide your order details, we consider it personal information. Our Twitter page is visible to public. ^SV",Fri Dec 01 17:28:37 +0000 2017,Fri Dec 01 17:40:00 +0000 2017
853898,@115830  Prime has definitely changed. Items in stock and sold by Amazon getting a Monday delivery? Always used to be next day.,853896,@133331 Some items may take longer to process once ordered. Check here to see how we calculate delivery dates: https://t.co/mJ457wQB8a ^ZW,Fri Oct 13 13:12:42 +0000 2017,Fri Oct 13 13:39:00 +0000 2017
2432800,"@AmazonHelp So I want to go get my Locker package which has been delivered, since I am already out of the house, but I’ve gotten no code.",2432799,"@152471 We're here to help! Are you subscribed to receive Shipment updates via SMS? You would need to check 'Shipment Updates via Text' in your Account Settings. Check and learn how here: https://t.co/gBZWu9Nvc2 Keep us posted, we're here for you! ^JE",Tue Nov 14 21:14:36 +0000 2017,Tue Nov 14 21:20:33 +0000 2017
922655,@AmazonHelp If I could find a number and wasn’t taken around in circles again and again by your site I’d absolutely love to speak to an agent. 😍😍,922654,"@337239 Please visit: https://t.co/JzP7hlA23B, answer questions 1 and 2, and then you'll have the option to request a call under 3. ^LB",Sat Oct 21 13:26:23 +0000 2017,Sat Oct 21 13:28:41 +0000 2017
393101,@115850 Not accepted such crap service from you..this is not done at all. Shame on amazon... and that fu***ng delivery service. https://t.co/CJwTpJKfn6,393100,@208320 Sorry for the hassle Nitin. Please report this to our support team here: https://t.co/vlvfJr4nN9 and we'll check this. ^HN,Mon Oct 09 16:44:09 +0000 2017,Mon Oct 09 17:04:21 +0000 2017
232337,@115850 should mention it during the purchase if the product will be delivered by Indian postal service.i would avoid buying that product.,232336,@171309 I'll surely pass on your feedback to the concerned team Abhishek. ^HN,Thu Oct 05 11:24:46 +0000 2017,Thu Oct 05 11:28:00 +0000 2017
413037,@AmazonHelp @213585 Last 2 months we suffering with this problem and if we post what we have experienced now u people are saying it's public page ...,413039,"@213586 Sorry to know you're facing trouble with your order, certainly not intended. Have you reported this to our support team here: https://t.co/TdDksLo6Mf? We'll definitely look into it. ^PS",Sat Nov 25 05:50:49 +0000 2017,Sat Nov 25 06:09:30 +0000 2017
1672268,"@115850 what is d use of ONE DAY DELIVERY. Already 24 hours since order, but not even shipped. CSuprt says will be delvrd tmrw ? Any rspns",1672267,"@508966 We certainly did not expect this to happen. Kindly share your details here: https://t.co/beaaDm0muc, I'll contact you soon.^VH",Mon Nov 06 07:34:48 +0000 2017,Mon Nov 06 08:26:00 +0000 2017
2388009,@AmazonHelp Thank you. Im trying to do it via the app,2388011,"@556985 As we can't access accounts here, please get in touch: https://t.co/LRfqXKfCuy we'll be happy to help. ^BD",Tue Nov 14 07:59:55 +0000 2017,Tue Nov 14 08:19:27 +0000 2017
1733899,@AmazonHelp I can DM mobile no,1733900,"@523623 Being on twitter, we wouldn't be able to access your account. Kindly share your details in the link shared earlier. ^BV",Tue Nov 07 14:52:39 +0000 2017,Tue Nov 07 15:22:38 +0000 2017
355581,"Why do you change the status of  order to Delivered even before it reaches the customer? 3 days have passed, but no delivery yet @115850",355580,"@199878 We've received your details, Thejas. Thanks for keeping us posted, we'll reach out to you soon. ^MS",Sun Oct 08 12:57:56 +0000 2017,Sun Oct 08 14:38:00 +0000 2017
746755,@AmazonHelp Tried that equally as useless.  So what next?,746757,"@298517 When you reached out to us, what information did we provide to you? ^AC",Wed Oct 11 16:56:46 +0000 2017,Wed Oct 11 16:59:31 +0000 2017
96719,"@AmazonHelp The website says with courier, but not out for delivery. Considering this was ordered 3 days ago via a prime membership doesn't really seem acceptable.",96718,@137106 I'm certainly sorry the package has been delayed! Does the tracking show an updated expected delivery date? ^RO,Thu Nov 30 16:18:29 +0000 2017,Thu Nov 30 16:24:34 +0000 2017
769591,y cuando suben la 3a termporada #MrRobot a la plataforma de Amazon Prime @116618 ? https://t.co/83n2aNTi7Y,769590,"@303757 Hola, Ule. Cualquier novedad se anunciaría en el sitio web directamente, por lo que te sugiero estar al tanto. ^JQ",Wed Oct 11 23:02:44 +0000 2017,Wed Oct 11 23:05:02 +0000 2017
2150944,"@AmazonHelp Replied to that mail, but Amazon is so desparate to cheat that they are neither refunding nor responding to those mail even more than 24Hrs.",2150945,"@328639 We have received your details, we are working on it. We will get back to you at the earliest. ^AH",Thu Oct 19 10:26:10 +0000 2017,Thu Oct 19 11:08:28 +0000 2017
463338,"Amazon India ORDER # 406-xxxxxx-xxx1166
Third Class Product I suggest to never Buy This Product, Very Very Bad Product... worth as purchased @ rs 125 As well As Amazon Customer Service (Phone Call) Mr. Sumit Has Very Bad Menar &amp; Valgar Talking With Me.",463337,"@225134 I’m sorry about this experience with your order. I’d like to look into this, please fill this form: https://t.co/beaaDm0muc and I’ll contact you at the earliest ^RW",Fri Dec 01 02:43:19 +0000 2017,Fri Dec 01 03:14:25 +0000 2017
686747,Kein Verlass mehr auf @116316 wenn´s um Prime geht... Von den letzten 5 Bestellungen kam eine einzige pünktlich an 😠,686746,"@283970 Hey, natürlich solltest du deine Lieferungen zum angegebenen Tag erhalten. Leider kann ich über Twitter nicht in dein Konto einsehen. Melde dich mal beim Kundenservice. Die helfen dir bestimmt weiter: https://t.co/ohyvGrpvrY ^AM",Thu Nov 23 13:25:59 +0000 2017,Thu Nov 23 13:44:00 +0000 2017
1887817,なんか急にはじまった「Amazon Music Unlimited」ってなんだ。,1887816,"@563034 失礼いたします🙇　Music Unlimited は、4,000万曲以上の楽曲やプレイリスト、ラジオなどを楽しめる音楽聴き放題サービスです🎵　よろしければ、詳細はこちらをご参照ください⇒https://t.co/sRap30X3rC　SM",Wed Nov 08 05:34:17 +0000 2017,Wed Nov 08 05:53:53 +0000 2017
1126653,@AmazonHelp I had ordered a centre table and was scheduled for installation and no one came called customer service and got a rude reply with no help,1126655,"@385652 We'll escalate this right away. Drop your details here: https://t.co/W4oPvmQ0cd, we'll get back with an update. ^HT",Sun Oct 15 14:25:40 +0000 2017,Sun Oct 15 14:57:00 +0000 2017
1637228,Amazon Prime Video is so confusing @amazonhelp,1637226,"@500731 Sorry for the trouble, Jacob! Without providing account/personal details, could you give more details on the issue? ^VB",Sun Nov 05 21:39:31 +0000 2017,Sun Nov 05 21:46:28 +0000 2017
2094043,"@AmazonHelp Nel mio, vero e con prime, l'ordine risulta in consegna il 10 novembre.
Il quello simulato invece https://t.co/dczRI8YTwn",2094045,@207161 Contatta la nostra Assistenza cliccando qui: https://t.co/YtcS8zMWhk. ^MA,Wed Nov 08 11:01:53 +0000 2017,Wed Nov 08 11:25:31 +0000 2017
1554931,@115830 received this today -  a parcel from you. Hermes have been useless. Any ideas? https://t.co/bcaYuqPCsD,1554929,@480887 I'm sorry you didn't receive your parcel! Reach out to us here: https://t.co/JzP7hlRCV9 and we can look into this with you. ^TK,Sat Nov 04 11:42:17 +0000 2017,Sat Nov 04 11:45:29 +0000 2017
802317,@116618 Is it free with a prime membership?,802315,@311188 Yes! Streaming is included with a membership to Amazon Prime! ^GR,Thu Oct 12 16:19:29 +0000 2017,Thu Oct 12 16:26:00 +0000 2017
837879,"@AmazonHelp Arrivato, non avevo dubbi!!",837880,@319390 Ottima notizia! Grazie per averci aggiornato Irene 😊. Buona giornata! ^CM,Fri Oct 13 12:40:39 +0000 2017,Fri Oct 13 12:49:00 +0000 2017
400308,@AmazonHelp I need your help! I need a contact number for your HR department. I’m an employee,400307,@210662 Please fill out as much information as possible so a member of our team can look into this: https://t.co/dQmBOrstgM ^CE,Mon Oct 09 18:58:31 +0000 2017,Mon Oct 09 19:24:40 +0000 2017
2734310,@AmazonHelp Ja habe ich. Der Zusteller soll befragt werden. Dieser Vorgang würde drei Werktage in Anspruch nehmen,2734312,"@766361 Das macht in dem Fall auch Sinn. Ich drück dir die Daumen, dass dein Paket noch gefunden wird. ^AN",Mon Nov 20 19:41:10 +0000 2017,Mon Nov 20 19:58:50 +0000 2017
579098,"@AmazonHelp いえいえ！こちらこそ丁寧な返信ありがとうございます。

いまから、ロア視聴しようと思います！楽しみです！",579100,"@256346 恐れ入ります。また何かございましたら、こちら公式までお知らせください。
ロア、どうぞゆっくりご覧くださいませ！(こわくないですか…?!)O o｡.(´-`*) RI",Sun Dec 03 11:31:16 +0000 2017,Sun Dec 03 11:47:00 +0000 2017
238095,@AmazonHelp He said me to switch browsers and clear cache but it didn't work. Please resolve this. Its been a headache for nearly a month.,238110,@172659 Sorry about that! Kindly fill in your details here:https://t.co/GIJyeYqKE0 and we'll look into this for you. ^PB,Tue Oct 17 17:39:52 +0000 2017,Tue Oct 17 18:12:00 +0000 2017
285545,@115851 @115850 @1840 I need you people to look into the matter as I am going to lodge a complaint in the Consumer Forum too..,285544,@184027 We've responded to you here: https://t.co/zulz14jbt3 kindly take a look. ^MS,Fri Oct 06 14:11:00 +0000 2017,Fri Oct 06 14:26:32 +0000 2017
947284,@AmazonHelp I want others to see how you can refuse a mail and how others should not believe your mails anymore.,947287,"@344644 I understand your frustration, Abhijit. Do not worry. If you've shared your details in the link, we'll check and get back to you with an update soon. Appreciate your understanding. ^MK",Sat Nov 25 17:18:02 +0000 2017,Sat Nov 25 18:14:52 +0000 2017
1135951,Amazonからまったく見に覚えない荷物届いたんだけどこわい,1135950,@387616 失礼いたします。情報などお伺いしたうえで当サイトで確認させていただきますので、こちらよりカスタマーサービスにお問い合わせください。https://t.co/C3Q3UF8l1I RI,Tue Oct 24 09:16:48 +0000 2017,Tue Oct 24 09:23:00 +0000 2017
80667,@AmazonHelp J'ai passé une commande le 20/11 pour livraison le 28/11 entre 10 et midi (amazon prime + supplément créneau horaire + supplément emballage cadeau car il s'agissait d'un événement important) Le 27 je reçois un mail disant que le colis a été expédié. jusque la tout va bien 1/1,80669,"@133896 La livraison qui vous a été confirmée pour aujourd'hui, concerne le même article ? ^AR",Thu Nov 30 13:28:15 +0000 2017,Thu Nov 30 13:37:00 +0000 2017
1431409,Slowly waiting on my stuff from Amazon to come in,1431408,@452390 I'm sorry for the wait. What order status and delivery date(s) are you currently seeing here: https://t.co/Y5jpI9gRhE? ^KM,Thu Nov 02 08:18:30 +0000 2017,Thu Nov 02 08:20:27 +0000 2017
2702064,@115821 @AmazonHelp I am tired of your driver's lying about attempting deliveries. They claim they stopped by today to make a delivery but never did. This is the 5th time this has happened. I've been here all day waiting because it's MEDICINE,2702062,@758986 I'm sorry for the wait on your order. Who is the carrier listed here: https://t.co/Y5jpI9gRhE? ^AN,Sun Nov 19 21:06:48 +0000 2017,Sun Nov 19 21:09:30 +0000 2017
2252946,"wtf @AmazonHelp? usps, ups, dhl, fedex, everyone but you delivers properly. https://t.co/XHmxfy6Bhn",2252947,@454841 I'm sorry your orders were left like this! We'd like to address this with the driver for improvement. Please send us your order details here: https://t.co/q1ofiXNCI8 ^MB,Fri Nov 10 20:43:21 +0000 2017,Fri Nov 10 20:49:01 +0000 2017
1151719,@AmazonHelp Yes it is 😊🤓,1151718,@391035 Thanks for checking on that for us! Let's look into canceling this subscription here: https://t.co/KgdIsPPTI6 ^KJ,Tue Oct 24 15:14:15 +0000 2017,Tue Oct 24 15:28:36 +0000 2017
1273019,"@AmazonHelp Ah, but... which is which? “now” is one click?",1273021,"@417981 yes, it is ^AT",Mon Oct 16 08:12:04 +0000 2017,Mon Oct 16 08:20:01 +0000 2017
1745021,@AmazonHelp Been in touch with all 3 companies who keep sending me round in circles. Just want what I ordered or my money back!,1745024,"@526199 I'm sorry for the run around. When you did reach out to the seller, what was advised? We'd love to help! ^MH",Tue Nov 07 15:15:38 +0000 2017,Tue Nov 07 15:19:28 +0000 2017
183198,"@AmazonHelp Amazonnnnnmn！！！
いつもありがとうございます",183197,@159082 はい、Amazonnnnnmnでございます(;´▽｀A`` いつもご利用ありがとうございます！これからもどうぞよろしくお願いいたしますm(_ _)m TN,Wed Oct 04 12:20:07 +0000 2017,Wed Oct 04 12:22:05 +0000 2017
2319268,"@AmazonHelp Ya ha sido recibido el paquete, gracias",2319270,"@672252 ¡Óscar, nos alegra mucho que recibiste tu pedido! 🎉 Esperamos que lo disfrutes mucho y cualquier inconveniente, estamos aquí para ayudarte. ^DA",Mon Nov 13 12:39:30 +0000 2017,Mon Nov 13 12:44:43 +0000 2017
1670702,@AmazonHelp I have already  told my issue almost 15 times to your executives but they seem treacherous. They gave me fake assurance every time.,1670703,"@129970 To help you best with this, Kindly confirm if you've filled in your details via the secured link provided earlier, Jaydeep. ^KS",Tue Nov 07 19:31:34 +0000 2017,Tue Nov 07 19:44:49 +0000 2017
2973754,Why do I pay for @115821 Prime when this keeps happening? https://t.co/m7dGNwOesK,2973753,@820143 I'm really sorry for the delay! We strive to meet the expected delivery date as shown at check out. Please keep us updated on any changes. ^JP,Thu Nov 30 02:19:06 +0000 2017,Thu Nov 30 02:27:33 +0000 2017
2855070,@129773 cannot view @202029 Season 3 Episode 11! Says it is unavailable.. 😢 https://t.co/H0vpnN8FHS,2855069,"@793620 I'm sorry to hear this. Are you trying to view it on the Amazon app on a Television, on a mobile device, or are you trying to view on a computer? ^GR",Mon Nov 27 21:04:30 +0000 2017,Mon Nov 27 21:12:28 +0000 2017
2322597,Tell me why in the fuck amazon charged me 105$ even after I cancelled my membership 🙂@115821,2322596,"@255966 I'm sorry for the unexpected charge! If unwanted, you can cancel here: https://t.co/SLg1lJKz52. ^EZ",Fri Oct 20 00:05:14 +0000 2017,Fri Oct 20 00:12:00 +0000 2017
643681,@AmazonHelp Its a 3rd day and I am still waiting for my order..,643680,"@272828 I'd like to work on this right away, please share your details here: https://t.co/GIJyeYqKE0. ^AG",Thu Oct 12 06:29:03 +0000 2017,Thu Oct 12 06:56:35 +0000 2017
2511793,@AmazonHelp F***ing dumb people i want product at my door step can’t u understand my simple world. F^^k off @115850 @115851,2511794,@295979 We will not be able to confirm any order detail on social platform. Please reply to the emails for further assistance ^RW,Mon Oct 30 06:54:53 +0000 2017,Mon Oct 30 06:58:51 +0000 2017
1328752,"@AmazonHelp Aunque haya encontrado el problema, por favor, poned más a mano lo del chat. xD",1328753,"@217270 Luzeon, sentimos las molestias con el chat, tu comentario es súper importante para mejorar nuestro servicio. Recuerda que 1/2",Mon Oct 16 12:35:27 +0000 2017,Mon Oct 16 12:38:00 +0000 2017
285654,@AmazonHelp When @138673 4 (Rs. 7000) will come into flash sale? I'm waiting since a long time.,285653,@184046 I get your concern. Currently we don't have an update on stock availability of the 16gb variant. Please stay tuned. ^HA,Fri Oct 06 13:52:53 +0000 2017,Fri Oct 06 14:15:36 +0000 2017
2575237,"@AmazonHelp 205-9100148-0152305 
205-0332218-4855538
these two orders. Says handed to resident but I have not received them. Losing the will with the online chat",2575240,@730257 I see. Here are some steps that may help in finding your parcels: https://t.co/gVqv53p1UK ^TR,Thu Nov 16 21:09:02 +0000 2017,Thu Nov 16 21:16:39 +0000 2017
1263401,@AmazonHelp @118919 Not received refund even after 10 days of regular calls and emails 2 the customer care for ID171-7843961-0017163,1263399,"@415888 Also, as this a social medial platform, please don't provide order details. We consider it personal information. ^HR",Thu Oct 26 11:13:15 +0000 2017,Thu Oct 26 11:33:33 +0000 2017
757726,Dear @AmazonHelp @115821 my experience with your chatting service was beyond bizarre! I couldn't tell if I was chatting with a human or bot.,757724,"@301083 I'm sorry for the poor experience! Without sharing acct/order info, can you tell us more about what led you to contact us? ^SB",Wed Oct 11 19:03:36 +0000 2017,Wed Oct 11 19:09:00 +0000 2017
2360577,@AmazonHelp  https://t.co/dCRGwLZ3It,2360579,@439571 I can definitely understand your frustration! Please give us a call so we can look into your account and the delivery together : https://t.co/hApLpMlfHN. Please let us know if you have further questions or concerns. ^TG,Mon Nov 13 21:12:47 +0000 2017,Mon Nov 13 21:19:00 +0000 2017
1204918,@AmazonHelp  https://t.co/8j2HIphkpf,1204920,"@403019 Les livraisons sont effectuées jusqu'à 20h. Si vous ne recevez pas votre article aujourd'hui, veuillez contacter notre SAV",Wed Oct 25 09:02:56 +0000 2017,Wed Oct 25 09:22:03 +0000 2017
233436,Is this happened with any one? @115850 is getting worst day by day. I contacted them regarding this. bt they r just circling around https://t.co/gUqPQyxWEK,233435,"@171574 Sorry for the experience, Nagraj. Kindly fill in your details here: https://t.co/bON1yA9soc and we will get back to you. ^KS",Thu Oct 05 12:10:40 +0000 2017,Thu Oct 05 12:26:28 +0000 2017
2492160,@AmazonHelp @146956 @115858 @1560 @131027 @2517 first @115821 send me a damaged product now ignoring my issue check out my invoice and product which i get.. https://t.co/DtpUlv1wGG,2492159,"@305710 I apologize for the Inconvenience, Navjot. We'd like to help you out. Please fill this form: https://t.co/beaaDm0muc and we’ll contact you soon. Please don't provide your order details, as we consider it to be personal information. Our Twitter page is public.​ ^NK",Wed Nov 15 18:04:29 +0000 2017,Wed Nov 15 18:11:32 +0000 2017
711647,Preordered this thru Amazon and waited months to get it-this is what I get. Very disappointed. @135787 @51187 @115821 https://t.co/EDCKZfO440,711646,"@290188 I'm sorry this has happened, Javier! We'd like to make this right so please try these options: https://t.co/QN2zpuGUfV ^TM",Tue Oct 10 21:33:31 +0000 2017,Tue Oct 10 21:45:35 +0000 2017
806328,@AmazonHelp @312151 I’m still waiting for my order that should have been delivered on the 10th,806331,@297531 I'm terribly sorry you didn't receive your package. Was the order shipped by us or a seller? We'd definitely like to help! ^SA,Thu Oct 12 17:52:58 +0000 2017,Thu Oct 12 18:06:27 +0000 2017
723965,@115850 Hi. My order Delivery Rejected: Shopkooky water bottle... was refused at the time of delivery. This is untrue.,723964,@293294 We've responded to your concern here: https://t.co/ghWOSQa9mO please check. ^KA,Wed Oct 11 03:13:15 +0000 2017,Wed Oct 11 03:34:39 +0000 2017
1524011,@115821 not ok. You can’t drop packages by the street. #NotOK https://t.co/O9tiSDWtyY,1524010,@473470 We'd like to make sure this is escalated for you. Please send us your details here: https://t.co/KgxD3Y3Tjd ^VS,Fri Nov 03 21:13:00 +0000 2017,Fri Nov 03 21:17:59 +0000 2017
2198999,@AmazonHelp A package that i ordered a couple days ago says it was delivered this morning but i never received it.,2198998,@643184 I'm sorry about that! You can check the following link for some tips: https://t.co/QM1s0hi6o9 ^TR,Thu Oct 19 14:05:40 +0000 2017,Thu Oct 19 14:08:51 +0000 2017
2503551,@AmazonHelp d'accord je vais faire cela merci pour votre aide,2503552,@714018 Je vous en prie. ^SM,Thu Nov 16 07:12:23 +0000 2017,Thu Nov 16 07:21:00 +0000 2017
179263,@AmazonHelp 15 jours après aucune nouvelle...et toujours des cartons posés au dessus des boites sans sécurité ... 👏,179264,"@158251 Merci de remplir ce formulaire afin d'avoir une visibilité sur votre compte client via: https://t.co/HtUowg2UGX
^YL",Tue Oct 10 06:27:48 +0000 2017,Tue Oct 10 06:36:00 +0000 2017
777850,@115850 @135789 @146956 @2517 @115821 Amazon Fake delivery Apple Watch @115858 @AppleSupport @AmazonHelp https://t.co/NSDyN3ww3S,777851,"@305710 I'd like to personally investigate this, please share your details here: https://t.co/GIJyeYqKE0. I'll contact you soon. 2/3 ^PS",Thu Oct 12 03:33:20 +0000 2017,Thu Oct 12 04:03:00 +0000 2017
1290380,"@AmazonHelp No one helped, just blabbed lots of bad English and kept apologizing.",1290379,@421765 You can cancel your Prime Membership and look into refund options by following these steps: https://t.co/MF5hZ8SDht ^AF,Thu Oct 26 20:20:57 +0000 2017,Thu Oct 26 20:27:37 +0000 2017
2643041,@115821 Music app v11.0.1325.0 on Kindle Fire HD 8 isn't fully recognizing music on the SD card. Anyone else? Someone know a fix? Thanks.,2643040,@745786 Is your SD card a supported format? You can check here: https://t.co/Bh0PuHMcZ8 Hope it helps! ^NN,Tue Oct 31 02:13:27 +0000 2017,Tue Oct 31 02:39:27 +0000 2017
2475920,@115850 @115821 why there is no option of refund on electronic product? I m not happy with service. Provide me refund so I can buy some other product. #NotHappyWithAmazon,2475919,"@707772 I understand your concern. However, we do not have a refund policy available on electronics. In case of any defects with the received product, you may request a return for a replacement. You may use this link: https://t.co/3yqvLnyTxi to request a return. ^KH",Wed Nov 15 13:54:02 +0000 2017,Wed Nov 15 14:01:00 +0000 2017
2513451,"@AmazonHelp Flat 50 cashback on your first mobile recharge on Amazon.in
https://t.co/9ycQllo6A0",2513453,@716258 Yes you will receive the cash back. But last date is October 30 for the offer. ^HR,Mon Oct 30 08:41:51 +0000 2017,Mon Oct 30 09:12:00 +0000 2017
2616313,@AmazonHelp Non seulement de confirmation de commande mais l'article est censé être livré aujourd'hui,2616312,"@739508 Nous allons de suite remonter cela, je vous prie également de le signaler à notre SAV via: https://t.co/hgIrz98cdI afin d'y remédier avec la commande.
^KE",Fri Nov 17 14:32:38 +0000 2017,Fri Nov 17 14:35:27 +0000 2017
1724674,@AmazonHelp It was amazon.ca,1724676,@521648 What was the expected delivery date provided in your order confirmation e-mail? ^ZW,Tue Oct 17 19:00:50 +0000 2017,Tue Oct 17 19:07:08 +0000 2017
2251890,@AmazonHelp It's been delivered. My problem is with untrue updates always,2251892,@169318 Sorry to know about the delay with the delivery of the order. We'd like to help. ^AK (1/2),Sun Oct 29 08:22:12 +0000 2017,Sun Oct 29 08:39:27 +0000 2017
2683550,"@AmazonHelp The fact that you haven’t even taken order details or tracking numbers for this specific query, despite failure to deliver, speaks words",2683552,"@754801 I'm sorry, we don't access account or order details via Twitter and don't take personal information including order/tracking details over social media. If you'd like direct order assistance, please phone or chat with us here: https://t.co/JzP7hlA23B ^AN",Sun Nov 19 15:49:55 +0000 2017,Sun Nov 19 15:55:00 +0000 2017
2156974,Ordered this from @115850 today. It says 55 on it. But was charged the full 90. #NotCool at all https://t.co/amOFf69M5z,2156973,@383565 This is due to many factors including the item belonging to an older batch or the seller not updating the price. 2/2^MS,Thu Oct 19 10:50:07 +0000 2017,Thu Oct 19 11:06:36 +0000 2017
654297,"Lamentable que @116875 ponga su prestigio y credibilidad en una empresa tan “pequeña” como @118923 para sus entregas, ayer y hoy han tenido “dormido” mi paquete, sin el menor sentido de servicio al cliente #NiUnaEntregaMásPorEstafeta",654295,"@275646 Hola, Trasudador. Lamentamos mucho este inconveniente, ¿podrías por favor indicarnos si tu pedido fue gestionado directamente por Amazon o por un vendedor externo? ¿Cuál es la fecha de entrega que se menciona en el e-mail de confirmación de compra?",Wed Nov 22 22:16:03 +0000 2017,Wed Nov 22 22:21:33 +0000 2017
1033194,"@115850 order processed and shipped ,then cancelled due to payment error. Amount has been deducted from my account.",1033196,"@364445 I am sorry about the cancellation of your order. However, the refund will be processed to your original payment (1/2)^SF",Mon Oct 23 05:42:17 +0000 2017,Mon Oct 23 05:54:28 +0000 2017
847876,Gracias por nada @116928 @133260 https://t.co/K2EaIAyzch,847874,"@321509 Lamento este inconveniente, Juan, ¿Has entrado en contacto con nuestro Servicio al Cliente para reportar lo sucedido? ^AZ",Fri Oct 13 12:56:40 +0000 2017,Fri Oct 13 13:06:00 +0000 2017
538498,"@115850 

How to identify what's the device?

At least model number will be helpful https://t.co/cJPaug9nIZ",538497,"@244845 I get your concern, Kalyan. Please reach out to our support team here: https://t.co/jpaEbcdLdg and we will assist you further. ^NK",Sat Dec 02 14:15:04 +0000 2017,Sat Dec 02 14:33:55 +0000 2017
603160,"@115830 Your online chat staff should not make me promises !! I've been waiting for a Prime item since I ordered it on Wednesday? meant to be here Friday but didn't arrive so I asked for delivery today, been promised it will be here but it hasn't. Not much hope for tomorrow ??",603158,@247911 I'm so sorry for the wait! What was the date given in your order confirmation e-mail? ^MH,Sun Dec 03 21:32:47 +0000 2017,Sun Dec 03 22:38:32 +0000 2017
276512,"the Echo &amp; Alexa line up is amazing, thanx for getting it to India, the dot variant will be a hit among students.
@115851 @115850",276511,@182062 Thank you for the feedback. We try our best to make you guys happy! Hope this lasts for a lifetime. ^AP,Fri Oct 06 06:24:56 +0000 2017,Fri Oct 06 07:30:27 +0000 2017
1377425,@115850 Item ordered on 8th Oct not yet received. Delivery date was 20th Oct. A Prime customer @AmazonHelp,1377424,@440653 form: https://t.co/beaaDm0muc and I’ll contact you soon. 2/2 ^SC,Sat Oct 28 02:54:57 +0000 2017,Sat Oct 28 03:09:24 +0000 2017
2477515,"@116935  Even though amazon music is finally available in canada, I can't change the amazon music store to point to canada https://t.co/3Rb6OCdBmp",2477514,"@708140 I'm sorry for the troubles with changing the music store to Canada, Kumar! We would like to look into this in real time for you. Please reach out to us here: https://t.co/Q7Ftz6nj80. ^AL",Wed Nov 15 14:11:40 +0000 2017,Wed Nov 15 14:18:30 +0000 2017
661470,@AmazonHelp Amazon has delivered 4 other packages to this address in the last 5 days. Makes absolutely no sense why this one couldn’t be delivered,661468,"@277608 I'm sorry to hear about the issue with this delivery! I'd like to make sure this is escalated for you. At your convenience, and with as much detail as possible, please provide your information via this secure link: ​https://t.co/vZSG2DyObe ^SE",Thu Nov 23 00:58:35 +0000 2017,Thu Nov 23 01:07:35 +0000 2017
450766,My Amazon gift card isn't working 😩,450765,@221874 I'm sorry to hear your gift card isn't working. Please get in touch with us here: https://t.co/hApLpMlfHN so we can look into this with you in real-time. ^EZ,Thu Nov 30 21:40:52 +0000 2017,Thu Nov 30 21:47:39 +0000 2017
1393879,"@115850 How can you be so bad at customer care? First you have the audacity to send me a laptop that is so old and after I point this out to you, you continue to fail to respond to me. Either you resolve my grievance or I will file litigation!",1393878,@330913 I apologize for the experience you had so far. Please fill this form: https://t.co/beaaDm0muc and we'll contact you soon. ^NK,Wed Nov 08 15:25:46 +0000 2017,Wed Nov 08 15:35:26 +0000 2017
2276539,@AmazonHelp Vielen Dank. Habe gerade eine E-Mail verschickt.,2276538,@662107 Super! Bitte 😊,Sat Nov 11 17:11:45 +0000 2017,Sat Nov 11 17:28:27 +0000 2017
2668772,@AmazonHelp The agent was no help at all had no clue how to resolve the issue and had no clue as to why I was put through the process i was put through.,2668774,@751698 Was any advice/options provided to you Barry? ^NV,Sun Nov 19 10:53:11 +0000 2017,Sun Nov 19 11:11:24 +0000 2017
2761297,@AmazonHelp It was you folks (AMZL US). Here's the Tracking ID: TBA549836023000,2761299,@772576 I'd like a member of my team to further investigate this. Please provide us your info here: https://t.co/lBtDwaUgkV ^BG,Tue Nov 21 16:58:56 +0000 2017,Tue Nov 21 17:02:00 +0000 2017
1386158,"@119625 @15462 please add movies like Bareily ki Barfi,Tu hai Mera Sunday into your collection? Waiting for them.",1386157,@442560 highlight the latest movies and TV shows we have available.(2/2) ^CB,Sat Oct 28 09:21:33 +0000 2017,Sat Oct 28 09:44:31 +0000 2017
678289,"@AmazonHelp Yeah, I provided my fruitful comments.
I hope you will look into it.
My issue still not solve.",678290,"@281822 If you've responded to our correspondence, we'll get back to you soon. ^SU",Tue Nov 21 17:44:13 +0000 2017,Tue Nov 21 18:09:07 +0000 2017
2598517,@115821 Hi,2598516,@735680 May I know how can we assist you today? ^SH,Fri Nov 17 05:27:53 +0000 2017,Fri Nov 17 05:36:29 +0000 2017
2962658,@AmazonHelp Amazon logistics,2962657,"@817520 Pourriez-vous nous indiquer le numéro de suivi afin qu'on puisse remonter cet incident je vous prie ? 
^KE",Wed Nov 29 21:20:19 +0000 2017,Wed Nov 29 21:29:00 +0000 2017
2422767,. @115830 you had one job to do - deliver as promised - and you failed for the third time in the last three orders Not a Happy #Prime Member,2422765,@695835 I'm sorry your order didn't arrive as expected! Please reach out to us here: https://t.co/JzP7hlA23B so we can look into this with you. ^AH,Tue Nov 14 18:22:12 +0000 2017,Tue Nov 14 18:27:46 +0000 2017
2845545,@AmazonHelp amazing. Seen someone walk away from the house. Literally made eye contact with the guy as he got into his car. Then found this in the letter box 👍 https://t.co/xqhnzpAU9x,2845544,@791493 Oh no! We'd like to help in any way we can. Please click here: https://t.co/JzP7hlA23B so we can further assist. ^NM,Mon Nov 27 17:35:44 +0000 2017,Mon Nov 27 17:58:33 +0000 2017
1110859,@115850 @AmazonHelp Can you Please update on status of returm of item. Pick up tracking id 511358683864,1610974,"@306111 Please don't provide your order details, we consider it personal information. Our Twitter page is visible to public. ^HA",Tue Oct 17 10:54:51 +0000 2017,Tue Oct 17 11:04:28 +0000 2017
1116967,@AmazonHelp Reported and you people had said that we cannot do anything with that and they asked me to contact the cloudtail directly,1116969,@183303 Amazon is a marketplace for sellers and buyers. All After sales services (warranty and repairs) are handled (2/3) ^VM,Wed Oct 25 04:50:05 +0000 2017,Wed Oct 25 05:18:29 +0000 2017
675170,"@AmazonHelp having lots of problems with returns not being picked up for days, or at all. I have one currently that is ready to go but hasn’t been collected. Thanks",675169,"@201313 Hey Kirsty, who is the carrier that is supposed to collect your parcel? When was the collection arranged?^MA",Thu Nov 23 08:07:13 +0000 2017,Thu Nov 23 08:22:00 +0000 2017
1248985,"@AmazonHelp Gracias, si sucede algún contratiempo se los hago saber. 👍",1248987,@413038 Por supuesto. Estamos para ayudarte. ¡Saludos! ^JQ,Thu Oct 26 02:59:42 +0000 2017,Thu Oct 26 03:02:09 +0000 2017
63895,@AmazonHelp Says rescheduled when it wasn't. I just updated a safe place as my hour window was not met on Monday. Now it's nowhere to be seen. Even @122232 said delivery for yesterday and nothing. https://t.co/yahZHLp8jq,63893,"@130677 Hi Danny. Can you contact us directly regarding this via the below link, we can look into this further for you.  https://t.co/JzP7hlA23B Thank you. ^NV",Thu Nov 30 08:19:31 +0000 2017,Thu Nov 30 08:24:30 +0000 2017
1551751,"@AmazonHelp Hi, where can a Createspace/KDP author learn online about getting his books into an Amazon bookstore in his home town?",1551749,@250903 Thanks for the interest! Let's explore your options with Kindle Direct Publishing here: https://t.co/Tj1tMVDIkR ^SH,Sat Nov 04 02:31:47 +0000 2017,Sat Nov 04 03:57:24 +0000 2017
247447,@AmazonHelp I will not fill it up.,247448,"@174795 For us to access your account, we'd require you to share the details. Please share your details in the link. ^HN",Thu Oct 05 16:49:01 +0000 2017,Thu Oct 05 17:03:00 +0000 2017
695140,@118919  @115850 @115821 can u plz get DVDs on ur site of the Suite life of Zack n Cody in Hindi dubbed plz @31558 @121584,695139,@285788 We value your suggestions. I'll ensure to pass your words internally. ^VH,Thu Nov 23 15:01:29 +0000 2017,Thu Nov 23 15:45:32 +0000 2017
2433641,"@amazonhelp it looks like my mp3 cart problem is finally fixed somehow, thank you.",2433639,"@307860 You're welcome. If you have further questions or concerns, please be sure to let us know! ^TG",Sun Oct 29 13:39:32 +0000 2017,Sun Oct 29 13:42:31 +0000 2017
2319746,@AmazonHelp No...how many times do I let you cry wolf and still come back? Integrity is key in business... still NO ONE has provided me an answer to why I should renew prime!,2319747,@672339 Let's reach out to the carrier together in real time so we can figure out what is going on: https://t.co/hApLpMlfHN ^JZ,Mon Nov 13 14:08:45 +0000 2017,Mon Nov 13 14:18:29 +0000 2017
2966530,@AmazonHelp by any chance would you be able to send me another email confirming my cancellation of an order because i changed email,2966529,@184826 We don't access to your account with Twitter but you can reach out to us here: https://t.co/hApLpMlfHN ^DD,Wed Nov 29 22:44:13 +0000 2017,Wed Nov 29 22:52:32 +0000 2017
713346,"Oye @116928, reservé mi juego de Pokémon Ultrasol porque supuestamente dabais un código para obtener un PKMN especial y sigo esperando 😅",713344,"@290619 Hola, Omi. Por favor verifica esta información: https://t.co/1aM3jWRCwM. ^JQ",Tue Oct 10 22:35:46 +0000 2017,Tue Oct 10 22:44:46 +0000 2017
109924,@AmazonHelp  https://t.co/a9xy6d4Ucq,109926,@140401 Merci de nous joindra via https://t.co/hgIrz98cdI afin d'avoir plus d'informations concernant cette livraison ^KD,Thu Nov 23 20:06:30 +0000 2017,Thu Nov 23 20:14:33 +0000 2017
1408299,@AmazonHelp The Amazon delivery.,1408298,@447329 We'd like to have a specialist take a look at this for you. Please provide details here: https://t.co/mLDGgrMi4G ^TR,Tue Oct 31 17:13:22 +0000 2017,Tue Oct 31 17:17:33 +0000 2017
2387952,@688079 @AmazonHelp bei mir verschwinden aktuell Pakete etwa auf den Transportweg oder sind angeblich zugestellt. Das ist also auch nicht wirklich besser ;),2390466,"@532544 Hast du dich deswegen bereits bei uns gemeldet? Falls nicht, mach das bitte gleich über folgenden Link: https://t.co/ohyvGrpvrY Meine Kollegen prüfen gerne, was da los ist. Viele Grüße ^TR",Tue Nov 14 09:13:59 +0000 2017,Tue Nov 14 09:20:00 +0000 2017
391203,@149473 I am now forced to cancel the @115850 product because I got fed up with @149473 service.,391201,@208629 Apologies for the delay. Please report this to our support team here: https://t.co/TdDksLo6Mf and we'll look into this. ^HD,Mon Oct 09 15:36:51 +0000 2017,Mon Oct 09 16:00:37 +0000 2017
2249747,@AmazonHelp I had a S&amp;S that said it was delivered yesterday but it wasn't. The pic from the delivery isn't my front door...,2249745,"@304415 Oh no! Noelle, I'd like for a specialist to review this. Would you fill out additional information here:https://t.co/o9XswDhR30. ^SK",Thu Oct 19 17:34:58 +0000 2017,Thu Oct 19 17:44:29 +0000 2017
2531967,@AmazonHelp This is the 3rd time in a few months I have had issues with deliveries. Previously I have been more than happy with the service.,2531969,@589009 Our team would like to review what's happened. Please provide us with your details here: https://t.co/mZ2DOM3FqV ^RA,Mon Oct 30 16:05:21 +0000 2017,Mon Oct 30 16:12:38 +0000 2017
1483596,"Hello @115850 I have prime account, but why 1-2 day delivery isn't available for me, whenever I shop with you? What's the benefits then??",1483595,@464517 the product as well as the pin code of the delivery location. 2/2 ^PS,Fri Nov 03 02:15:52 +0000 2017,Fri Nov 03 02:45:00 +0000 2017
1573501,That p*ssed off with @115830 customer service I've cancelled my prime and closed my account. #poorcustomerservice.,1573499,"@484988 We'd hate to see you go, Jack! Will you tell more about what's happened? No personal or account information please. ^CS",Sat Nov 04 14:23:43 +0000 2017,Sat Nov 04 14:29:33 +0000 2017
1727554,"@AmazonHelp Hey, no it hasn’t arrived :/",1727555,@522430 Yikes! Let's see if we can find out what's going on here: https://t.co/JzP7hlA23B ^DA,Tue Oct 17 20:16:53 +0000 2017,Tue Oct 17 21:03:00 +0000 2017
2260627,"@AmazonHelp Yeah ...how do I stop the app saying the Driver is on  his way, when clearly he isn't?",2260628,"@396545 I'm sorry your tracking is still showing on the way! If the tracking hasn't updated in 1-2 working days, please phone or chat with us here: https://t.co/JzP7hlA23B ^BN",Sat Nov 11 06:46:16 +0000 2017,Sat Nov 11 06:54:26 +0000 2017
2910338,@AmazonHelp Cest fait,2910340,"@805702 Quelle a été la réponse de notre service client concernant cela je vous prie ?
^KE",Tue Nov 28 22:41:40 +0000 2017,Tue Nov 28 22:45:02 +0000 2017
2309306,"@AmazonHelp Nope, despite me asking.  Just that she’d call when done.  That was an hour ago.",2309307,"@516213 Thank you for clarifying. Please let us know what the outcome of her follow up call is, and keep us updated! ^DW",Mon Nov 13 04:09:41 +0000 2017,Mon Nov 13 04:21:52 +0000 2017
205691,"@AmazonHelp No this menu is to set up lighting groups. Multi-room speaker groups should be set up in ""Settings -&gt; Audio Groups"" but it isn't there!!",205692,@164738 We'd like to troubleshoot in real time with you here. Please use the phone or chat option: https://t.co/qy3J24VGxb ^GG,Wed Sep 27 01:41:33 +0000 2017,Wed Sep 27 02:00:06 +0000 2017
129724,"Point1 そもそもAmazonにこの番号いれてない
Point2 個人宛なのに名前がない
Point3 番号変えろよ https://t.co/43sWnmprmS",129723,@145245 ご認識頂いているかと思いますが、そちらのメールはAmazonから送信しているものではございません。よろしければ、正式なメールかどうかの識別方法についてこちらのヘルプページをご参照下さい。 https://t.co/QysmXHjyTS EK,Fri Nov 24 05:32:53 +0000 2017,Fri Nov 24 05:46:54 +0000 2017
480539,@AmazonHelp Last night,480541,@229199 What options were discussed when you contacted in? ^DO,Fri Dec 01 15:10:05 +0000 2017,Fri Dec 01 15:13:00 +0000 2017
2278928,@AmazonHelp What?? Till now nothing started can you please give me my money i don't know how or when you initiat your pick up. Thats enough,2278930,@662596 Could you please confirm if you've shared your details in the link provided to you earlier? ^SU,Sat Nov 11 19:06:38 +0000 2017,Sat Nov 11 19:21:33 +0000 2017
481686,@115850 My mobile is 9069508900,481687,@132180 We can connect with your urgency here. Allow our support team to investigate this. You can report this here: https://t.co/R3EfhzgU8B . Please don't provide your order details as we consider it personal information. Our twitter page is visible to public. ^CB,Fri Dec 01 13:39:01 +0000 2017,Fri Dec 01 13:54:00 +0000 2017
993179,@AmazonHelp WHATS YOU CUSTOMER SERVICE NUMBER WTF,993178,@341636 Terribly sorry for the poor experience! You can reach out to us in real time here: https://t.co/hApLpMlfHN ^JZ,Sun Oct 22 15:47:22 +0000 2017,Sun Oct 22 15:51:42 +0000 2017
1114995,@AmazonHelp Non mais le colis ( 8r31347338112 ) est perdu ou volé par @132743 ..,1114996,@383109 Avez-vous vérifié auprès de notre SAV si le remboursement a été émis sur votre CB ou votre solde chèque cadeau? ^ARC,Tue Oct 24 09:03:35 +0000 2017,Tue Oct 24 09:12:54 +0000 2017
1264814,"@115850 pthetic std of prime srvices .nobody hs any idea whr d pkg is, dat I hv alrdy paid for . Shame amazon! #407-64432331483510",1264817,"@416172 Sorry to know about the delivery issue. Believe me, this is not what we intended. Please share your details (1/2) ^KA",Tue Oct 17 08:27:17 +0000 2017,Tue Oct 17 08:46:52 +0000 2017
904656,@117795 why are unmarked vehicles delivering packages? Happening for the last few weeks,904654,"@167956 Hey there! Are you currently experiencing any shipping issues? If so, we'd like to help! ^KJ",Sat Oct 21 00:58:38 +0000 2017,Sat Oct 21 01:04:00 +0000 2017
1814666,@AmazonHelp pls dm,1814664,"@545139 We are happy to help. Without posting personal or account sensitive information, can you tell us more about what's going on?  ^AF https://t.co/1XyLaGkcaN",Sun Oct 15 23:10:09 +0000 2017,Sun Oct 15 23:12:27 +0000 2017
2930119,"*browsing Amazon for Alois merch ideas*
*sits up to get TV remote, phone falls on stomach*
*checks phone*
“1 item will be shipped”

@115821",2930118,"@301733 Quick, cancel that order: https://t.co/Oc385mlHRx unless, of course, your stomach knew what your heart was after? ^EA",Wed Nov 29 06:50:27 +0000 2017,Wed Nov 29 06:54:28 +0000 2017
1601350,"Mein Streamdeck ist dank @116316 immer noch nicht da,aber vllt habe ich gerade ""Sound Memes"" gegoogelt und schreibe schon mal Ideen auf.",1601348,@467077 Bei verzögerten Sendungen hilft dir unser Kundenservice sehr gerne: https://t.co/5RHhEVutwe ^UK,Sun Nov 05 00:29:19 +0000 2017,Sun Nov 05 05:19:27 +0000 2017
868043,"@115850 2orders nt deliverd until now in 2 weeks,show delivered
Recuring https://t.co/uc7AzW0BsZ is no more premium but pain @115851",868041,@326101 I'm sorry to know this. Did you happen to escalate this to our support team here: https://t.co/T6y6Xlutbs? ^VN,Fri Oct 13 15:07:47 +0000 2017,Fri Oct 13 15:25:49 +0000 2017
502487,"@AmazonHelp gostei da visão futurista, principalmente da tecnologia reprodutiva, lembrando q o livro foi escrito em 1932... é muito interessante...",502488,"@235045 Com certeza, Lessando! O autor do livro era um gênio, não acha? ^LG",Fri Dec 01 20:32:20 +0000 2017,Fri Dec 01 20:36:27 +0000 2017
737063,@AmazonHelp ORDER # 402-4432500-6199512 Refunded by myself by DTDC. but your employee refused to accept. Shame on you. #chorAmazon.,737066,@296300 Sorry for the hassle. I’d like to assist you. Please fill this form: https://t.co/beaaDm0muc and I’ll contact you soon. 1/2 ^NK,Wed Oct 11 12:08:15 +0000 2017,Wed Oct 11 12:18:42 +0000 2017
1373216,"@AmazonHelp my release day delivery was supposed to be here by 8pm and is even in transit, but its not here yet.",1373214,"@439607 I'm so sorry it hasn't arrived! Who's the carrier, and what's the most recent tracking scan here: https://t.co/q4LAMZ3tbE? ^JN",Sat Oct 28 00:07:24 +0000 2017,Sat Oct 28 00:25:11 +0000 2017
422236,"@115821, Really Disappointed with Amazon. 
Brought the Moto G5s Plus and phone is having problem such as Microphone not good &amp; overheating",422235,"@215577 if the order is still within the return window. In case, it is not, please get in touch with the manufacturer. [2/2] ^HA",Tue Oct 10 09:14:32 +0000 2017,Tue Oct 10 09:42:00 +0000 2017
2416390,@115850 GUYS STOP ROBBING PEOPLE STOP MAKING CUSTOMER'S FOOL &amp; BY DOING THIS IS MAKING UR BRAND DOWNSIDE NOT EXPECTED 4M U @1560,2416389,@126983 Looks like you've had an unpleasant experience. Could you please elaborate on your concern so we can help you better? ^ZH,Sun Oct 29 09:05:58 +0000 2017,Sun Oct 29 09:18:27 +0000 2017
379429,"@206025 @115821 @115850 @AmazonHelp Ha ha so much for ""we shall revert""... 36 hours gone😊.. cancelled all orders.. promise never to  patronize @115821  in future",379428,"@190495 We've sent a correspondence to your registered email address, request you to check the same. ^SH",Mon Oct 09 06:25:08 +0000 2017,Mon Oct 09 06:49:31 +0000 2017
319997,"@AmazonHelp I know it’s on the way, I’m just impatient! 😊",319999,@192274 No worries! Just excited I'd say! Hope you get it soon. ☺️ ^PK,Sat Oct 07 11:54:45 +0000 2017,Sat Oct 07 12:01:41 +0000 2017
2166546,"@115850 When my product is Out for Delivery from yesterday... What the Hell is stopping you from delivering it, even I am not receiving a proper Update from your side. What else do you expect me to do...",2166544,@635866 Orders are delivered according to their estimated delivery date. Could you please let us know if we've missed it? ^AM,Thu Nov 09 09:43:22 +0000 2017,Thu Nov 09 10:14:25 +0000 2017
2739372,"@AmazonHelp è una card verde, c'è scritto ""streaming di film e serie tv""",2739374,@235302 quella che ti è arrivata è una lettera pubblicitaria; per accedere ad Amazon Video è sufficiente che tu clicchi su https://t.co/H9c9lFzEOF e inserisca le stesse credenziali che usi per accedere al tuo account Amazon. Buona serata! ^AP,Mon Nov 20 17:25:17 +0000 2017,Mon Nov 20 19:10:00 +0000 2017
277075,@AmazonHelp It's was done long back you........,277078,@182213 Thank you for the confirmation. We'll get back to you soon. ^SU,Sat Oct 14 14:45:39 +0000 2017,Sat Oct 14 15:25:00 +0000 2017
499953,"@AmazonHelp I have an order where your portal says the package is delayed, but UPS says they have never received anything at all... so it's stuck somewhere in between. Would you be able to check on what's actually going on?",499952,"@234414 I'm so sorry for the trouble with this order, Jeff! We don't have the ability to access your Amazon account via Twitter but we'd like to have someone look into this with you. Please reach us by phone or chat here: https://t.co/hApLpMlfHN ^AG",Fri Dec 01 19:12:11 +0000 2017,Fri Dec 01 19:25:35 +0000 2017
441931,@115850 I don't mind if it's public....ppl should know about @115850 pathetic courier service. @AmazonHelp,441929,"@219794 I understand your concern Kapil, it was given for your account security purpose hope you understand. ^AH",Wed Oct 11 05:48:16 +0000 2017,Wed Oct 11 06:36:32 +0000 2017
140035,"Livros de 60 por 8 reais. Obrigado, @117086 . Te amo. :*",140034,@147593 Já fez espaço na estante Turbo🙈? ^MB,Fri Nov 24 10:58:56 +0000 2017,Fri Nov 24 11:22:00 +0000 2017
815532,@AmazonHelp Mais tem alguma chance da Alexa falar nossa Língua?  (Português Brasileiro),815533,"@314204 Atualmente essa informação não foi divulgada, qualquer atualização ou novidade será divulgada na página inicial do site 1/2",Wed Nov 08 09:33:42 +0000 2017,Wed Nov 08 09:40:00 +0000 2017
243152,@116928 que hay de cierto en que se va a subir el precio del servicio premium?,243151,"@173739 Hola, el precio de la suscripción Prime en Amazon.es es de 19,95 €/año.No hacemos comentarios sobre especulaciones. ^AZ",Thu Oct 05 14:35:58 +0000 2017,Thu Oct 05 14:41:29 +0000 2017
1182482,"@AmazonHelp @3375 They have plenty of reviews on @122986, all by other very disappointed customers. Very disappointed.",1182481,"@398077 I'm sorry your order is missing, Brandon! Please reach out to us, so we can look into your options. https://t.co/hApLpMlfHN ^NS",Tue Oct 24 21:29:59 +0000 2017,Tue Oct 24 22:35:32 +0000 2017
1791151,"@AmazonHelp こちらこそありがとうございます😄
早速イヤホン使ってますよ〜！！こういうサプライズ、日本にはなかなか浸透していない文化なので改めて凄さを実感中ですˏ₍⸜̠̇⸝̠̇₎ˎ ̀⁽⸌̠̇⸍̠̇⁾ ́ˏ₍⸜̠̇⸝̠̇₎ˎ ̀⁽⸌̠̇⸍̠̇⁾ ́",1791152,"@131959 早速お使いただいているんですね！✨
わたしたちはTwitterを通して、少しでもAmazonを好きになっていただければと日々活動しています。喜んでいただけて嬉しい限りです🎊☺報告のリプライ、ありがとうございました！MH",Sun Nov 26 07:26:19 +0000 2017,Sun Nov 26 07:33:00 +0000 2017
2130968,@115850 hello anyone there ? Need some help,2130965,"@627174 Thank you for reaching us, Rahul. How may we be of assistance.^BA",Wed Nov 08 19:39:17 +0000 2017,Wed Nov 08 19:52:00 +0000 2017
355626,@AmazonHelp Yeah that’s not recognised either?,355627,"@200431 What website were you using to place orders on? .com, .ca, .co.uk, etc? ^JZ",Sun Oct 08 15:04:20 +0000 2017,Sun Oct 08 15:23:27 +0000 2017
2878606,@AmazonHelp It's not possible via Twitter? I need to send everything once again via mail?,2878608,@798970 We have no access to your account from Twitter. Please reach our CS. ^ARC,Tue Nov 28 08:26:25 +0000 2017,Tue Nov 28 08:31:28 +0000 2017
450798,Así yo cuando @116875 me pide paciencia para mi envío. Dos semanas y no llega mi #MacBook que espere al siguiente jueves 🤬#Buenfin2017 https://t.co/YetBMF2EIJ,450796,@221883 Hola Yanelly. Lamentamos saber del inconveniente. ¿El producto fue vendido y gestionado por Amazon o vendido por un vendedor externo?  ^JJ,Thu Nov 30 21:40:31 +0000 2017,Thu Nov 30 21:43:31 +0000 2017
2847465,"@AmazonHelp Thanks but after ""Instead of me you can very well complaint of this, Sula."" I don't really think that I'm reaching out to the right people.",2847467,@791924 I understand! We would like to help! I would like someone from our Social Media team to look into this for you. You can send your information here: https://t.co/xa8Cvjsgib. ^AL,Mon Nov 27 20:23:24 +0000 2017,Mon Nov 27 20:28:32 +0000 2017
797490,@AmazonHelp Got it! Thanks for the response!,797492,@310137 Excellent news! We'll always be here for you when you need us. ^JE,Thu Oct 12 15:13:21 +0000 2017,Thu Oct 12 15:16:27 +0000 2017
227848,"@AmazonHelp No response from your side! Was promised to settle down within 3-5days, yet no response from your side. No customer satisfaction",227847,@170332 We'd like to have a look. Please reply to our email correspondence with further query on this and we'll be happy to help. ^AB,Thu Oct 05 08:12:59 +0000 2017,Thu Oct 05 08:27:29 +0000 2017
1404060,@AmazonHelp I have been filling multiple times and see no resolution. What to do now?,1404062,@446428 Kindly fill in your details here: https://t.co/beaaDm0muc. (2/2)^MN,Sat Oct 28 18:08:21 +0000 2017,Sat Oct 28 18:32:33 +0000 2017
400339,Ordered a book from Amazon arrived damaged @AmazonHelp 😭 Bought the Boots star buy on Saturday went to wrap it one item missing! @210670,400338,"@152518 Oh no, I'm sorry for the issue with your book! All available options for it can be found here: https://t.co/JYh32yBRZK ^DW",Mon Oct 09 19:13:51 +0000 2017,Mon Oct 09 19:19:00 +0000 2017
2403939,"@AmazonHelp When @15462 @93841 and many other are providing chromecast option 

Y are u not providing it ??",2403941,@691509 I understand your concern. We've shared your comments internally for review. ^PJ,Tue Nov 14 14:29:28 +0000 2017,Tue Nov 14 15:11:28 +0000 2017
439668,"@115850 how can i participate in this contest
please tell me",777574,@305632 This promotion has expired. Kindly stay tuned. ^SH,Thu Oct 12 03:29:18 +0000 2017,Thu Oct 12 03:55:00 +0000 2017
2321184,@115821 you guys need to stop using OnTrac as a shipping vendor.  My package has been out for delivery since yesterday #GPSwillgetu2myhouse,2321181,@672658 Sorry for the wait! What's the delivery date on the order: https://t.co/Y5jpI9gRhE? Are any updates available? ^EP,Thu Oct 19 23:42:09 +0000 2017,Thu Oct 19 23:45:03 +0000 2017
1059303,@AmazonHelp - my account has been charged a mystery recurring subscription fee. How do I get this explained and reversed?,1059302,@370102 I'm sorry about the unexpected charges! Give us a call here: https://t.co/hApLpMlfHN so we can check into your account. ^AH,Sat Oct 14 21:28:25 +0000 2017,Sat Oct 14 21:35:00 +0000 2017
1355355,"Gibt's die #Amazon Channels nicht in der App für PS3/PS4? So zwecks #Eurosport-Player...
Hat da jemand Erfahrung damit? #m05sge",1355354,@436047 Über beide Konsolen ist das leider nicht möglich. Alle kompatiblen Geräte findest du hier: https://t.co/D2pbk3iV5R ^BL,Fri Oct 27 19:03:13 +0000 2017,Fri Oct 27 19:08:00 +0000 2017
2943235,Ima start buying three packs of water instead of two. Be RUNNING through it. I wish i could buy a pack of aquafina in the 1 liter bottles. @115821 do you have this?,2943233,"@813118 Thanks for reaching out to us, Jessica! I didn't find a pack of 1 liter bottles but I did find a pack of 24oz bottles. Not quite a liter but would definitely quench your thirst a little longer. You can find it here: https://t.co/gsxNtb4vuQ Hope this helps! ^RB",Wed Nov 29 14:15:16 +0000 2017,Wed Nov 29 14:26:00 +0000 2017
1558741,@AmazonHelp My no. is 9158873552 please arrange a call asap,1558743,"@390535 This being a social platform, we will not be able to arrange a call from here. 1/3 ^VH",Sat Nov 04 12:54:09 +0000 2017,Sat Nov 04 13:05:30 +0000 2017
1116960,"@AmazonHelp No it says Delivery date pending 
You'll get an email as soon as we can provide you with a delivery estimate but I ordered onthe 6th",1116962,"@383564 Understood. Currently the item is out of stock. As soon as we have more information, we'll update the order. ^BH",Tue Oct 24 04:35:29 +0000 2017,Tue Oct 24 04:46:51 +0000 2017
627737,Effective packaging @115821 https://t.co/Jt10UrvjV9,627736,"@268673 We're always looking to improve! When you have the time, please provide your feedback here: https://t.co/hV6vKnO9Ip ^TK",Wed Nov 22 15:12:53 +0000 2017,Wed Nov 22 15:19:29 +0000 2017
314720,"Wow a new experience..@115850 agent showed up and the card swipe machine was not working, so had to postpone the delivery..smooth #sarcasm",314718,@191147 has been resolved in the next delivery attempt. (2/2) ^VM,Sat Oct 07 06:25:03 +0000 2017,Sat Oct 07 06:55:00 +0000 2017
738437,@AmazonHelp shared,738439,"@296613 As you've shared your details, we'll work on it and get back to you. ^HN",Wed Oct 11 12:53:13 +0000 2017,Wed Oct 11 12:59:36 +0000 2017
26967,@AmazonHelp still no response. Great going guys,26966,@121902 Could you confirm sharing your details in the link shared earlier? ^GK,Wed Nov 01 09:41:03 +0000 2017,Wed Nov 01 10:00:05 +0000 2017
1453785,"@AmazonHelp Yes it was dispatched yesterday at 10:55am to be delivered yesterday, it’s now 3pm next day. Unacceptable that I’ve wasted 2 days off work",1453787,@457380 We'd like to look into the delivery and available options here: https://t.co/JzP7hlA23B ^LI,Thu Nov 02 14:57:18 +0000 2017,Thu Nov 02 15:05:33 +0000 2017
739754,@AmazonHelp Cuándo subirán el primer capítulo de la 3era temporada de mr robot?,739753,"@296913 Hola, por el momento no tenemos informaciones, pero puedes estar pendiente de nuestro sito web para más información. ^MB",Wed Oct 11 13:13:54 +0000 2017,Wed Oct 11 13:20:27 +0000 2017
1311303,ワクワクと漫画買おうとしたらKindleくんが充電されてくれないし再起動もしてくれないしオアアアアン😭電源に繋いだらランプは点くのに電源に繋いでくれ！って表示が出続ける…電源ボタン3分ぐらい長押してもシーンってかんじ…そんな…もっと熱くなれよ…,1311302,@426422 ご不便をおかけしております。充電が足りず、再起動できるまでに至っておらず端末が起動していない可能性がございます。恐れ入りますが今しばらくケーブルをつないで充電を続け、ご様子を見ていただけませんでしょうか。予備がありましたら、ケーブル交換もお試しくださいHM,Sun Nov 05 12:16:41 +0000 2017,Sun Nov 05 12:34:27 +0000 2017
871152,@AmazonHelp Right but on the phone yesterday and during the online chat today I was tokdbit would arrive today. Everyday you kept pushing it further out,871153,@326827 I'm sorry we've let you down. It's never our intention. Please keep us posted on its arrival by 8 PM on October 21. ^JM,Fri Oct 20 23:32:39 +0000 2017,Fri Oct 20 23:37:00 +0000 2017
448677,"@120533 3e fois à la suite que je commande en ""prime"" et que j'ai 2 jours de retards sur la livraison ... Faudra peut-être revoir la mention ""livraison en 1 jour ouvré""",448676,"@221305 Bonsoir, je suis désolée d'apprendre cela. Quel est le transporteur qui prend en charge votre livraison je vous prie? ^BR",Thu Nov 30 19:56:19 +0000 2017,Thu Nov 30 20:07:32 +0000 2017
2931975,"Anyone else's echo dot started playing up and not responding to requests, even when standing right next to them? #echodot #amazonecho @AmazonHelp",2931976,"@810925 Hey Kristy, can you please follow these steps here: https://t.co/1k4f11mnaQ ^RS",Wed Nov 29 08:10:21 +0000 2017,Wed Nov 29 08:15:00 +0000 2017
2828721,@AmazonHelp I ordered a package to be delivered tomorrow but I’ve had a notification saying it’ll be a day late now,2828719,@124468 What was the original delivery estimate in your order confirmation? Can you please confirm who sold and fulfilled the item? ^BD,Mon Nov 27 12:05:18 +0000 2017,Mon Nov 27 12:12:38 +0000 2017
320612,@AmazonHelp I tried the support but it only plays IVR. My query is I have not received the book and not that I have to return it. Pls ask a human 2 call,320614,@192391 I understand your concern. Please reach us via chat/email using the link provided above. ^HD,Sat Oct 07 13:37:54 +0000 2017,Sat Oct 07 16:05:44 +0000 2017
286253,@AmazonHelp can you ask driver to deliver item today as he did not ring or knock the door,286255,"@184197 We're not able to access your account via Twitter, but we can look into re-delivery w/ you if you'll please phone us again. ^LB",Fri Oct 06 15:08:59 +0000 2017,Fri Oct 06 15:18:00 +0000 2017
919372,@AmazonHelp I do not want anything to do with Amazon Prime. Please extract me from the trial - I got into it by accident.,919371,"@338248 However, if you would still like to cancel the trial, you can phone us here: https://t.co/JzP7hlA23B for assistance. ^LB",Sat Oct 21 10:53:29 +0000 2017,Sat Oct 21 10:58:30 +0000 2017
343730,"@AmazonHelp @197806 Uma dica é escolher um livro para cada lugar. Tipo, o que vc vai ler em casa e outro para ler no onibus.",343729,"@197805 Rayssa, amei demais essa dica, vou tentar! ❤ ^DA",Tue Nov 07 15:22:49 +0000 2017,Tue Nov 07 15:56:33 +0000 2017
879218,@117093 ordered this pie for an event last weekend. Pie was stacked on top of ice packs on top of another item; ended up on side in bag https://t.co/DVkUxJFOtP,879217,@328198 I am so sorry the pie arrived in this condition! We want to help you so please reach us here: https://t.co/hApLpMlfHN ^DD,Fri Oct 13 16:20:19 +0000 2017,Fri Oct 13 16:36:28 +0000 2017
2449399,amazon交換してもらった品が届いた。今度は綺麗～o(^o^)oありがとう！！,2449398,@702031 Amazonです。交換品に問題がなかったとのことで安心いたしました。今後ともどうぞよろしくお願いいたします！SK,Wed Nov 15 02:46:53 +0000 2017,Wed Nov 15 02:54:00 +0000 2017
559880,"@AmazonHelp Oh, it seems you've lost interest, already. Can't say I'm surprised.",561630,"@249652 I'm sorry for the late response. Was the order shipped by Amazon, or a third-party seller? That information can be found here: https://t.co/q4LAMZ3tbE ^GG",Sat Dec 02 22:48:42 +0000 2017,Sat Dec 02 22:59:31 +0000 2017
703825,@120533 Hello ! Pas de #mCable Gaming Edition prévu un jour ? C'est un must have pour tous les joueurs TV de la #NintendoSwitch 🤪 https://t.co/pnwCrbaJN9,703824,"@288167 Hello :) Votre remarque est bien prise en compte et sera, sans faute, transmise au service en charge. 
^SA",Thu Nov 23 18:06:20 +0000 2017,Thu Nov 23 18:16:24 +0000 2017
416683,@AmazonHelp fixed. thanks! :),416685,"@214408 You're very welcome, Karel! Reach out anytime, we love to help! 😁 ^SA",Tue Oct 10 15:13:55 +0000 2017,Tue Oct 10 15:29:00 +0000 2017
2281396,"And now, after paying to send the faulty item to London recorded delivery, @115830 have made a U turn and said I am not covered for a refund. You couldn't make this up!",2281395,@663160 I'm sorry for the ongoing troubles! Will you please clarify if you've filed an A-to-z Guarantee Claim: I'm sorry for the ongoing troubles! Have you filed an A-to-z Guarantee claim: https://t.co/yzl8KcGq0a? Please let us know! ^AB,Sun Nov 26 15:48:58 +0000 2017,Sun Nov 26 15:53:01 +0000 2017
301058,@AmazonHelp That takes me to the .com site. I think I need to go to .ca? My password isn’t working there.,301059,@187800 That link will send your info to our Social Media team. Your password on the U.S. and Canadian sites will be the same. ^GR,Fri Oct 06 21:32:02 +0000 2017,Fri Oct 06 21:35:55 +0000 2017
285160,Really impressed by @115821’s customer service. They have my back more than some of my homies 👀,285159,"@183936 We will always have your back, Michael! ❤️  ^SD",Fri Oct 06 13:48:08 +0000 2017,Fri Oct 06 14:02:24 +0000 2017
54370,@AmazonHelp If I don’t get it today can I get a refund on my one day shipping,54371,@128306 We do not have account access here on Twitter. You can reach out here: https://t.co/hApLpMlfHN ^TR,Wed Nov 01 19:22:54 +0000 2017,Wed Nov 01 19:29:00 +0000 2017
2402307,@AmazonHelp Non y a rien de cassé heureusement,2402309,"@691147 D'accord, j'ai remonté votre commentaire à notre service, merci de nous tenir informé de toute situation qui nous permettra de continuer à bien vous servir.
^YL",Tue Nov 14 14:11:01 +0000 2017,Tue Nov 14 14:19:41 +0000 2017
2769727,"When there is a choice of three, why does @115850 ask specifically for #Aadhar to trace shipments? https://t.co/z3d9CruxFq",2769725,"@467905 I understand your concern. Kindly share your details here: https://t.co/GIJyeYqKE0
and we'll assist you accordingly. ^GD",Tue Nov 21 11:41:48 +0000 2017,Tue Nov 21 12:50:31 +0000 2017
2893105,@AmazonHelp Just found an email saying that an attempt has been made to deliver a parcel. I’ve been in all day. No one has been to the door. #useless,2893104,@248985 Oh no! Please reach out to us here: https://t.co/JzP7hlA23B and we'll investigate further! ^JO,Tue Nov 28 15:21:26 +0000 2017,Tue Nov 28 15:29:33 +0000 2017
764765,@AmazonHelp it was Amazong Prime biught Sat. Del Sun. Never arrived but says delivered in mail slot in orders :(,764763,@302784 Oh no! Have you checked on available refund/replacement options in your orders here:https://t.co/aaDyEz1VgE? ^SA,Wed Oct 11 21:46:42 +0000 2017,Wed Oct 11 21:58:00 +0000 2017
2471648,@AmazonHelp There is no option on the order details to query why they haven't arrived and nothing said it would be a multipart order. It lists all as delivered which is not true.,2471647,"@706874 I'm so sorry your items are marked delivered but haven't been received! Can you tell us who dispatched this parcel? You can find it from the ""Your Orders"" page here: https://t.co/aaDyEz1VgE ^MJ",Wed Nov 15 11:34:41 +0000 2017,Wed Nov 15 11:44:29 +0000 2017
1727940,I've been charged around Rs. 6k for an Amazon Prime Membership. Please help. @115850,1727939,@522522 I understand your concern regarding the charge for prime membership. Could you please confirm if it was charged in dollars?^VH,Tue Nov 07 10:08:00 +0000 2017,Tue Nov 07 10:32:31 +0000 2017
679901,I am going to start charging @115830 for the time I spend on their chat system sorting out the cock-ups made by #amazonlogistics. #cxfail,679896,"@280286 I am sorry to hear about this, Bill. Without providing us any personal information would you be able to elaborate a bit further?^SM",Thu Nov 23 08:00:13 +0000 2017,Thu Nov 23 08:03:26 +0000 2017
312156,#KaroMilkeLateDelivery is the mantra of @115850 can say it with experience. They don't delivery at commmitted time &amp; give excuses https://t.co/6I4kO0jtRL,312155,"@183457 shared here: https://t.co/NTkrxpsbHJ and reply to the email correspondence, we'll reach out. (2/2) ^KA",Sat Oct 07 03:08:45 +0000 2017,Sat Oct 07 03:47:30 +0000 2017
272479,ついにAmazonプライムの無料体験申し込んでもうた．．．解約忘れないようにしなきゃな。てかほんとに明日届くのかなー。,272478,"@181037 アマゾンです。有料会員への移行をご希望でない場合はアカウントサービスより自動更新の設定をご鉛鉱ください。https://t.co/vztC0Nc80h
なお、無料体験中も全ての特典がご利用いただけますので、ぜひ、色々とお楽しみくださいね！ET",Fri Oct 06 03:24:36 +0000 2017,Fri Oct 06 03:29:30 +0000 2017
2184600,"@AmazonHelp Will do, thanks for the help",2184599,@156236 No problem! Let us know if you need help with anything else! ^LS,Thu Nov 09 18:00:42 +0000 2017,Thu Nov 09 18:04:28 +0000 2017
902431,@AmazonHelp Thanks for accepting the feedback!,902433,@334239 You're welcome. :) ^NK,Sat Oct 14 15:07:14 +0000 2017,Sat Oct 14 15:34:00 +0000 2017
2438184,"@AmazonHelp You miss the delivery date on pretty much every single thing I order. I order A LOT too. It's frustrating, that &amp; marketplace scammers.",2438187,@235039 We'd like to see how we can help you! Please reach out to us by phone or chat here: https://t.co/Q7Ftz6nj80 ^DD,Sun Oct 29 16:17:09 +0000 2017,Sun Oct 29 16:26:00 +0000 2017
2033000,"Amazonでなにも注文した記憶がないのにヤマトからのメールで依頼人Amazonでお荷物お届けのメールきた。なんだろ🤔？？私ボケたんか？？？
(ちなみにちゃんとヤマトからのメール)",2032999,@601150 お心当たりのないお荷物が届いた場合、他のお客様が贈り物として注文された可能性もございます。お問い合わせ伝票番号などの情報をもとにお調べのうえ、適宜対応させていただきます。よろしければこちらよりカスタマーサービスにお問い合わせください。https://t.co/9t4lZGYfMy RI,Sun Nov 26 11:23:27 +0000 2017,Sun Nov 26 11:27:24 +0000 2017
717639,@115830 #canary have completely changed their product that I purchased. Its no longer the device that was advertised. Can I get a refund?,717637,@291836 I'm sorry to hear this! You can look into available options here: https://t.co/2XJDvk5g6R I hope this helps! ^KJ,Wed Oct 11 00:49:07 +0000 2017,Wed Oct 11 00:53:28 +0000 2017
240134,@AmazonHelp Any update on this?,240135,@173036 You should have received an email. Please check and revert. ^HN,Sat Oct 07 12:43:44 +0000 2017,Sat Oct 07 13:34:00 +0000 2017
1357208,@AmazonHelp I didn't feel like wasting more time over one rotten veggie. Laziness is why I used the service anyway. Lesson learned. Store trips for me.,1357209,@436428 We understand your frustration; if you'd like us to look into options we're available here: https://t.co/mDBpZohi8o ^LJ,Sat Oct 28 01:25:47 +0000 2017,Sat Oct 28 02:08:26 +0000 2017
564895,amazon購入。使用感ですが左のミニミニコンクールジェルつきのタフトブラシはミディアムとかかれてましたが細くて尖っていてとても使いやすいです😉今まで歯医者で購入したものを使ってたけど今回のほうが細くて良いのでリピしよう💚 https://t.co/WuTGEoHvbW,564893,@252343 |ω・).｡oO( ご利用ありがとうございます） SK,Sun Dec 03 00:22:38 +0000 2017,Sun Dec 03 00:38:30 +0000 2017
2398877,@115850 @115821 @139570 @132994 Reply awaiting,2548609,"@577875 As you have shared your details, you should have received an email from our team. Please check and reply to the email. ^RI",Mon Oct 30 13:28:57 +0000 2017,Mon Oct 30 13:55:00 +0000 2017
512409,コンビニに配送のサービスアマゾンになかったっけ,512408,"@237840 失礼いたします、Amazonです。
Amazonが発送する店頭受取対象の商品では、コンビニでのお受け取りが可能です。
詳しくはこちら＞https://t.co/at8Q9bVtaH　MH",Fri Dec 01 22:12:56 +0000 2017,Fri Dec 01 23:32:47 +0000 2017
416416,So @115821 customer service is now on my shit list! Unbelievable! An empty box and refuse to refund....,416415,@214324 I'm sorry for the poor experience. What information or options were we able to provide when you contacted us about this? ^CL,Tue Oct 10 02:30:05 +0000 2017,Tue Oct 10 02:51:00 +0000 2017
